14-Dec-2024 07:12:00.840 INFORMACIÓN [Thread-22] org.apache.coyote.AbstractProtocol.pause Pausing ProtocolHandler ["http-nio-8081"]
14-Dec-2024 07:12:00.842 INFORMACIÓN [Thread-22] org.apache.catalina.core.StandardService.stopInternal Parando servicio [Catalina]
14-Dec-2024 10:35:51.206 INFORMACIÓN [main] org.apache.catalina.startup.VersionLoggerListener.log Nombre de la versión del servidor: Apache Tomcat/9.0.97
14-Dec-2024 10:35:51.218 INFORMACIÓN [main] org.apache.catalina.startup.VersionLoggerListener.log Server built:                      Nov 6 2024 19:55:19 UTC
14-Dec-2024 10:35:51.219 INFORMACIÓN [main] org.apache.catalina.startup.VersionLoggerListener.log Número de versión de servidor:     9.0.97.0
14-Dec-2024 10:35:51.219 INFORMACIÓN [main] org.apache.catalina.startup.VersionLoggerListener.log OS Name:                           Mac OS X
14-Dec-2024 10:35:51.219 INFORMACIÓN [main] org.apache.catalina.startup.VersionLoggerListener.log Versión de Systema Operativo:      13.6.4
14-Dec-2024 10:35:51.219 INFORMACIÓN [main] org.apache.catalina.startup.VersionLoggerListener.log Arquitectura:                      x86_64
14-Dec-2024 10:35:51.220 INFORMACIÓN [main] org.apache.catalina.startup.VersionLoggerListener.log Java Home:                         /Users/mariapaz/.sdkman/candidates/java/17.0.8.1-tem
14-Dec-2024 10:35:51.220 INFORMACIÓN [main] org.apache.catalina.startup.VersionLoggerListener.log JVM Version:                       17.0.8.1+1
14-Dec-2024 10:35:51.220 INFORMACIÓN [main] org.apache.catalina.startup.VersionLoggerListener.log Vededor JVM:                       Eclipse Adoptium
14-Dec-2024 10:35:51.220 INFORMACIÓN [main] org.apache.catalina.startup.VersionLoggerListener.log CATALINA_BASE:                     /Users/mariapaz/GeneradorFacturasMasivas/apache-tomcat-9.0.97
14-Dec-2024 10:35:51.220 INFORMACIÓN [main] org.apache.catalina.startup.VersionLoggerListener.log CATALINA_HOME:                     /Users/mariapaz/GeneradorFacturasMasivas/apache-tomcat-9.0.97
14-Dec-2024 10:35:51.488 INFORMACIÓN [main] org.apache.catalina.startup.VersionLoggerListener.log Command line argument:             --add-opens=java.base/java.lang=ALL-UNNAMED
14-Dec-2024 10:35:51.489 INFORMACIÓN [main] org.apache.catalina.startup.VersionLoggerListener.log Command line argument:             --add-opens=java.base/java.io=ALL-UNNAMED
14-Dec-2024 10:35:51.489 INFORMACIÓN [main] org.apache.catalina.startup.VersionLoggerListener.log Command line argument:             --add-opens=java.base/java.util=ALL-UNNAMED
14-Dec-2024 10:35:51.490 INFORMACIÓN [main] org.apache.catalina.startup.VersionLoggerListener.log Command line argument:             --add-opens=java.base/java.util.concurrent=ALL-UNNAMED
14-Dec-2024 10:35:51.490 INFORMACIÓN [main] org.apache.catalina.startup.VersionLoggerListener.log Command line argument:             --add-opens=java.rmi/sun.rmi.transport=ALL-UNNAMED
14-Dec-2024 10:35:51.490 INFORMACIÓN [main] org.apache.catalina.startup.VersionLoggerListener.log Command line argument:             -Djava.util.logging.config.file=/Users/mariapaz/GeneradorFacturasMasivas/apache-tomcat-9.0.97/conf/logging.properties
14-Dec-2024 10:35:51.490 INFORMACIÓN [main] org.apache.catalina.startup.VersionLoggerListener.log Command line argument:             -Djava.util.logging.manager=org.apache.juli.ClassLoaderLogManager
14-Dec-2024 10:35:51.490 INFORMACIÓN [main] org.apache.catalina.startup.VersionLoggerListener.log Command line argument:             -Djava.security.egd=file:/dev/urandom
14-Dec-2024 10:35:51.492 INFORMACIÓN [main] org.apache.catalina.startup.VersionLoggerListener.log Command line argument:             -Djdk.tls.ephemeralDHKeySize=2048
14-Dec-2024 10:35:51.492 INFORMACIÓN [main] org.apache.catalina.startup.VersionLoggerListener.log Command line argument:             -Djava.protocol.handler.pkgs=org.apache.catalina.webresources
14-Dec-2024 10:35:51.492 INFORMACIÓN [main] org.apache.catalina.startup.VersionLoggerListener.log Command line argument:             -Dorg.apache.catalina.security.SecurityListener.UMASK=0027
14-Dec-2024 10:35:51.495 INFORMACIÓN [main] org.apache.catalina.startup.VersionLoggerListener.log Command line argument:             -Drs.configdir=/Users/mariapaz/GeneradorFacturasMasivas/apache-tomcat-9.0.97/webapps/reportserver/WEB-INF
14-Dec-2024 10:35:51.495 INFORMACIÓN [main] org.apache.catalina.startup.VersionLoggerListener.log Command line argument:             -Xmx4096M
14-Dec-2024 10:35:51.495 INFORMACIÓN [main] org.apache.catalina.startup.VersionLoggerListener.log Command line argument:             -Dfile.encoding=UTF8
14-Dec-2024 10:35:51.496 INFORMACIÓN [main] org.apache.catalina.startup.VersionLoggerListener.log Command line argument:             --add-opens=java.base/java.net=ALL-UNNAMED
14-Dec-2024 10:35:51.503 INFORMACIÓN [main] org.apache.catalina.startup.VersionLoggerListener.log Command line argument:             --add-opens=java.base/jdk.internal.ref=ALL-UNNAMED
14-Dec-2024 10:35:51.503 INFORMACIÓN [main] org.apache.catalina.startup.VersionLoggerListener.log Command line argument:             --add-opens=java.base/jdk.internal.reflect=ALL-UNNAMED
14-Dec-2024 10:35:51.503 INFORMACIÓN [main] org.apache.catalina.startup.VersionLoggerListener.log Command line argument:             --add-opens=java.base/java.lang.invoke=ALL-UNNAMED
14-Dec-2024 10:35:51.504 INFORMACIÓN [main] org.apache.catalina.startup.VersionLoggerListener.log Command line argument:             --add-opens=java.base/java.util=ALL-UNNAMED
14-Dec-2024 10:35:51.504 INFORMACIÓN [main] org.apache.catalina.startup.VersionLoggerListener.log Command line argument:             --add-opens=java.base/java.lang.ref=ALL-UNNAMED
14-Dec-2024 10:35:51.505 INFORMACIÓN [main] org.apache.catalina.startup.VersionLoggerListener.log Command line argument:             --add-opens=java.base/java.lang.reflect=ALL-UNNAMED
14-Dec-2024 10:35:51.505 INFORMACIÓN [main] org.apache.catalina.startup.VersionLoggerListener.log Command line argument:             --add-opens=java.base/sun.reflect.generics.repository=ALL-UNNAMED
14-Dec-2024 10:35:51.505 INFORMACIÓN [main] org.apache.catalina.startup.VersionLoggerListener.log Command line argument:             -Dignore.endorsed.dirs=
14-Dec-2024 10:35:51.505 INFORMACIÓN [main] org.apache.catalina.startup.VersionLoggerListener.log Command line argument:             -Dcatalina.base=/Users/mariapaz/GeneradorFacturasMasivas/apache-tomcat-9.0.97
14-Dec-2024 10:35:51.505 INFORMACIÓN [main] org.apache.catalina.startup.VersionLoggerListener.log Command line argument:             -Dcatalina.home=/Users/mariapaz/GeneradorFacturasMasivas/apache-tomcat-9.0.97
14-Dec-2024 10:35:51.506 INFORMACIÓN [main] org.apache.catalina.startup.VersionLoggerListener.log Command line argument:             -Djava.io.tmpdir=/Users/mariapaz/GeneradorFacturasMasivas/apache-tomcat-9.0.97/temp
14-Dec-2024 10:35:51.590 INFORMACIÓN [main] org.apache.catalina.core.AprLifecycleListener.lifecycleEvent La biblioteca nativa de Apache Tomcat basada en ARP que permite un rendimiento óptimo en entornos de desarrollo no ha sido hallada en java.library.path: [/Users/mariapaz/Library/Java/Extensions:/Library/Java/Extensions:/Network/Library/Java/Extensions:/System/Library/Java/Extensions:/usr/lib/java:.]
14-Dec-2024 10:35:56.358 INFORMACIÓN [main] org.apache.coyote.AbstractProtocol.init Inicializando el manejador de protocolo ["http-nio-8081"]

14-Dec-2024 10:35:56.443 INFORMACIÓN [main] org.apache.catalina.startup.Catalina.load Server initialization in [7866] milliseconds
14-Dec-2024 10:35:56.812 INFORMACIÓN [main] org.apache.catalina.core.StandardService.startInternal Arrancando servicio [Catalina]
14-Dec-2024 10:35:56.812 INFORMACIÓN [main] org.apache.catalina.core.StandardEngine.startInternal Starting Servlet engine: [Apache Tomcat/9.0.97]
14-Dec-2024 10:37:22.994 INFORMACIÓN [main] org.apache.jasper.servlet.TldScanner.scanJars Al menos un JAR, que se ha explorado buscando TLDs, aún no contenía TLDs. Activar historial de depuración para este historiador para una completa lista de los JARs que fueron explorados y de los que nos se halló TLDs. Saltarse JARs no necesarios durante la exploración puede dar lugar a una mejora de tiempo significativa en el arranque y compilación de JSP .
14-Dec-2024 10:37:38.795 INFORMACIÓN [main] org.apache.catalina.startup.HostConfig.deployDirectory Desplegando el directorio [/Users/mariapaz/GeneradorFacturasMasivas/apache-tomcat-9.0.97/webapps/docs] de la aplicación web
14-Dec-2024 10:37:41.844 INFORMACIÓN [main] org.apache.jasper.servlet.TldScanner.scanJars Al menos un JAR, que se ha explorado buscando TLDs, aún no contenía TLDs. Activar historial de depuración para este historiador para una completa lista de los JARs que fueron explorados y de los que nos se halló TLDs. Saltarse JARs no necesarios durante la exploración puede dar lugar a una mejora de tiempo significativa en el arranque y compilación de JSP .
14-Dec-2024 10:37:41.856 INFORMACIÓN [main] org.apache.catalina.startup.HostConfig.deployDirectory Deployment of web application directory [/Users/mariapaz/GeneradorFacturasMasivas/apache-tomcat-9.0.97/webapps/docs] has finished in [3.055] ms
14-Dec-2024 10:37:41.856 INFORMACIÓN [main] org.apache.catalina.startup.HostConfig.deployDirectory Desplegando el directorio [/Users/mariapaz/GeneradorFacturasMasivas/apache-tomcat-9.0.97/webapps/manager] de la aplicación web
14-Dec-2024 10:37:44.388 INFORMACIÓN [main] org.apache.jasper.servlet.TldScanner.scanJars Al menos un JAR, que se ha explorado buscando TLDs, aún no contenía TLDs. Activar historial de depuración para este historiador para una completa lista de los JARs que fueron explorados y de los que nos se halló TLDs. Saltarse JARs no necesarios durante la exploración puede dar lugar a una mejora de tiempo significativa en el arranque y compilación de JSP .
14-Dec-2024 10:37:44.650 INFORMACIÓN [main] org.apache.catalina.startup.HostConfig.deployDirectory Deployment of web application directory [/Users/mariapaz/GeneradorFacturasMasivas/apache-tomcat-9.0.97/webapps/manager] has finished in [2.794] ms
14-Dec-2024 10:37:44.651 INFORMACIÓN [main] org.apache.catalina.startup.HostConfig.deployDirectory Desplegando el directorio [/Users/mariapaz/GeneradorFacturasMasivas/apache-tomcat-9.0.97/webapps/examples] de la aplicación web
14-Dec-2024 10:37:49.343 INFORMACIÓN [main] org.apache.jasper.servlet.TldScanner.scanJars Al menos un JAR, que se ha explorado buscando TLDs, aún no contenía TLDs. Activar historial de depuración para este historiador para una completa lista de los JARs que fueron explorados y de los que nos se halló TLDs. Saltarse JARs no necesarios durante la exploración puede dar lugar a una mejora de tiempo significativa en el arranque y compilación de JSP .
14-Dec-2024 10:37:49.487 INFORMACIÓN [main] org.apache.catalina.startup.HostConfig.deployDirectory Deployment of web application directory [/Users/mariapaz/GeneradorFacturasMasivas/apache-tomcat-9.0.97/webapps/examples] has finished in [4.836] ms
14-Dec-2024 10:37:49.487 INFORMACIÓN [main] org.apache.catalina.startup.HostConfig.deployDirectory Desplegando el directorio [/Users/mariapaz/GeneradorFacturasMasivas/apache-tomcat-9.0.97/webapps/ROOT] de la aplicación web
14-Dec-2024 10:37:51.925 INFORMACIÓN [main] org.apache.jasper.servlet.TldScanner.scanJars Al menos un JAR, que se ha explorado buscando TLDs, aún no contenía TLDs. Activar historial de depuración para este historiador para una completa lista de los JARs que fueron explorados y de los que nos se halló TLDs. Saltarse JARs no necesarios durante la exploración puede dar lugar a una mejora de tiempo significativa en el arranque y compilación de JSP .
14-Dec-2024 10:37:51.962 INFORMACIÓN [main] org.apache.catalina.startup.HostConfig.deployDirectory Deployment of web application directory [/Users/mariapaz/GeneradorFacturasMasivas/apache-tomcat-9.0.97/webapps/ROOT] has finished in [2.474] ms
14-Dec-2024 10:37:51.964 INFORMACIÓN [main] org.apache.catalina.startup.HostConfig.deployDirectory Desplegando el directorio [/Users/mariapaz/GeneradorFacturasMasivas/apache-tomcat-9.0.97/webapps/host-manager] de la aplicación web
14-Dec-2024 10:37:53.896 INFORMACIÓN [main] org.apache.jasper.servlet.TldScanner.scanJars Al menos un JAR, que se ha explorado buscando TLDs, aún no contenía TLDs. Activar historial de depuración para este historiador para una completa lista de los JARs que fueron explorados y de los que nos se halló TLDs. Saltarse JARs no necesarios durante la exploración puede dar lugar a una mejora de tiempo significativa en el arranque y compilación de JSP .
14-Dec-2024 10:37:53.901 INFORMACIÓN [main] org.apache.catalina.startup.HostConfig.deployDirectory Deployment of web application directory [/Users/mariapaz/GeneradorFacturasMasivas/apache-tomcat-9.0.97/webapps/host-manager] has finished in [1.937] ms
14-Dec-2024 10:37:53.914 INFORMACIÓN [main] org.apache.coyote.AbstractProtocol.start Starting ProtocolHandler ["http-nio-8081"]
14-Dec-2024 10:37:53.940 INFORMACIÓN [main] org.apache.catalina.startup.Catalina.start Server startup in [117499] milliseconds
14-Dec-2024 10:45:17.635 INFORMACIÓN [main] org.apache.catalina.core.StandardServer.await Se ha recibido un comando de apagado a través del puerto de apagado. Parando la instancia del Servidor.
14-Dec-2024 10:45:17.642 INFORMACIÓN [main] org.apache.coyote.AbstractProtocol.pause Pausing ProtocolHandler ["http-nio-8081"]
14-Dec-2024 10:45:17.648 INFORMACIÓN [main] org.apache.catalina.core.StandardService.stopInternal Parando servicio [Catalina]
14-Dec-2024 10:45:19.654 INFORMACIÓN [main] org.apache.catalina.startup.VersionLoggerListener.log Nombre de la versión del servidor: Apache Tomcat/9.0.97
14-Dec-2024 10:45:19.661 INFORMACIÓN [main] org.apache.catalina.startup.VersionLoggerListener.log Server built:                      Nov 6 2024 19:55:19 UTC
14-Dec-2024 10:45:19.662 INFORMACIÓN [main] org.apache.catalina.startup.VersionLoggerListener.log Número de versión de servidor:     9.0.97.0
14-Dec-2024 10:45:19.662 INFORMACIÓN [main] org.apache.catalina.startup.VersionLoggerListener.log OS Name:                           Mac OS X
14-Dec-2024 10:45:19.662 INFORMACIÓN [main] org.apache.catalina.startup.VersionLoggerListener.log Versión de Systema Operativo:      13.6.4
14-Dec-2024 10:45:19.662 INFORMACIÓN [main] org.apache.catalina.startup.VersionLoggerListener.log Arquitectura:                      x86_64
14-Dec-2024 10:45:19.663 INFORMACIÓN [main] org.apache.catalina.startup.VersionLoggerListener.log Java Home:                         /Users/mariapaz/.sdkman/candidates/java/17.0.8.1-tem
14-Dec-2024 10:45:19.663 INFORMACIÓN [main] org.apache.catalina.startup.VersionLoggerListener.log JVM Version:                       17.0.8.1+1
14-Dec-2024 10:45:19.663 INFORMACIÓN [main] org.apache.catalina.startup.VersionLoggerListener.log Vededor JVM:                       Eclipse Adoptium
14-Dec-2024 10:45:19.663 INFORMACIÓN [main] org.apache.catalina.startup.VersionLoggerListener.log CATALINA_BASE:                     /Users/mariapaz/GeneradorFacturasMasivas/apache-tomcat-9.0.97
14-Dec-2024 10:45:19.664 INFORMACIÓN [main] org.apache.catalina.startup.VersionLoggerListener.log CATALINA_HOME:                     /Users/mariapaz/GeneradorFacturasMasivas/apache-tomcat-9.0.97
14-Dec-2024 10:45:19.690 INFORMACIÓN [main] org.apache.catalina.startup.VersionLoggerListener.log Command line argument:             --add-opens=java.base/java.lang=ALL-UNNAMED
14-Dec-2024 10:45:19.690 INFORMACIÓN [main] org.apache.catalina.startup.VersionLoggerListener.log Command line argument:             --add-opens=java.base/java.io=ALL-UNNAMED
14-Dec-2024 10:45:19.691 INFORMACIÓN [main] org.apache.catalina.startup.VersionLoggerListener.log Command line argument:             --add-opens=java.base/java.util=ALL-UNNAMED
14-Dec-2024 10:45:19.691 INFORMACIÓN [main] org.apache.catalina.startup.VersionLoggerListener.log Command line argument:             --add-opens=java.base/java.util.concurrent=ALL-UNNAMED
14-Dec-2024 10:45:19.691 INFORMACIÓN [main] org.apache.catalina.startup.VersionLoggerListener.log Command line argument:             --add-opens=java.rmi/sun.rmi.transport=ALL-UNNAMED
14-Dec-2024 10:45:19.692 INFORMACIÓN [main] org.apache.catalina.startup.VersionLoggerListener.log Command line argument:             -Djava.util.logging.config.file=/Users/mariapaz/GeneradorFacturasMasivas/apache-tomcat-9.0.97/conf/logging.properties
14-Dec-2024 10:45:19.692 INFORMACIÓN [main] org.apache.catalina.startup.VersionLoggerListener.log Command line argument:             -Djava.util.logging.manager=org.apache.juli.ClassLoaderLogManager
14-Dec-2024 10:45:19.692 INFORMACIÓN [main] org.apache.catalina.startup.VersionLoggerListener.log Command line argument:             -Djava.security.egd=file:/dev/urandom
14-Dec-2024 10:45:19.693 INFORMACIÓN [main] org.apache.catalina.startup.VersionLoggerListener.log Command line argument:             -Djdk.tls.ephemeralDHKeySize=2048
14-Dec-2024 10:45:19.693 INFORMACIÓN [main] org.apache.catalina.startup.VersionLoggerListener.log Command line argument:             -Djava.protocol.handler.pkgs=org.apache.catalina.webresources
14-Dec-2024 10:45:19.694 INFORMACIÓN [main] org.apache.catalina.startup.VersionLoggerListener.log Command line argument:             -Dorg.apache.catalina.security.SecurityListener.UMASK=0027
14-Dec-2024 10:45:19.694 INFORMACIÓN [main] org.apache.catalina.startup.VersionLoggerListener.log Command line argument:             -Drs.configdir=/Users/mariapaz/GeneradorFacturasMasivas/apache-tomcat-9.0.97/webapps/reportserver/WEB-INF
14-Dec-2024 10:45:19.695 INFORMACIÓN [main] org.apache.catalina.startup.VersionLoggerListener.log Command line argument:             -Xmx4096M
14-Dec-2024 10:45:19.695 INFORMACIÓN [main] org.apache.catalina.startup.VersionLoggerListener.log Command line argument:             -Dfile.encoding=UTF8
14-Dec-2024 10:45:19.695 INFORMACIÓN [main] org.apache.catalina.startup.VersionLoggerListener.log Command line argument:             --add-opens=java.base/java.net=ALL-UNNAMED
14-Dec-2024 10:45:19.695 INFORMACIÓN [main] org.apache.catalina.startup.VersionLoggerListener.log Command line argument:             --add-opens=java.base/jdk.internal.ref=ALL-UNNAMED
14-Dec-2024 10:45:19.695 INFORMACIÓN [main] org.apache.catalina.startup.VersionLoggerListener.log Command line argument:             --add-opens=java.base/jdk.internal.reflect=ALL-UNNAMED
14-Dec-2024 10:45:19.696 INFORMACIÓN [main] org.apache.catalina.startup.VersionLoggerListener.log Command line argument:             --add-opens=java.base/java.lang.invoke=ALL-UNNAMED
14-Dec-2024 10:45:19.696 INFORMACIÓN [main] org.apache.catalina.startup.VersionLoggerListener.log Command line argument:             --add-opens=java.base/java.util=ALL-UNNAMED
14-Dec-2024 10:45:19.696 INFORMACIÓN [main] org.apache.catalina.startup.VersionLoggerListener.log Command line argument:             --add-opens=java.base/java.lang.ref=ALL-UNNAMED
14-Dec-2024 10:45:19.696 INFORMACIÓN [main] org.apache.catalina.startup.VersionLoggerListener.log Command line argument:             --add-opens=java.base/java.lang.reflect=ALL-UNNAMED
14-Dec-2024 10:45:19.696 INFORMACIÓN [main] org.apache.catalina.startup.VersionLoggerListener.log Command line argument:             --add-opens=java.base/sun.reflect.generics.repository=ALL-UNNAMED
14-Dec-2024 10:45:19.697 INFORMACIÓN [main] org.apache.catalina.startup.VersionLoggerListener.log Command line argument:             -Dignore.endorsed.dirs=
14-Dec-2024 10:45:19.697 INFORMACIÓN [main] org.apache.catalina.startup.VersionLoggerListener.log Command line argument:             -Dcatalina.base=/Users/mariapaz/GeneradorFacturasMasivas/apache-tomcat-9.0.97
14-Dec-2024 10:45:19.697 INFORMACIÓN [main] org.apache.catalina.startup.VersionLoggerListener.log Command line argument:             -Dcatalina.home=/Users/mariapaz/GeneradorFacturasMasivas/apache-tomcat-9.0.97
14-Dec-2024 10:45:19.697 INFORMACIÓN [main] org.apache.catalina.startup.VersionLoggerListener.log Command line argument:             -Djava.io.tmpdir=/Users/mariapaz/GeneradorFacturasMasivas/apache-tomcat-9.0.97/temp
14-Dec-2024 10:45:19.731 INFORMACIÓN [main] org.apache.catalina.core.AprLifecycleListener.lifecycleEvent La biblioteca nativa de Apache Tomcat basada en ARP que permite un rendimiento óptimo en entornos de desarrollo no ha sido hallada en java.library.path: [/Users/mariapaz/Library/Java/Extensions:/Library/Java/Extensions:/Network/Library/Java/Extensions:/System/Library/Java/Extensions:/usr/lib/java:.]
14-Dec-2024 10:45:21.681 INFORMACIÓN [main] org.apache.coyote.AbstractProtocol.init Inicializando el manejador de protocolo ["http-nio-8081"]

14-Dec-2024 10:45:21.744 GRAVE [main] org.apache.catalina.util.LifecycleBase.handleSubClassException Fallo al iniciar el componente [Connector["http-nio-8081"]]
	org.apache.catalina.LifecycleException: Falló la inicialización del manejador de protocolo
		at org.apache.catalina.connector.Connector.initInternal(Connector.java:1027)
		at org.apache.catalina.util.LifecycleBase.init(LifecycleBase.java:122)
		at org.apache.catalina.core.StandardService.initInternal(StandardService.java:525)
		at org.apache.catalina.util.LifecycleBase.init(LifecycleBase.java:122)
		at org.apache.catalina.core.StandardServer.initInternal(StandardServer.java:986)
		at org.apache.catalina.util.LifecycleBase.init(LifecycleBase.java:122)
		at org.apache.catalina.startup.Catalina.load(Catalina.java:686)
		at org.apache.catalina.startup.Catalina.load(Catalina.java:709)
		at java.base/jdk.internal.reflect.NativeMethodAccessorImpl.invoke0(Native Method)
		at java.base/jdk.internal.reflect.NativeMethodAccessorImpl.invoke(NativeMethodAccessorImpl.java:77)
		at java.base/jdk.internal.reflect.DelegatingMethodAccessorImpl.invoke(DelegatingMethodAccessorImpl.java:43)
		at java.base/java.lang.reflect.Method.invoke(Method.java:568)
		at org.apache.catalina.startup.Bootstrap.load(Bootstrap.java:302)
		at org.apache.catalina.startup.Bootstrap.main(Bootstrap.java:472)
	Caused by: java.net.BindException: Address already in use
		at java.base/sun.nio.ch.Net.bind0(Native Method)
		at java.base/sun.nio.ch.Net.bind(Net.java:555)
		at java.base/sun.nio.ch.ServerSocketChannelImpl.netBind(ServerSocketChannelImpl.java:337)
		at java.base/sun.nio.ch.ServerSocketChannelImpl.bind(ServerSocketChannelImpl.java:294)
		at org.apache.tomcat.util.net.NioEndpoint.initServerSocket(NioEndpoint.java:268)
		at org.apache.tomcat.util.net.NioEndpoint.bind(NioEndpoint.java:223)
		at org.apache.tomcat.util.net.AbstractEndpoint.bindWithCleanup(AbstractEndpoint.java:1373)
		at org.apache.tomcat.util.net.AbstractEndpoint.init(AbstractEndpoint.java:1386)
		at org.apache.coyote.AbstractProtocol.init(AbstractProtocol.java:663)
		at org.apache.coyote.http11.AbstractHttp11Protocol.init(AbstractHttp11Protocol.java:80)
		at org.apache.catalina.connector.Connector.initInternal(Connector.java:1025)
		... 13 more
14-Dec-2024 10:45:21.760 INFORMACIÓN [main] org.apache.catalina.startup.Catalina.load Server initialization in [3195] milliseconds
14-Dec-2024 10:45:21.920 INFORMACIÓN [main] org.apache.catalina.core.StandardService.startInternal Arrancando servicio [Catalina]
14-Dec-2024 10:45:21.921 INFORMACIÓN [main] org.apache.catalina.core.StandardEngine.startInternal Starting Servlet engine: [Apache Tomcat/9.0.97]
14-Dec-2024 10:45:28.852 ADVERTENCIA [main] org.apache.catalina.loader.WebappClassLoaderBase.clearReferencesJdbc La aplicación web [reportserver] registró el conductor JDBC [com.microsoft.sqlserver.jdbc.SQLServerDriver] pero falló al anular el registro mientras la aplicación web estaba parada. Para prevenir un fallo de memoria, se ha anulado el registro del conductor JDBC por la fuerza.
14-Dec-2024 10:45:28.868 ADVERTENCIA [main] org.apache.catalina.loader.WebappClassLoaderBase.clearReferencesThreads The web application [reportserver] appears to have started a thread named [org.apache.commons.vfs2.cache.SoftRefFilesCache$ReleaseThread] but has failed to stop it. This is very likely to create a memory leak. Stack trace of thread:
 java.base@17.0.8.1/java.lang.Object.wait(Native Method)
 java.base@17.0.8.1/java.lang.ref.ReferenceQueue.remove(ReferenceQueue.java:155)
 org.apache.commons.vfs2.cache.SoftRefFilesCache$ReleaseThread.run(SoftRefFilesCache.java:54)
14-Dec-2024 10:45:28.900 INFORMACIÓN [main] org.apache.coyote.AbstractProtocol.stop Stopping ProtocolHandler ["http-nio-8081"]
14-Dec-2024 10:45:28.914 INFORMACIÓN [main] org.apache.coyote.AbstractProtocol.destroy Destroying ProtocolHandler ["http-nio-8081"]
14-Dec-2024 10:46:02.060 INFORMACIÓN [main] org.apache.jasper.servlet.TldScanner.scanJars Al menos un JAR, que se ha explorado buscando TLDs, aún no contenía TLDs. Activar historial de depuración para este historiador para una completa lista de los JARs que fueron explorados y de los que nos se halló TLDs. Saltarse JARs no necesarios durante la exploración puede dar lugar a una mejora de tiempo significativa en el arranque y compilación de JSP .
14-Dec-2024 10:46:08.979 INFORMACIÓN [main] org.apache.catalina.startup.HostConfig.deployDirectory Desplegando el directorio [/Users/mariapaz/GeneradorFacturasMasivas/apache-tomcat-9.0.97/webapps/docs] de la aplicación web
14-Dec-2024 10:46:09.961 INFORMACIÓN [main] org.apache.jasper.servlet.TldScanner.scanJars Al menos un JAR, que se ha explorado buscando TLDs, aún no contenía TLDs. Activar historial de depuración para este historiador para una completa lista de los JARs que fueron explorados y de los que nos se halló TLDs. Saltarse JARs no necesarios durante la exploración puede dar lugar a una mejora de tiempo significativa en el arranque y compilación de JSP .
14-Dec-2024 10:46:09.973 INFORMACIÓN [main] org.apache.catalina.startup.HostConfig.deployDirectory Deployment of web application directory [/Users/mariapaz/GeneradorFacturasMasivas/apache-tomcat-9.0.97/webapps/docs] has finished in [989] ms
14-Dec-2024 10:46:09.974 INFORMACIÓN [main] org.apache.catalina.startup.HostConfig.deployDirectory Desplegando el directorio [/Users/mariapaz/GeneradorFacturasMasivas/apache-tomcat-9.0.97/webapps/manager] de la aplicación web
14-Dec-2024 10:46:10.715 INFORMACIÓN [main] org.apache.jasper.servlet.TldScanner.scanJars Al menos un JAR, que se ha explorado buscando TLDs, aún no contenía TLDs. Activar historial de depuración para este historiador para una completa lista de los JARs que fueron explorados y de los que nos se halló TLDs. Saltarse JARs no necesarios durante la exploración puede dar lugar a una mejora de tiempo significativa en el arranque y compilación de JSP .
14-Dec-2024 10:46:10.735 INFORMACIÓN [main] org.apache.catalina.startup.HostConfig.deployDirectory Deployment of web application directory [/Users/mariapaz/GeneradorFacturasMasivas/apache-tomcat-9.0.97/webapps/manager] has finished in [762] ms
14-Dec-2024 10:46:10.735 INFORMACIÓN [main] org.apache.catalina.startup.HostConfig.deployDirectory Desplegando el directorio [/Users/mariapaz/GeneradorFacturasMasivas/apache-tomcat-9.0.97/webapps/examples] de la aplicación web
14-Dec-2024 10:46:11.880 INFORMACIÓN [main] org.apache.jasper.servlet.TldScanner.scanJars Al menos un JAR, que se ha explorado buscando TLDs, aún no contenía TLDs. Activar historial de depuración para este historiador para una completa lista de los JARs que fueron explorados y de los que nos se halló TLDs. Saltarse JARs no necesarios durante la exploración puede dar lugar a una mejora de tiempo significativa en el arranque y compilación de JSP .
14-Dec-2024 10:46:11.946 INFORMACIÓN [main] org.apache.catalina.startup.HostConfig.deployDirectory Deployment of web application directory [/Users/mariapaz/GeneradorFacturasMasivas/apache-tomcat-9.0.97/webapps/examples] has finished in [1.211] ms
14-Dec-2024 10:46:11.947 INFORMACIÓN [main] org.apache.catalina.startup.HostConfig.deployDirectory Desplegando el directorio [/Users/mariapaz/GeneradorFacturasMasivas/apache-tomcat-9.0.97/webapps/ROOT] de la aplicación web
14-Dec-2024 10:46:12.853 INFORMACIÓN [main] org.apache.jasper.servlet.TldScanner.scanJars Al menos un JAR, que se ha explorado buscando TLDs, aún no contenía TLDs. Activar historial de depuración para este historiador para una completa lista de los JARs que fueron explorados y de los que nos se halló TLDs. Saltarse JARs no necesarios durante la exploración puede dar lugar a una mejora de tiempo significativa en el arranque y compilación de JSP .
14-Dec-2024 10:46:12.859 INFORMACIÓN [main] org.apache.catalina.startup.HostConfig.deployDirectory Deployment of web application directory [/Users/mariapaz/GeneradorFacturasMasivas/apache-tomcat-9.0.97/webapps/ROOT] has finished in [912] ms
14-Dec-2024 10:46:12.859 INFORMACIÓN [main] org.apache.catalina.startup.HostConfig.deployDirectory Desplegando el directorio [/Users/mariapaz/GeneradorFacturasMasivas/apache-tomcat-9.0.97/webapps/host-manager] de la aplicación web
14-Dec-2024 10:46:13.559 INFORMACIÓN [main] org.apache.jasper.servlet.TldScanner.scanJars Al menos un JAR, que se ha explorado buscando TLDs, aún no contenía TLDs. Activar historial de depuración para este historiador para una completa lista de los JARs que fueron explorados y de los que nos se halló TLDs. Saltarse JARs no necesarios durante la exploración puede dar lugar a una mejora de tiempo significativa en el arranque y compilación de JSP .
14-Dec-2024 10:46:13.570 INFORMACIÓN [main] org.apache.catalina.startup.HostConfig.deployDirectory Deployment of web application directory [/Users/mariapaz/GeneradorFacturasMasivas/apache-tomcat-9.0.97/webapps/host-manager] has finished in [711] ms
14-Dec-2024 10:46:13.582 INFORMACIÓN [main] org.apache.catalina.startup.Catalina.start Server startup in [51823] milliseconds
14-Dec-2024 10:54:12.272 INFORMACIÓN [main] org.apache.catalina.core.StandardServer.await Se ha recibido un comando de apagado a través del puerto de apagado. Parando la instancia del Servidor.
14-Dec-2024 10:54:12.274 INFORMACIÓN [main] org.apache.coyote.AbstractProtocol.pause Pausing ProtocolHandler ["http-nio-8081"]
14-Dec-2024 10:54:12.275 INFORMACIÓN [main] org.apache.catalina.core.StandardService.stopInternal Parando servicio [Catalina]
14-Dec-2024 10:54:12.305 ADVERTENCIA [main] org.apache.catalina.loader.WebappClassLoaderBase.clearReferencesJdbc La aplicación web [reportserver] registró el conductor JDBC [com.microsoft.sqlserver.jdbc.SQLServerDriver] pero falló al anular el registro mientras la aplicación web estaba parada. Para prevenir un fallo de memoria, se ha anulado el registro del conductor JDBC por la fuerza.
14-Dec-2024 10:54:12.306 ADVERTENCIA [main] org.apache.catalina.loader.WebappClassLoaderBase.clearReferencesThreads The web application [reportserver] appears to have started a thread named [org.apache.commons.vfs2.cache.SoftRefFilesCache$ReleaseThread] but has failed to stop it. This is very likely to create a memory leak. Stack trace of thread:
 java.base@17.0.8.1/java.lang.Object.wait(Native Method)
 java.base@17.0.8.1/java.lang.ref.ReferenceQueue.remove(ReferenceQueue.java:155)
 org.apache.commons.vfs2.cache.SoftRefFilesCache$ReleaseThread.run(SoftRefFilesCache.java:54)
14-Dec-2024 10:54:12.336 INFORMACIÓN [main] org.apache.coyote.AbstractProtocol.stop Stopping ProtocolHandler ["http-nio-8081"]
14-Dec-2024 10:54:12.340 INFORMACIÓN [main] org.apache.coyote.AbstractProtocol.destroy Destroying ProtocolHandler ["http-nio-8081"]
14-Dec-2024 10:54:13.775 INFORMACIÓN [main] org.apache.catalina.startup.VersionLoggerListener.log Nombre de la versión del servidor: Apache Tomcat/9.0.97
14-Dec-2024 10:54:13.792 INFORMACIÓN [main] org.apache.catalina.startup.VersionLoggerListener.log Server built:                      Nov 6 2024 19:55:19 UTC
14-Dec-2024 10:54:13.807 INFORMACIÓN [main] org.apache.catalina.startup.VersionLoggerListener.log Número de versión de servidor:     9.0.97.0
14-Dec-2024 10:54:13.807 INFORMACIÓN [main] org.apache.catalina.startup.VersionLoggerListener.log OS Name:                           Mac OS X
14-Dec-2024 10:54:13.807 INFORMACIÓN [main] org.apache.catalina.startup.VersionLoggerListener.log Versión de Systema Operativo:      13.6.4
14-Dec-2024 10:54:13.807 INFORMACIÓN [main] org.apache.catalina.startup.VersionLoggerListener.log Arquitectura:                      x86_64
14-Dec-2024 10:54:13.808 INFORMACIÓN [main] org.apache.catalina.startup.VersionLoggerListener.log Java Home:                         /Users/mariapaz/.sdkman/candidates/java/17.0.8.1-tem
14-Dec-2024 10:54:13.808 INFORMACIÓN [main] org.apache.catalina.startup.VersionLoggerListener.log JVM Version:                       17.0.8.1+1
14-Dec-2024 10:54:13.808 INFORMACIÓN [main] org.apache.catalina.startup.VersionLoggerListener.log Vededor JVM:                       Eclipse Adoptium
14-Dec-2024 10:54:13.808 INFORMACIÓN [main] org.apache.catalina.startup.VersionLoggerListener.log CATALINA_BASE:                     /Users/mariapaz/GeneradorFacturasMasivas/apache-tomcat-9.0.97
14-Dec-2024 10:54:13.808 INFORMACIÓN [main] org.apache.catalina.startup.VersionLoggerListener.log CATALINA_HOME:                     /Users/mariapaz/GeneradorFacturasMasivas/apache-tomcat-9.0.97
14-Dec-2024 10:54:13.821 INFORMACIÓN [main] org.apache.catalina.startup.VersionLoggerListener.log Command line argument:             --add-opens=java.base/java.lang=ALL-UNNAMED
14-Dec-2024 10:54:13.821 INFORMACIÓN [main] org.apache.catalina.startup.VersionLoggerListener.log Command line argument:             --add-opens=java.base/java.io=ALL-UNNAMED
14-Dec-2024 10:54:13.821 INFORMACIÓN [main] org.apache.catalina.startup.VersionLoggerListener.log Command line argument:             --add-opens=java.base/java.util=ALL-UNNAMED
14-Dec-2024 10:54:13.822 INFORMACIÓN [main] org.apache.catalina.startup.VersionLoggerListener.log Command line argument:             --add-opens=java.base/java.util.concurrent=ALL-UNNAMED
14-Dec-2024 10:54:13.822 INFORMACIÓN [main] org.apache.catalina.startup.VersionLoggerListener.log Command line argument:             --add-opens=java.rmi/sun.rmi.transport=ALL-UNNAMED
14-Dec-2024 10:54:13.823 INFORMACIÓN [main] org.apache.catalina.startup.VersionLoggerListener.log Command line argument:             -Djava.util.logging.config.file=/Users/mariapaz/GeneradorFacturasMasivas/apache-tomcat-9.0.97/conf/logging.properties
14-Dec-2024 10:54:13.823 INFORMACIÓN [main] org.apache.catalina.startup.VersionLoggerListener.log Command line argument:             -Djava.util.logging.manager=org.apache.juli.ClassLoaderLogManager
14-Dec-2024 10:54:13.823 INFORMACIÓN [main] org.apache.catalina.startup.VersionLoggerListener.log Command line argument:             -Djava.security.egd=file:/dev/urandom
14-Dec-2024 10:54:13.824 INFORMACIÓN [main] org.apache.catalina.startup.VersionLoggerListener.log Command line argument:             -Djdk.tls.ephemeralDHKeySize=2048
14-Dec-2024 10:54:13.824 INFORMACIÓN [main] org.apache.catalina.startup.VersionLoggerListener.log Command line argument:             -Djava.protocol.handler.pkgs=org.apache.catalina.webresources
14-Dec-2024 10:54:13.824 INFORMACIÓN [main] org.apache.catalina.startup.VersionLoggerListener.log Command line argument:             -Dorg.apache.catalina.security.SecurityListener.UMASK=0027
14-Dec-2024 10:54:13.824 INFORMACIÓN [main] org.apache.catalina.startup.VersionLoggerListener.log Command line argument:             -Drs.configdir=/Users/mariapaz/GeneradorFacturasMasivas/apache-tomcat-9.0.97/webapps/reportserver/WEB-INF
14-Dec-2024 10:54:13.824 INFORMACIÓN [main] org.apache.catalina.startup.VersionLoggerListener.log Command line argument:             -Xmx4096M
14-Dec-2024 10:54:13.825 INFORMACIÓN [main] org.apache.catalina.startup.VersionLoggerListener.log Command line argument:             -Dfile.encoding=UTF8
14-Dec-2024 10:54:13.825 INFORMACIÓN [main] org.apache.catalina.startup.VersionLoggerListener.log Command line argument:             --add-opens=java.base/java.net=ALL-UNNAMED
14-Dec-2024 10:54:13.825 INFORMACIÓN [main] org.apache.catalina.startup.VersionLoggerListener.log Command line argument:             --add-opens=java.base/jdk.internal.ref=ALL-UNNAMED
14-Dec-2024 10:54:13.827 INFORMACIÓN [main] org.apache.catalina.startup.VersionLoggerListener.log Command line argument:             --add-opens=java.base/jdk.internal.reflect=ALL-UNNAMED
14-Dec-2024 10:54:13.827 INFORMACIÓN [main] org.apache.catalina.startup.VersionLoggerListener.log Command line argument:             --add-opens=java.base/java.lang.invoke=ALL-UNNAMED
14-Dec-2024 10:54:13.828 INFORMACIÓN [main] org.apache.catalina.startup.VersionLoggerListener.log Command line argument:             --add-opens=java.base/java.util=ALL-UNNAMED
14-Dec-2024 10:54:13.828 INFORMACIÓN [main] org.apache.catalina.startup.VersionLoggerListener.log Command line argument:             --add-opens=java.base/java.lang.ref=ALL-UNNAMED
14-Dec-2024 10:54:13.828 INFORMACIÓN [main] org.apache.catalina.startup.VersionLoggerListener.log Command line argument:             --add-opens=java.base/java.lang.reflect=ALL-UNNAMED
14-Dec-2024 10:54:13.828 INFORMACIÓN [main] org.apache.catalina.startup.VersionLoggerListener.log Command line argument:             --add-opens=java.base/sun.reflect.generics.repository=ALL-UNNAMED
14-Dec-2024 10:54:13.828 INFORMACIÓN [main] org.apache.catalina.startup.VersionLoggerListener.log Command line argument:             -Dignore.endorsed.dirs=
14-Dec-2024 10:54:13.829 INFORMACIÓN [main] org.apache.catalina.startup.VersionLoggerListener.log Command line argument:             -Dcatalina.base=/Users/mariapaz/GeneradorFacturasMasivas/apache-tomcat-9.0.97
14-Dec-2024 10:54:13.829 INFORMACIÓN [main] org.apache.catalina.startup.VersionLoggerListener.log Command line argument:             -Dcatalina.home=/Users/mariapaz/GeneradorFacturasMasivas/apache-tomcat-9.0.97
14-Dec-2024 10:54:13.829 INFORMACIÓN [main] org.apache.catalina.startup.VersionLoggerListener.log Command line argument:             -Djava.io.tmpdir=/Users/mariapaz/GeneradorFacturasMasivas/apache-tomcat-9.0.97/temp
14-Dec-2024 10:54:13.855 INFORMACIÓN [main] org.apache.catalina.core.AprLifecycleListener.lifecycleEvent La biblioteca nativa de Apache Tomcat basada en ARP que permite un rendimiento óptimo en entornos de desarrollo no ha sido hallada en java.library.path: [/Users/mariapaz/Library/Java/Extensions:/Library/Java/Extensions:/Network/Library/Java/Extensions:/System/Library/Java/Extensions:/usr/lib/java:.]
14-Dec-2024 10:54:15.095 INFORMACIÓN [main] org.apache.coyote.AbstractProtocol.init Inicializando el manejador de protocolo ["http-nio-8081"]

14-Dec-2024 10:54:15.489 INFORMACIÓN [main] org.apache.catalina.startup.Catalina.load Server initialization in [2469] milliseconds
14-Dec-2024 10:54:15.606 INFORMACIÓN [main] org.apache.catalina.core.StandardService.startInternal Arrancando servicio [Catalina]
14-Dec-2024 10:54:15.607 INFORMACIÓN [main] org.apache.catalina.core.StandardEngine.startInternal Starting Servlet engine: [Apache Tomcat/9.0.97]
14-Dec-2024 10:54:43.894 INFORMACIÓN [main] org.apache.jasper.servlet.TldScanner.scanJars Al menos un JAR, que se ha explorado buscando TLDs, aún no contenía TLDs. Activar historial de depuración para este historiador para una completa lista de los JARs que fueron explorados y de los que nos se halló TLDs. Saltarse JARs no necesarios durante la exploración puede dar lugar a una mejora de tiempo significativa en el arranque y compilación de JSP .
14-Dec-2024 10:54:48.893 INFORMACIÓN [main] org.apache.catalina.startup.HostConfig.deployDirectory Desplegando el directorio [/Users/mariapaz/GeneradorFacturasMasivas/apache-tomcat-9.0.97/webapps/docs] de la aplicación web
14-Dec-2024 10:54:49.647 INFORMACIÓN [main] org.apache.jasper.servlet.TldScanner.scanJars Al menos un JAR, que se ha explorado buscando TLDs, aún no contenía TLDs. Activar historial de depuración para este historiador para una completa lista de los JARs que fueron explorados y de los que nos se halló TLDs. Saltarse JARs no necesarios durante la exploración puede dar lugar a una mejora de tiempo significativa en el arranque y compilación de JSP .
14-Dec-2024 10:54:49.655 INFORMACIÓN [main] org.apache.catalina.startup.HostConfig.deployDirectory Deployment of web application directory [/Users/mariapaz/GeneradorFacturasMasivas/apache-tomcat-9.0.97/webapps/docs] has finished in [759] ms
14-Dec-2024 10:54:49.658 INFORMACIÓN [main] org.apache.catalina.startup.HostConfig.deployDirectory Desplegando el directorio [/Users/mariapaz/GeneradorFacturasMasivas/apache-tomcat-9.0.97/webapps/manager] de la aplicación web
14-Dec-2024 10:54:50.631 INFORMACIÓN [main] org.apache.jasper.servlet.TldScanner.scanJars Al menos un JAR, que se ha explorado buscando TLDs, aún no contenía TLDs. Activar historial de depuración para este historiador para una completa lista de los JARs que fueron explorados y de los que nos se halló TLDs. Saltarse JARs no necesarios durante la exploración puede dar lugar a una mejora de tiempo significativa en el arranque y compilación de JSP .
14-Dec-2024 10:54:51.413 INFORMACIÓN [main] org.apache.catalina.startup.HostConfig.deployDirectory Deployment of web application directory [/Users/mariapaz/GeneradorFacturasMasivas/apache-tomcat-9.0.97/webapps/manager] has finished in [1.755] ms
14-Dec-2024 10:54:51.414 INFORMACIÓN [main] org.apache.catalina.startup.HostConfig.deployDirectory Desplegando el directorio [/Users/mariapaz/GeneradorFacturasMasivas/apache-tomcat-9.0.97/webapps/examples] de la aplicación web
14-Dec-2024 10:54:52.964 INFORMACIÓN [main] org.apache.jasper.servlet.TldScanner.scanJars Al menos un JAR, que se ha explorado buscando TLDs, aún no contenía TLDs. Activar historial de depuración para este historiador para una completa lista de los JARs que fueron explorados y de los que nos se halló TLDs. Saltarse JARs no necesarios durante la exploración puede dar lugar a una mejora de tiempo significativa en el arranque y compilación de JSP .
14-Dec-2024 10:54:52.996 INFORMACIÓN [main] org.apache.catalina.startup.HostConfig.deployDirectory Deployment of web application directory [/Users/mariapaz/GeneradorFacturasMasivas/apache-tomcat-9.0.97/webapps/examples] has finished in [1.582] ms
14-Dec-2024 10:54:52.996 INFORMACIÓN [main] org.apache.catalina.startup.HostConfig.deployDirectory Desplegando el directorio [/Users/mariapaz/GeneradorFacturasMasivas/apache-tomcat-9.0.97/webapps/ROOT] de la aplicación web
14-Dec-2024 10:54:53.369 INFORMACIÓN [main] org.apache.jasper.servlet.TldScanner.scanJars Al menos un JAR, que se ha explorado buscando TLDs, aún no contenía TLDs. Activar historial de depuración para este historiador para una completa lista de los JARs que fueron explorados y de los que nos se halló TLDs. Saltarse JARs no necesarios durante la exploración puede dar lugar a una mejora de tiempo significativa en el arranque y compilación de JSP .
14-Dec-2024 10:54:53.372 INFORMACIÓN [main] org.apache.catalina.startup.HostConfig.deployDirectory Deployment of web application directory [/Users/mariapaz/GeneradorFacturasMasivas/apache-tomcat-9.0.97/webapps/ROOT] has finished in [376] ms
14-Dec-2024 10:54:53.373 INFORMACIÓN [main] org.apache.catalina.startup.HostConfig.deployDirectory Desplegando el directorio [/Users/mariapaz/GeneradorFacturasMasivas/apache-tomcat-9.0.97/webapps/host-manager] de la aplicación web
14-Dec-2024 10:54:53.839 INFORMACIÓN [main] org.apache.jasper.servlet.TldScanner.scanJars Al menos un JAR, que se ha explorado buscando TLDs, aún no contenía TLDs. Activar historial de depuración para este historiador para una completa lista de los JARs que fueron explorados y de los que nos se halló TLDs. Saltarse JARs no necesarios durante la exploración puede dar lugar a una mejora de tiempo significativa en el arranque y compilación de JSP .
14-Dec-2024 10:54:53.842 INFORMACIÓN [main] org.apache.catalina.startup.HostConfig.deployDirectory Deployment of web application directory [/Users/mariapaz/GeneradorFacturasMasivas/apache-tomcat-9.0.97/webapps/host-manager] has finished in [469] ms
14-Dec-2024 10:54:53.860 INFORMACIÓN [main] org.apache.coyote.AbstractProtocol.start Starting ProtocolHandler ["http-nio-8081"]
14-Dec-2024 10:54:53.915 INFORMACIÓN [main] org.apache.catalina.startup.Catalina.start Server startup in [38426] milliseconds
14-Dec-2024 10:59:37.035 INFORMACIÓN [main] org.apache.catalina.core.StandardServer.await Se ha recibido un comando de apagado a través del puerto de apagado. Parando la instancia del Servidor.
14-Dec-2024 10:59:37.054 INFORMACIÓN [main] org.apache.coyote.AbstractProtocol.pause Pausing ProtocolHandler ["http-nio-8081"]
14-Dec-2024 10:59:37.067 INFORMACIÓN [main] org.apache.catalina.core.StandardService.stopInternal Parando servicio [Catalina]
14-Dec-2024 10:59:40.201 INFORMACIÓN [main] org.apache.catalina.startup.VersionLoggerListener.log Nombre de la versión del servidor: Apache Tomcat/9.0.97
14-Dec-2024 10:59:40.211 INFORMACIÓN [main] org.apache.catalina.startup.VersionLoggerListener.log Server built:                      Nov 6 2024 19:55:19 UTC
14-Dec-2024 10:59:40.221 INFORMACIÓN [main] org.apache.catalina.startup.VersionLoggerListener.log Número de versión de servidor:     9.0.97.0
14-Dec-2024 10:59:40.221 INFORMACIÓN [main] org.apache.catalina.startup.VersionLoggerListener.log OS Name:                           Mac OS X
14-Dec-2024 10:59:40.222 INFORMACIÓN [main] org.apache.catalina.startup.VersionLoggerListener.log Versión de Systema Operativo:      13.6.4
14-Dec-2024 10:59:40.222 INFORMACIÓN [main] org.apache.catalina.startup.VersionLoggerListener.log Arquitectura:                      x86_64
14-Dec-2024 10:59:40.222 INFORMACIÓN [main] org.apache.catalina.startup.VersionLoggerListener.log Java Home:                         /Users/mariapaz/.sdkman/candidates/java/17.0.8.1-tem
14-Dec-2024 10:59:40.222 INFORMACIÓN [main] org.apache.catalina.startup.VersionLoggerListener.log JVM Version:                       17.0.8.1+1
14-Dec-2024 10:59:40.223 INFORMACIÓN [main] org.apache.catalina.startup.VersionLoggerListener.log Vededor JVM:                       Eclipse Adoptium
14-Dec-2024 10:59:40.223 INFORMACIÓN [main] org.apache.catalina.startup.VersionLoggerListener.log CATALINA_BASE:                     /Users/mariapaz/GeneradorFacturasMasivas/apache-tomcat-9.0.97
14-Dec-2024 10:59:40.223 INFORMACIÓN [main] org.apache.catalina.startup.VersionLoggerListener.log CATALINA_HOME:                     /Users/mariapaz/GeneradorFacturasMasivas/apache-tomcat-9.0.97
14-Dec-2024 10:59:40.252 INFORMACIÓN [main] org.apache.catalina.startup.VersionLoggerListener.log Command line argument:             --add-opens=java.base/java.lang=ALL-UNNAMED
14-Dec-2024 10:59:40.253 INFORMACIÓN [main] org.apache.catalina.startup.VersionLoggerListener.log Command line argument:             --add-opens=java.base/java.io=ALL-UNNAMED
14-Dec-2024 10:59:40.259 INFORMACIÓN [main] org.apache.catalina.startup.VersionLoggerListener.log Command line argument:             --add-opens=java.base/java.util=ALL-UNNAMED
14-Dec-2024 10:59:40.259 INFORMACIÓN [main] org.apache.catalina.startup.VersionLoggerListener.log Command line argument:             --add-opens=java.base/java.util.concurrent=ALL-UNNAMED
14-Dec-2024 10:59:40.260 INFORMACIÓN [main] org.apache.catalina.startup.VersionLoggerListener.log Command line argument:             --add-opens=java.rmi/sun.rmi.transport=ALL-UNNAMED
14-Dec-2024 10:59:40.260 INFORMACIÓN [main] org.apache.catalina.startup.VersionLoggerListener.log Command line argument:             -Djava.util.logging.config.file=/Users/mariapaz/GeneradorFacturasMasivas/apache-tomcat-9.0.97/conf/logging.properties
14-Dec-2024 10:59:40.260 INFORMACIÓN [main] org.apache.catalina.startup.VersionLoggerListener.log Command line argument:             -Djava.util.logging.manager=org.apache.juli.ClassLoaderLogManager
14-Dec-2024 10:59:40.260 INFORMACIÓN [main] org.apache.catalina.startup.VersionLoggerListener.log Command line argument:             -Djava.security.egd=file:/dev/urandom
14-Dec-2024 10:59:40.260 INFORMACIÓN [main] org.apache.catalina.startup.VersionLoggerListener.log Command line argument:             -Djdk.tls.ephemeralDHKeySize=2048
14-Dec-2024 10:59:40.261 INFORMACIÓN [main] org.apache.catalina.startup.VersionLoggerListener.log Command line argument:             -Djava.protocol.handler.pkgs=org.apache.catalina.webresources
14-Dec-2024 10:59:40.261 INFORMACIÓN [main] org.apache.catalina.startup.VersionLoggerListener.log Command line argument:             -Dorg.apache.catalina.security.SecurityListener.UMASK=0027
14-Dec-2024 10:59:40.261 INFORMACIÓN [main] org.apache.catalina.startup.VersionLoggerListener.log Command line argument:             -Drs.configdir=/Users/mariapaz/GeneradorFacturasMasivas/apache-tomcat-9.0.97/webapps/reportserver/WEB-INF
14-Dec-2024 10:59:40.261 INFORMACIÓN [main] org.apache.catalina.startup.VersionLoggerListener.log Command line argument:             -Xmx4096M
14-Dec-2024 10:59:40.261 INFORMACIÓN [main] org.apache.catalina.startup.VersionLoggerListener.log Command line argument:             -Dfile.encoding=UTF8
14-Dec-2024 10:59:40.262 INFORMACIÓN [main] org.apache.catalina.startup.VersionLoggerListener.log Command line argument:             --add-opens=java.base/java.net=ALL-UNNAMED
14-Dec-2024 10:59:40.270 INFORMACIÓN [main] org.apache.catalina.startup.VersionLoggerListener.log Command line argument:             --add-opens=java.base/jdk.internal.ref=ALL-UNNAMED
14-Dec-2024 10:59:40.274 INFORMACIÓN [main] org.apache.catalina.startup.VersionLoggerListener.log Command line argument:             --add-opens=java.base/jdk.internal.reflect=ALL-UNNAMED
14-Dec-2024 10:59:40.275 INFORMACIÓN [main] org.apache.catalina.startup.VersionLoggerListener.log Command line argument:             --add-opens=java.base/java.lang.invoke=ALL-UNNAMED
14-Dec-2024 10:59:40.275 INFORMACIÓN [main] org.apache.catalina.startup.VersionLoggerListener.log Command line argument:             --add-opens=java.base/java.util=ALL-UNNAMED
14-Dec-2024 10:59:40.275 INFORMACIÓN [main] org.apache.catalina.startup.VersionLoggerListener.log Command line argument:             --add-opens=java.base/java.lang.ref=ALL-UNNAMED
14-Dec-2024 10:59:40.275 INFORMACIÓN [main] org.apache.catalina.startup.VersionLoggerListener.log Command line argument:             --add-opens=java.base/java.lang.reflect=ALL-UNNAMED
14-Dec-2024 10:59:40.275 INFORMACIÓN [main] org.apache.catalina.startup.VersionLoggerListener.log Command line argument:             --add-opens=java.base/sun.reflect.generics.repository=ALL-UNNAMED
14-Dec-2024 10:59:40.276 INFORMACIÓN [main] org.apache.catalina.startup.VersionLoggerListener.log Command line argument:             -Dignore.endorsed.dirs=
14-Dec-2024 10:59:40.276 INFORMACIÓN [main] org.apache.catalina.startup.VersionLoggerListener.log Command line argument:             -Dcatalina.base=/Users/mariapaz/GeneradorFacturasMasivas/apache-tomcat-9.0.97
14-Dec-2024 10:59:40.276 INFORMACIÓN [main] org.apache.catalina.startup.VersionLoggerListener.log Command line argument:             -Dcatalina.home=/Users/mariapaz/GeneradorFacturasMasivas/apache-tomcat-9.0.97
14-Dec-2024 10:59:40.276 INFORMACIÓN [main] org.apache.catalina.startup.VersionLoggerListener.log Command line argument:             -Djava.io.tmpdir=/Users/mariapaz/GeneradorFacturasMasivas/apache-tomcat-9.0.97/temp
14-Dec-2024 10:59:40.408 INFORMACIÓN [main] org.apache.catalina.core.AprLifecycleListener.lifecycleEvent La biblioteca nativa de Apache Tomcat basada en ARP que permite un rendimiento óptimo en entornos de desarrollo no ha sido hallada en java.library.path: [/Users/mariapaz/Library/Java/Extensions:/Library/Java/Extensions:/Network/Library/Java/Extensions:/System/Library/Java/Extensions:/usr/lib/java:.]
14-Dec-2024 10:59:42.963 INFORMACIÓN [main] org.apache.coyote.AbstractProtocol.init Inicializando el manejador de protocolo ["http-nio-8081"]

14-Dec-2024 10:59:43.074 GRAVE [main] org.apache.catalina.util.LifecycleBase.handleSubClassException Fallo al iniciar el componente [Connector["http-nio-8081"]]
	org.apache.catalina.LifecycleException: Falló la inicialización del manejador de protocolo
		at org.apache.catalina.connector.Connector.initInternal(Connector.java:1027)
		at org.apache.catalina.util.LifecycleBase.init(LifecycleBase.java:122)
		at org.apache.catalina.core.StandardService.initInternal(StandardService.java:525)
		at org.apache.catalina.util.LifecycleBase.init(LifecycleBase.java:122)
		at org.apache.catalina.core.StandardServer.initInternal(StandardServer.java:986)
		at org.apache.catalina.util.LifecycleBase.init(LifecycleBase.java:122)
		at org.apache.catalina.startup.Catalina.load(Catalina.java:686)
		at org.apache.catalina.startup.Catalina.load(Catalina.java:709)
		at java.base/jdk.internal.reflect.NativeMethodAccessorImpl.invoke0(Native Method)
		at java.base/jdk.internal.reflect.NativeMethodAccessorImpl.invoke(NativeMethodAccessorImpl.java:77)
		at java.base/jdk.internal.reflect.DelegatingMethodAccessorImpl.invoke(DelegatingMethodAccessorImpl.java:43)
		at java.base/java.lang.reflect.Method.invoke(Method.java:568)
		at org.apache.catalina.startup.Bootstrap.load(Bootstrap.java:302)
		at org.apache.catalina.startup.Bootstrap.main(Bootstrap.java:472)
	Caused by: java.net.BindException: Address already in use
		at java.base/sun.nio.ch.Net.bind0(Native Method)
		at java.base/sun.nio.ch.Net.bind(Net.java:555)
		at java.base/sun.nio.ch.ServerSocketChannelImpl.netBind(ServerSocketChannelImpl.java:337)
		at java.base/sun.nio.ch.ServerSocketChannelImpl.bind(ServerSocketChannelImpl.java:294)
		at org.apache.tomcat.util.net.NioEndpoint.initServerSocket(NioEndpoint.java:268)
		at org.apache.tomcat.util.net.NioEndpoint.bind(NioEndpoint.java:223)
		at org.apache.tomcat.util.net.AbstractEndpoint.bindWithCleanup(AbstractEndpoint.java:1373)
		at org.apache.tomcat.util.net.AbstractEndpoint.init(AbstractEndpoint.java:1386)
		at org.apache.coyote.AbstractProtocol.init(AbstractProtocol.java:663)
		at org.apache.coyote.http11.AbstractHttp11Protocol.init(AbstractHttp11Protocol.java:80)
		at org.apache.catalina.connector.Connector.initInternal(Connector.java:1025)
		... 13 more
14-Dec-2024 10:59:43.080 INFORMACIÓN [main] org.apache.catalina.startup.Catalina.load Server initialization in [4753] milliseconds
14-Dec-2024 10:59:43.388 INFORMACIÓN [main] org.apache.catalina.core.StandardService.startInternal Arrancando servicio [Catalina]
14-Dec-2024 10:59:43.390 INFORMACIÓN [main] org.apache.catalina.core.StandardEngine.startInternal Starting Servlet engine: [Apache Tomcat/9.0.97]
14-Dec-2024 11:00:11.072 ADVERTENCIA [main] org.apache.catalina.loader.WebappClassLoaderBase.clearReferencesJdbc La aplicación web [reportserver] registró el conductor JDBC [com.microsoft.sqlserver.jdbc.SQLServerDriver] pero falló al anular el registro mientras la aplicación web estaba parada. Para prevenir un fallo de memoria, se ha anulado el registro del conductor JDBC por la fuerza.
14-Dec-2024 11:00:11.077 ADVERTENCIA [main] org.apache.catalina.loader.WebappClassLoaderBase.clearReferencesThreads The web application [reportserver] appears to have started a thread named [org.apache.commons.vfs2.cache.SoftRefFilesCache$ReleaseThread] but has failed to stop it. This is very likely to create a memory leak. Stack trace of thread:
 java.base@17.0.8.1/java.lang.Object.wait(Native Method)
 java.base@17.0.8.1/java.lang.ref.ReferenceQueue.remove(ReferenceQueue.java:155)
 org.apache.commons.vfs2.cache.SoftRefFilesCache$ReleaseThread.run(SoftRefFilesCache.java:54)
14-Dec-2024 11:00:11.114 INFORMACIÓN [main] org.apache.coyote.AbstractProtocol.stop Stopping ProtocolHandler ["http-nio-8081"]
14-Dec-2024 11:00:11.139 INFORMACIÓN [main] org.apache.coyote.AbstractProtocol.destroy Destroying ProtocolHandler ["http-nio-8081"]
14-Dec-2024 11:00:40.861 INFORMACIÓN [main] org.apache.jasper.servlet.TldScanner.scanJars Al menos un JAR, que se ha explorado buscando TLDs, aún no contenía TLDs. Activar historial de depuración para este historiador para una completa lista de los JARs que fueron explorados y de los que nos se halló TLDs. Saltarse JARs no necesarios durante la exploración puede dar lugar a una mejora de tiempo significativa en el arranque y compilación de JSP .
14-Dec-2024 11:00:44.297 INFORMACIÓN [main] org.apache.catalina.startup.VersionLoggerListener.log Nombre de la versión del servidor: Apache Tomcat/9.0.97
14-Dec-2024 11:00:44.305 INFORMACIÓN [main] org.apache.catalina.startup.VersionLoggerListener.log Server built:                      Nov 6 2024 19:55:19 UTC
14-Dec-2024 11:00:44.305 INFORMACIÓN [main] org.apache.catalina.startup.VersionLoggerListener.log Número de versión de servidor:     9.0.97.0
14-Dec-2024 11:00:44.306 INFORMACIÓN [main] org.apache.catalina.startup.VersionLoggerListener.log OS Name:                           Mac OS X
14-Dec-2024 11:00:44.306 INFORMACIÓN [main] org.apache.catalina.startup.VersionLoggerListener.log Versión de Systema Operativo:      13.6.4
14-Dec-2024 11:00:44.307 INFORMACIÓN [main] org.apache.catalina.startup.VersionLoggerListener.log Arquitectura:                      x86_64
14-Dec-2024 11:00:44.307 INFORMACIÓN [main] org.apache.catalina.startup.VersionLoggerListener.log Java Home:                         /Users/mariapaz/.sdkman/candidates/java/17.0.8.1-tem
14-Dec-2024 11:00:44.307 INFORMACIÓN [main] org.apache.catalina.startup.VersionLoggerListener.log JVM Version:                       17.0.8.1+1
14-Dec-2024 11:00:44.307 INFORMACIÓN [main] org.apache.catalina.startup.VersionLoggerListener.log Vededor JVM:                       Eclipse Adoptium
14-Dec-2024 11:00:44.308 INFORMACIÓN [main] org.apache.catalina.startup.VersionLoggerListener.log CATALINA_BASE:                     /Users/mariapaz/GeneradorFacturasMasivas/apache-tomcat-9.0.97
14-Dec-2024 11:00:44.308 INFORMACIÓN [main] org.apache.catalina.startup.VersionLoggerListener.log CATALINA_HOME:                     /Users/mariapaz/GeneradorFacturasMasivas/apache-tomcat-9.0.97
14-Dec-2024 11:00:44.330 INFORMACIÓN [main] org.apache.catalina.startup.VersionLoggerListener.log Command line argument:             --add-opens=java.base/java.lang=ALL-UNNAMED
14-Dec-2024 11:00:44.331 INFORMACIÓN [main] org.apache.catalina.startup.VersionLoggerListener.log Command line argument:             --add-opens=java.base/java.io=ALL-UNNAMED
14-Dec-2024 11:00:44.331 INFORMACIÓN [main] org.apache.catalina.startup.VersionLoggerListener.log Command line argument:             --add-opens=java.base/java.util=ALL-UNNAMED
14-Dec-2024 11:00:44.331 INFORMACIÓN [main] org.apache.catalina.startup.VersionLoggerListener.log Command line argument:             --add-opens=java.base/java.util.concurrent=ALL-UNNAMED
14-Dec-2024 11:00:44.332 INFORMACIÓN [main] org.apache.catalina.startup.VersionLoggerListener.log Command line argument:             --add-opens=java.rmi/sun.rmi.transport=ALL-UNNAMED
14-Dec-2024 11:00:44.332 INFORMACIÓN [main] org.apache.catalina.startup.VersionLoggerListener.log Command line argument:             -Djava.util.logging.config.file=/Users/mariapaz/GeneradorFacturasMasivas/apache-tomcat-9.0.97/conf/logging.properties
14-Dec-2024 11:00:44.332 INFORMACIÓN [main] org.apache.catalina.startup.VersionLoggerListener.log Command line argument:             -Djava.util.logging.manager=org.apache.juli.ClassLoaderLogManager
14-Dec-2024 11:00:44.332 INFORMACIÓN [main] org.apache.catalina.startup.VersionLoggerListener.log Command line argument:             -Djava.security.egd=file:/dev/urandom
14-Dec-2024 11:00:44.332 INFORMACIÓN [main] org.apache.catalina.startup.VersionLoggerListener.log Command line argument:             -Djdk.tls.ephemeralDHKeySize=2048
14-Dec-2024 11:00:44.333 INFORMACIÓN [main] org.apache.catalina.startup.VersionLoggerListener.log Command line argument:             -Djava.protocol.handler.pkgs=org.apache.catalina.webresources
14-Dec-2024 11:00:44.333 INFORMACIÓN [main] org.apache.catalina.startup.VersionLoggerListener.log Command line argument:             -Dorg.apache.catalina.security.SecurityListener.UMASK=0027
14-Dec-2024 11:00:44.333 INFORMACIÓN [main] org.apache.catalina.startup.VersionLoggerListener.log Command line argument:             -Drs.configdir=/Users/mariapaz/GeneradorFacturasMasivas/apache-tomcat-9.0.97/webapps/reportserver/WEB-INF
14-Dec-2024 11:00:44.349 INFORMACIÓN [main] org.apache.catalina.startup.VersionLoggerListener.log Command line argument:             -Xmx4096M
14-Dec-2024 11:00:44.350 INFORMACIÓN [main] org.apache.catalina.startup.VersionLoggerListener.log Command line argument:             -Dfile.encoding=UTF8
14-Dec-2024 11:00:44.350 INFORMACIÓN [main] org.apache.catalina.startup.VersionLoggerListener.log Command line argument:             --add-opens=java.base/java.net=ALL-UNNAMED
14-Dec-2024 11:00:44.350 INFORMACIÓN [main] org.apache.catalina.startup.VersionLoggerListener.log Command line argument:             --add-opens=java.base/jdk.internal.ref=ALL-UNNAMED
14-Dec-2024 11:00:44.351 INFORMACIÓN [main] org.apache.catalina.startup.VersionLoggerListener.log Command line argument:             --add-opens=java.base/jdk.internal.reflect=ALL-UNNAMED
14-Dec-2024 11:00:44.353 INFORMACIÓN [main] org.apache.catalina.startup.VersionLoggerListener.log Command line argument:             --add-opens=java.base/java.lang.invoke=ALL-UNNAMED
14-Dec-2024 11:00:44.354 INFORMACIÓN [main] org.apache.catalina.startup.VersionLoggerListener.log Command line argument:             --add-opens=java.base/java.util=ALL-UNNAMED
14-Dec-2024 11:00:44.354 INFORMACIÓN [main] org.apache.catalina.startup.VersionLoggerListener.log Command line argument:             --add-opens=java.base/java.lang.ref=ALL-UNNAMED
14-Dec-2024 11:00:44.354 INFORMACIÓN [main] org.apache.catalina.startup.VersionLoggerListener.log Command line argument:             --add-opens=java.base/java.lang.reflect=ALL-UNNAMED
14-Dec-2024 11:00:44.355 INFORMACIÓN [main] org.apache.catalina.startup.VersionLoggerListener.log Command line argument:             --add-opens=java.base/sun.reflect.generics.repository=ALL-UNNAMED
14-Dec-2024 11:00:44.355 INFORMACIÓN [main] org.apache.catalina.startup.VersionLoggerListener.log Command line argument:             -Dignore.endorsed.dirs=
14-Dec-2024 11:00:44.355 INFORMACIÓN [main] org.apache.catalina.startup.VersionLoggerListener.log Command line argument:             -Dcatalina.base=/Users/mariapaz/GeneradorFacturasMasivas/apache-tomcat-9.0.97
14-Dec-2024 11:00:44.355 INFORMACIÓN [main] org.apache.catalina.startup.VersionLoggerListener.log Command line argument:             -Dcatalina.home=/Users/mariapaz/GeneradorFacturasMasivas/apache-tomcat-9.0.97
14-Dec-2024 11:00:44.356 INFORMACIÓN [main] org.apache.catalina.startup.VersionLoggerListener.log Command line argument:             -Djava.io.tmpdir=/Users/mariapaz/GeneradorFacturasMasivas/apache-tomcat-9.0.97/temp
14-Dec-2024 11:00:44.412 INFORMACIÓN [main] org.apache.catalina.core.AprLifecycleListener.lifecycleEvent La biblioteca nativa de Apache Tomcat basada en ARP que permite un rendimiento óptimo en entornos de desarrollo no ha sido hallada en java.library.path: [/Users/mariapaz/Library/Java/Extensions:/Library/Java/Extensions:/Network/Library/Java/Extensions:/System/Library/Java/Extensions:/usr/lib/java:.]
14-Dec-2024 11:00:46.731 INFORMACIÓN [main] org.apache.coyote.AbstractProtocol.init Inicializando el manejador de protocolo ["http-nio-8081"]

14-Dec-2024 11:00:46.922 INFORMACIÓN [main] org.apache.catalina.startup.Catalina.load Server initialization in [4010] milliseconds
14-Dec-2024 11:00:47.068 INFORMACIÓN [main] org.apache.catalina.core.StandardService.startInternal Arrancando servicio [Catalina]
14-Dec-2024 11:00:47.069 INFORMACIÓN [main] org.apache.catalina.core.StandardEngine.startInternal Starting Servlet engine: [Apache Tomcat/9.0.97]
14-Dec-2024 11:01:38.952 INFORMACIÓN [main] org.apache.jasper.servlet.TldScanner.scanJars Al menos un JAR, que se ha explorado buscando TLDs, aún no contenía TLDs. Activar historial de depuración para este historiador para una completa lista de los JARs que fueron explorados y de los que nos se halló TLDs. Saltarse JARs no necesarios durante la exploración puede dar lugar a una mejora de tiempo significativa en el arranque y compilación de JSP .
14-Dec-2024 11:03:53.164 INFORMACIÓN [main] org.apache.catalina.startup.HostConfig.deployDirectory Desplegando el directorio [/Users/mariapaz/GeneradorFacturasMasivas/apache-tomcat-9.0.97/webapps/docs] de la aplicación web
14-Dec-2024 11:03:54.830 INFORMACIÓN [main] org.apache.jasper.servlet.TldScanner.scanJars Al menos un JAR, que se ha explorado buscando TLDs, aún no contenía TLDs. Activar historial de depuración para este historiador para una completa lista de los JARs que fueron explorados y de los que nos se halló TLDs. Saltarse JARs no necesarios durante la exploración puede dar lugar a una mejora de tiempo significativa en el arranque y compilación de JSP .
14-Dec-2024 11:03:54.838 INFORMACIÓN [main] org.apache.catalina.startup.HostConfig.deployDirectory Deployment of web application directory [/Users/mariapaz/GeneradorFacturasMasivas/apache-tomcat-9.0.97/webapps/docs] has finished in [1.675] ms
14-Dec-2024 11:03:54.839 INFORMACIÓN [main] org.apache.catalina.startup.HostConfig.deployDirectory Desplegando el directorio [/Users/mariapaz/GeneradorFacturasMasivas/apache-tomcat-9.0.97/webapps/manager] de la aplicación web
14-Dec-2024 11:03:56.760 INFORMACIÓN [main] org.apache.jasper.servlet.TldScanner.scanJars Al menos un JAR, que se ha explorado buscando TLDs, aún no contenía TLDs. Activar historial de depuración para este historiador para una completa lista de los JARs que fueron explorados y de los que nos se halló TLDs. Saltarse JARs no necesarios durante la exploración puede dar lugar a una mejora de tiempo significativa en el arranque y compilación de JSP .
14-Dec-2024 11:03:56.842 INFORMACIÓN [main] org.apache.catalina.startup.HostConfig.deployDirectory Deployment of web application directory [/Users/mariapaz/GeneradorFacturasMasivas/apache-tomcat-9.0.97/webapps/manager] has finished in [1.999] ms
14-Dec-2024 11:03:56.842 INFORMACIÓN [main] org.apache.catalina.startup.HostConfig.deployDirectory Desplegando el directorio [/Users/mariapaz/GeneradorFacturasMasivas/apache-tomcat-9.0.97/webapps/examples] de la aplicación web
14-Dec-2024 11:04:00.024 INFORMACIÓN [main] org.apache.jasper.servlet.TldScanner.scanJars Al menos un JAR, que se ha explorado buscando TLDs, aún no contenía TLDs. Activar historial de depuración para este historiador para una completa lista de los JARs que fueron explorados y de los que nos se halló TLDs. Saltarse JARs no necesarios durante la exploración puede dar lugar a una mejora de tiempo significativa en el arranque y compilación de JSP .
14-Dec-2024 11:04:00.169 INFORMACIÓN [main] org.apache.catalina.startup.HostConfig.deployDirectory Deployment of web application directory [/Users/mariapaz/GeneradorFacturasMasivas/apache-tomcat-9.0.97/webapps/examples] has finished in [3.326] ms
14-Dec-2024 11:04:00.169 INFORMACIÓN [main] org.apache.catalina.startup.HostConfig.deployDirectory Desplegando el directorio [/Users/mariapaz/GeneradorFacturasMasivas/apache-tomcat-9.0.97/webapps/ROOT] de la aplicación web
14-Dec-2024 11:04:02.015 INFORMACIÓN [main] org.apache.jasper.servlet.TldScanner.scanJars Al menos un JAR, que se ha explorado buscando TLDs, aún no contenía TLDs. Activar historial de depuración para este historiador para una completa lista de los JARs que fueron explorados y de los que nos se halló TLDs. Saltarse JARs no necesarios durante la exploración puede dar lugar a una mejora de tiempo significativa en el arranque y compilación de JSP .
14-Dec-2024 11:04:02.018 INFORMACIÓN [main] org.apache.catalina.startup.HostConfig.deployDirectory Deployment of web application directory [/Users/mariapaz/GeneradorFacturasMasivas/apache-tomcat-9.0.97/webapps/ROOT] has finished in [1.849] ms
14-Dec-2024 11:04:02.019 INFORMACIÓN [main] org.apache.catalina.startup.HostConfig.deployDirectory Desplegando el directorio [/Users/mariapaz/GeneradorFacturasMasivas/apache-tomcat-9.0.97/webapps/host-manager] de la aplicación web
14-Dec-2024 11:04:04.033 INFORMACIÓN [main] org.apache.jasper.servlet.TldScanner.scanJars Al menos un JAR, que se ha explorado buscando TLDs, aún no contenía TLDs. Activar historial de depuración para este historiador para una completa lista de los JARs que fueron explorados y de los que nos se halló TLDs. Saltarse JARs no necesarios durante la exploración puede dar lugar a una mejora de tiempo significativa en el arranque y compilación de JSP .
14-Dec-2024 11:04:04.040 INFORMACIÓN [main] org.apache.catalina.startup.HostConfig.deployDirectory Deployment of web application directory [/Users/mariapaz/GeneradorFacturasMasivas/apache-tomcat-9.0.97/webapps/host-manager] has finished in [2.021] ms
14-Dec-2024 11:04:04.051 INFORMACIÓN [main] org.apache.catalina.startup.Catalina.start Server startup in [260980] milliseconds
14-Dec-2024 11:04:53.410 INFORMACIÓN [main] org.apache.catalina.startup.HostConfig.deployDirectory Desplegando el directorio [/Users/mariapaz/GeneradorFacturasMasivas/apache-tomcat-9.0.97/webapps/docs] de la aplicación web
14-Dec-2024 11:04:54.374 INFORMACIÓN [main] org.apache.jasper.servlet.TldScanner.scanJars Al menos un JAR, que se ha explorado buscando TLDs, aún no contenía TLDs. Activar historial de depuración para este historiador para una completa lista de los JARs que fueron explorados y de los que nos se halló TLDs. Saltarse JARs no necesarios durante la exploración puede dar lugar a una mejora de tiempo significativa en el arranque y compilación de JSP .
14-Dec-2024 11:04:54.393 INFORMACIÓN [main] org.apache.catalina.startup.HostConfig.deployDirectory Deployment of web application directory [/Users/mariapaz/GeneradorFacturasMasivas/apache-tomcat-9.0.97/webapps/docs] has finished in [982] ms
14-Dec-2024 11:04:54.394 INFORMACIÓN [main] org.apache.catalina.startup.HostConfig.deployDirectory Desplegando el directorio [/Users/mariapaz/GeneradorFacturasMasivas/apache-tomcat-9.0.97/webapps/manager] de la aplicación web
14-Dec-2024 11:04:55.408 INFORMACIÓN [main] org.apache.jasper.servlet.TldScanner.scanJars Al menos un JAR, que se ha explorado buscando TLDs, aún no contenía TLDs. Activar historial de depuración para este historiador para una completa lista de los JARs que fueron explorados y de los que nos se halló TLDs. Saltarse JARs no necesarios durante la exploración puede dar lugar a una mejora de tiempo significativa en el arranque y compilación de JSP .
14-Dec-2024 11:04:55.436 INFORMACIÓN [main] org.apache.catalina.startup.HostConfig.deployDirectory Deployment of web application directory [/Users/mariapaz/GeneradorFacturasMasivas/apache-tomcat-9.0.97/webapps/manager] has finished in [1.042] ms
14-Dec-2024 11:04:55.437 INFORMACIÓN [main] org.apache.catalina.startup.HostConfig.deployDirectory Desplegando el directorio [/Users/mariapaz/GeneradorFacturasMasivas/apache-tomcat-9.0.97/webapps/examples] de la aplicación web
14-Dec-2024 11:04:56.853 INFORMACIÓN [main] org.apache.jasper.servlet.TldScanner.scanJars Al menos un JAR, que se ha explorado buscando TLDs, aún no contenía TLDs. Activar historial de depuración para este historiador para una completa lista de los JARs que fueron explorados y de los que nos se halló TLDs. Saltarse JARs no necesarios durante la exploración puede dar lugar a una mejora de tiempo significativa en el arranque y compilación de JSP .
14-Dec-2024 11:04:56.928 INFORMACIÓN [main] org.apache.catalina.startup.HostConfig.deployDirectory Deployment of web application directory [/Users/mariapaz/GeneradorFacturasMasivas/apache-tomcat-9.0.97/webapps/examples] has finished in [1.492] ms
14-Dec-2024 11:04:56.930 INFORMACIÓN [main] org.apache.catalina.startup.HostConfig.deployDirectory Desplegando el directorio [/Users/mariapaz/GeneradorFacturasMasivas/apache-tomcat-9.0.97/webapps/ROOT] de la aplicación web
14-Dec-2024 11:04:58.032 INFORMACIÓN [main] org.apache.jasper.servlet.TldScanner.scanJars Al menos un JAR, que se ha explorado buscando TLDs, aún no contenía TLDs. Activar historial de depuración para este historiador para una completa lista de los JARs que fueron explorados y de los que nos se halló TLDs. Saltarse JARs no necesarios durante la exploración puede dar lugar a una mejora de tiempo significativa en el arranque y compilación de JSP .
14-Dec-2024 11:04:58.039 INFORMACIÓN [main] org.apache.catalina.startup.HostConfig.deployDirectory Deployment of web application directory [/Users/mariapaz/GeneradorFacturasMasivas/apache-tomcat-9.0.97/webapps/ROOT] has finished in [1.109] ms
14-Dec-2024 11:04:58.039 INFORMACIÓN [main] org.apache.catalina.startup.HostConfig.deployDirectory Desplegando el directorio [/Users/mariapaz/GeneradorFacturasMasivas/apache-tomcat-9.0.97/webapps/host-manager] de la aplicación web
14-Dec-2024 11:04:58.622 INFORMACIÓN [main] org.apache.jasper.servlet.TldScanner.scanJars Al menos un JAR, que se ha explorado buscando TLDs, aún no contenía TLDs. Activar historial de depuración para este historiador para una completa lista de los JARs que fueron explorados y de los que nos se halló TLDs. Saltarse JARs no necesarios durante la exploración puede dar lugar a una mejora de tiempo significativa en el arranque y compilación de JSP .
14-Dec-2024 11:04:58.625 INFORMACIÓN [main] org.apache.catalina.startup.HostConfig.deployDirectory Deployment of web application directory [/Users/mariapaz/GeneradorFacturasMasivas/apache-tomcat-9.0.97/webapps/host-manager] has finished in [586] ms
14-Dec-2024 11:04:58.638 INFORMACIÓN [main] org.apache.coyote.AbstractProtocol.start Starting ProtocolHandler ["http-nio-8081"]
14-Dec-2024 11:04:58.763 INFORMACIÓN [main] org.apache.catalina.startup.Catalina.start Server startup in [251849] milliseconds
14-Dec-2024 11:04:58.778 GRAVE [main] org.apache.catalina.core.StandardServer.await Failed to create server shutdown socket on address [localhost] and port [8010] (base port [8010] and offset [0])
	java.net.BindException: Address already in use
		at java.base/sun.nio.ch.Net.bind0(Native Method)
		at java.base/sun.nio.ch.Net.bind(Net.java:555)
		at java.base/sun.nio.ch.Net.bind(Net.java:544)
		at java.base/sun.nio.ch.NioSocketImpl.bind(NioSocketImpl.java:648)
		at java.base/java.net.ServerSocket.bind(ServerSocket.java:388)
		at java.base/java.net.ServerSocket.<init>(ServerSocket.java:274)
		at org.apache.catalina.core.StandardServer.await(StandardServer.java:537)
		at org.apache.catalina.startup.Catalina.await(Catalina.java:825)
		at org.apache.catalina.startup.Catalina.start(Catalina.java:773)
		at java.base/jdk.internal.reflect.NativeMethodAccessorImpl.invoke0(Native Method)
		at java.base/jdk.internal.reflect.NativeMethodAccessorImpl.invoke(NativeMethodAccessorImpl.java:77)
		at java.base/jdk.internal.reflect.DelegatingMethodAccessorImpl.invoke(DelegatingMethodAccessorImpl.java:43)
		at java.base/java.lang.reflect.Method.invoke(Method.java:568)
		at org.apache.catalina.startup.Bootstrap.start(Bootstrap.java:345)
		at org.apache.catalina.startup.Bootstrap.main(Bootstrap.java:473)
14-Dec-2024 11:04:58.841 INFORMACIÓN [main] org.apache.coyote.AbstractProtocol.pause Pausing ProtocolHandler ["http-nio-8081"]
14-Dec-2024 11:04:58.848 INFORMACIÓN [main] org.apache.catalina.core.StandardService.stopInternal Parando servicio [Catalina]
14-Dec-2024 11:04:59.939 ADVERTENCIA [main] org.apache.catalina.loader.WebappClassLoaderBase.clearReferencesJdbc La aplicación web [reportserver] registró el conductor JDBC [com.microsoft.sqlserver.jdbc.SQLServerDriver] pero falló al anular el registro mientras la aplicación web estaba parada. Para prevenir un fallo de memoria, se ha anulado el registro del conductor JDBC por la fuerza.
14-Dec-2024 11:04:59.956 ADVERTENCIA [main] org.apache.catalina.loader.WebappClassLoaderBase.clearReferencesThreads The web application [reportserver] appears to have started a thread named [org.apache.commons.vfs2.cache.SoftRefFilesCache$ReleaseThread] but has failed to stop it. This is very likely to create a memory leak. Stack trace of thread:
 java.base@17.0.8.1/java.lang.Object.wait(Native Method)
 java.base@17.0.8.1/java.lang.ref.ReferenceQueue.remove(ReferenceQueue.java:155)
 org.apache.commons.vfs2.cache.SoftRefFilesCache$ReleaseThread.run(SoftRefFilesCache.java:54)
14-Dec-2024 11:04:59.960 ADVERTENCIA [main] org.apache.catalina.loader.WebappClassLoaderBase.clearReferencesThreads The web application [reportserver] appears to have started a thread named [C3P0PooledConnectionPoolManager[identityToken->z8kfltb71iwts781565wzs|3dc82f2a]-AdminTaskTimer] but has failed to stop it. This is very likely to create a memory leak. Stack trace of thread:
 java.base@17.0.8.1/java.lang.Object.wait(Native Method)
 java.base@17.0.8.1/java.util.TimerThread.mainLoop(Timer.java:563)
 java.base@17.0.8.1/java.util.TimerThread.run(Timer.java:516)
14-Dec-2024 11:04:59.961 ADVERTENCIA [main] org.apache.catalina.loader.WebappClassLoaderBase.clearReferencesThreads The web application [reportserver] appears to have started a thread named [C3P0PooledConnectionPoolManager[identityToken->z8kfltb71iwts781565wzs|3dc82f2a]-HelperThread-#0] but has failed to stop it. This is very likely to create a memory leak. Stack trace of thread:
 java.base@17.0.8.1/java.lang.Object.wait(Native Method)
 com.mchange.v2.async.ThreadPoolAsynchronousRunner$PoolThread.run(ThreadPoolAsynchronousRunner.java:683)
14-Dec-2024 11:05:00.030 ADVERTENCIA [main] org.apache.catalina.loader.WebappClassLoaderBase.clearReferencesThreads The web application [reportserver] appears to have started a thread named [C3P0PooledConnectionPoolManager[identityToken->z8kfltb71iwts781565wzs|3dc82f2a]-HelperThread-#1] but has failed to stop it. This is very likely to create a memory leak. Stack trace of thread:
 java.base@17.0.8.1/java.lang.Object.wait(Native Method)
 com.mchange.v2.async.ThreadPoolAsynchronousRunner$PoolThread.run(ThreadPoolAsynchronousRunner.java:683)
14-Dec-2024 11:05:00.051 ADVERTENCIA [main] org.apache.catalina.loader.WebappClassLoaderBase.clearReferencesThreads The web application [reportserver] appears to have started a thread named [C3P0PooledConnectionPoolManager[identityToken->z8kfltb71iwts781565wzs|3dc82f2a]-HelperThread-#2] but has failed to stop it. This is very likely to create a memory leak. Stack trace of thread:
 java.base@17.0.8.1/java.lang.Object.wait(Native Method)
 com.mchange.v2.async.ThreadPoolAsynchronousRunner$PoolThread.run(ThreadPoolAsynchronousRunner.java:683)
14-Dec-2024 11:05:00.057 ADVERTENCIA [main] org.apache.catalina.loader.WebappClassLoaderBase.clearReferencesThreads The web application [reportserver] appears to have started a thread named [dwdaemon-JpaEventLoggerServiceImpl-1] but has failed to stop it. This is very likely to create a memory leak. Stack trace of thread:
 java.base@17.0.8.1/java.lang.Thread.sleep(Native Method)
 net.datenwerke.rs.utils.daemon.DwDaemonImpl.run(DwDaemonImpl.java:52)
 java.base@17.0.8.1/java.lang.Thread.run(Thread.java:833)
14-Dec-2024 11:05:00.074 ADVERTENCIA [main] org.apache.catalina.loader.WebappClassLoaderBase.clearReferencesThreads The web application [reportserver] appears to have started a thread named [dwdaemon-watchdog-JpaEventLoggerServiceImpl] but has failed to stop it. This is very likely to create a memory leak. Stack trace of thread:
 java.base@17.0.8.1/java.lang.Thread.sleep(Native Method)
 net.datenwerke.rs.utils.daemon.DwDaemonWatchdog.run(DwDaemonWatchdog.java:30)
 java.base@17.0.8.1/java.lang.Thread.run(Thread.java:833)
14-Dec-2024 11:05:00.075 ADVERTENCIA [main] org.apache.catalina.loader.WebappClassLoaderBase.clearReferencesThreads The web application [reportserver] appears to have started a thread named [Thread-21] but has failed to stop it. This is very likely to create a memory leak. Stack trace of thread:
 java.base@17.0.8.1/sun.nio.ch.KQueue.poll(Native Method)
 java.base@17.0.8.1/sun.nio.ch.KQueuePort$EventHandlerTask.poll(KQueuePort.java:200)
 java.base@17.0.8.1/sun.nio.ch.KQueuePort$EventHandlerTask.run(KQueuePort.java:287)
 java.base@17.0.8.1/java.lang.Thread.run(Thread.java:833)
14-Dec-2024 11:05:00.076 ADVERTENCIA [main] org.apache.catalina.loader.WebappClassLoaderBase.clearReferencesThreads The web application [reportserver] appears to have started a thread named [sshd-SshServer[212c1fea](port=8022)-timer-thread-1] but has failed to stop it. This is very likely to create a memory leak. Stack trace of thread:
 java.base@17.0.8.1/jdk.internal.misc.Unsafe.park(Native Method)
 java.base@17.0.8.1/java.util.concurrent.locks.LockSupport.parkNanos(LockSupport.java:252)
 java.base@17.0.8.1/java.util.concurrent.locks.AbstractQueuedSynchronizer$ConditionObject.awaitNanos(AbstractQueuedSynchronizer.java:1672)
 java.base@17.0.8.1/java.util.concurrent.ScheduledThreadPoolExecutor$DelayedWorkQueue.take(ScheduledThreadPoolExecutor.java:1182)
 java.base@17.0.8.1/java.util.concurrent.ScheduledThreadPoolExecutor$DelayedWorkQueue.take(ScheduledThreadPoolExecutor.java:899)
 java.base@17.0.8.1/java.util.concurrent.ThreadPoolExecutor.getTask(ThreadPoolExecutor.java:1062)
 java.base@17.0.8.1/java.util.concurrent.ThreadPoolExecutor.runWorker(ThreadPoolExecutor.java:1122)
 java.base@17.0.8.1/java.util.concurrent.ThreadPoolExecutor$Worker.run(ThreadPoolExecutor.java:635)
 java.base@17.0.8.1/java.lang.Thread.run(Thread.java:833)
14-Dec-2024 11:05:00.088 ADVERTENCIA [main] org.apache.catalina.loader.WebappClassLoaderBase.clearReferencesThreads The web application [reportserver] appears to have started a thread named [dwdaemon-MaintenanceServiceImpl-1] but has failed to stop it. This is very likely to create a memory leak. Stack trace of thread:
 java.base@17.0.8.1/java.lang.Thread.sleep(Native Method)
 net.datenwerke.rs.utils.daemon.DwDaemonImpl.run(DwDaemonImpl.java:52)
 java.base@17.0.8.1/java.lang.Thread.run(Thread.java:833)
14-Dec-2024 11:05:00.089 ADVERTENCIA [main] org.apache.catalina.loader.WebappClassLoaderBase.clearReferencesThreads The web application [reportserver] appears to have started a thread named [dwdaemon-watchdog-MaintenanceServiceImpl] but has failed to stop it. This is very likely to create a memory leak. Stack trace of thread:
 java.base@17.0.8.1/java.lang.Thread.sleep(Native Method)
 net.datenwerke.rs.utils.daemon.DwDaemonWatchdog.run(DwDaemonWatchdog.java:30)
 java.base@17.0.8.1/java.lang.Thread.run(Thread.java:833)
14-Dec-2024 11:05:00.100 ADVERTENCIA [main] org.apache.catalina.loader.WebappClassLoaderBase.clearReferencesThreads The web application [reportserver] appears to have started a thread named [Thread-10] but has failed to stop it. This is very likely to create a memory leak. Stack trace of thread:
 java.base@17.0.8.1/java.lang.Thread.sleep(Native Method)
 net.datenwerke.rs.scheduler.service.scheduler.RsSchedulerStartup.lambda$0(RsSchedulerStartup.java:115)
 net.datenwerke.rs.scheduler.service.scheduler.RsSchedulerStartup$$Lambda$794/0x000000022bc0f7e0.run(Unknown Source)
 java.base@17.0.8.1/java.lang.Thread.run(Thread.java:833)
14-Dec-2024 11:05:00.102 GRAVE [main] org.apache.catalina.loader.WebappClassLoaderBase.checkThreadLocalMapForLeaks La aplicación web [reportserver] creó un ThreadLocal con clave del tipo [java.lang.ThreadLocal] (valor [java.lang.ThreadLocal@75c631b1]) y un valor del tipo [org.hibernate.internal.SessionImpl] (valor [SessionImpl(643791531<closed>)]) pero no pudo quitarlo cuando la aplicación web se paró. Los hilos se van a renovar con el tiempo para intentar evitar in posible fallo de memoria.
14-Dec-2024 11:05:00.103 GRAVE [main] org.apache.catalina.loader.WebappClassLoaderBase.checkThreadLocalMapForLeaks La aplicación web [reportserver] creó un ThreadLocal con clave del tipo [java.lang.ThreadLocal] (valor [java.lang.ThreadLocal@75c631b1]) y un valor del tipo [org.hibernate.internal.SessionImpl] (valor [SessionImpl(2033579093<closed>)]) pero no pudo quitarlo cuando la aplicación web se paró. Los hilos se van a renovar con el tiempo para intentar evitar in posible fallo de memoria.
14-Dec-2024 11:05:00.169 INFORMACIÓN [main] org.apache.coyote.AbstractProtocol.stop Stopping ProtocolHandler ["http-nio-8081"]
14-Dec-2024 11:05:00.180 INFORMACIÓN [main] org.apache.coyote.AbstractProtocol.destroy Destroying ProtocolHandler ["http-nio-8081"]
14-Dec-2024 11:06:31.993 INFORMACIÓN [main] org.apache.catalina.core.StandardServer.await Se ha recibido un comando de apagado a través del puerto de apagado. Parando la instancia del Servidor.
14-Dec-2024 11:06:31.995 INFORMACIÓN [main] org.apache.coyote.AbstractProtocol.pause Pausing ProtocolHandler ["http-nio-8081"]
14-Dec-2024 11:06:31.995 INFORMACIÓN [main] org.apache.catalina.core.StandardService.stopInternal Parando servicio [Catalina]
14-Dec-2024 11:06:36.831 INFORMACIÓN [main] org.apache.catalina.startup.VersionLoggerListener.log Nombre de la versión del servidor: Apache Tomcat/9.0.97
14-Dec-2024 11:06:36.838 INFORMACIÓN [main] org.apache.catalina.startup.VersionLoggerListener.log Server built:                      Nov 6 2024 19:55:19 UTC
14-Dec-2024 11:06:36.838 INFORMACIÓN [main] org.apache.catalina.startup.VersionLoggerListener.log Número de versión de servidor:     9.0.97.0
14-Dec-2024 11:06:36.838 INFORMACIÓN [main] org.apache.catalina.startup.VersionLoggerListener.log OS Name:                           Mac OS X
14-Dec-2024 11:06:36.839 INFORMACIÓN [main] org.apache.catalina.startup.VersionLoggerListener.log Versión de Systema Operativo:      13.6.4
14-Dec-2024 11:06:36.839 INFORMACIÓN [main] org.apache.catalina.startup.VersionLoggerListener.log Arquitectura:                      x86_64
14-Dec-2024 11:06:36.839 INFORMACIÓN [main] org.apache.catalina.startup.VersionLoggerListener.log Java Home:                         /Users/mariapaz/.sdkman/candidates/java/17.0.8.1-tem
14-Dec-2024 11:06:36.839 INFORMACIÓN [main] org.apache.catalina.startup.VersionLoggerListener.log JVM Version:                       17.0.8.1+1
14-Dec-2024 11:06:36.839 INFORMACIÓN [main] org.apache.catalina.startup.VersionLoggerListener.log Vededor JVM:                       Eclipse Adoptium
14-Dec-2024 11:06:36.840 INFORMACIÓN [main] org.apache.catalina.startup.VersionLoggerListener.log CATALINA_BASE:                     /Users/mariapaz/GeneradorFacturasMasivas/apache-tomcat-9.0.97
14-Dec-2024 11:06:36.840 INFORMACIÓN [main] org.apache.catalina.startup.VersionLoggerListener.log CATALINA_HOME:                     /Users/mariapaz/GeneradorFacturasMasivas/apache-tomcat-9.0.97
14-Dec-2024 11:06:36.864 INFORMACIÓN [main] org.apache.catalina.startup.VersionLoggerListener.log Command line argument:             --add-opens=java.base/java.lang=ALL-UNNAMED
14-Dec-2024 11:06:36.864 INFORMACIÓN [main] org.apache.catalina.startup.VersionLoggerListener.log Command line argument:             --add-opens=java.base/java.io=ALL-UNNAMED
14-Dec-2024 11:06:36.864 INFORMACIÓN [main] org.apache.catalina.startup.VersionLoggerListener.log Command line argument:             --add-opens=java.base/java.util=ALL-UNNAMED
14-Dec-2024 11:06:36.864 INFORMACIÓN [main] org.apache.catalina.startup.VersionLoggerListener.log Command line argument:             --add-opens=java.base/java.util.concurrent=ALL-UNNAMED
14-Dec-2024 11:06:36.865 INFORMACIÓN [main] org.apache.catalina.startup.VersionLoggerListener.log Command line argument:             --add-opens=java.rmi/sun.rmi.transport=ALL-UNNAMED
14-Dec-2024 11:06:36.865 INFORMACIÓN [main] org.apache.catalina.startup.VersionLoggerListener.log Command line argument:             -Djava.util.logging.config.file=/Users/mariapaz/GeneradorFacturasMasivas/apache-tomcat-9.0.97/conf/logging.properties
14-Dec-2024 11:06:36.865 INFORMACIÓN [main] org.apache.catalina.startup.VersionLoggerListener.log Command line argument:             -Djava.util.logging.manager=org.apache.juli.ClassLoaderLogManager
14-Dec-2024 11:06:36.865 INFORMACIÓN [main] org.apache.catalina.startup.VersionLoggerListener.log Command line argument:             -Djava.security.egd=file:/dev/urandom
14-Dec-2024 11:06:36.865 INFORMACIÓN [main] org.apache.catalina.startup.VersionLoggerListener.log Command line argument:             -Djdk.tls.ephemeralDHKeySize=2048
14-Dec-2024 11:06:36.866 INFORMACIÓN [main] org.apache.catalina.startup.VersionLoggerListener.log Command line argument:             -Djava.protocol.handler.pkgs=org.apache.catalina.webresources
14-Dec-2024 11:06:36.866 INFORMACIÓN [main] org.apache.catalina.startup.VersionLoggerListener.log Command line argument:             -Dorg.apache.catalina.security.SecurityListener.UMASK=0027
14-Dec-2024 11:06:36.866 INFORMACIÓN [main] org.apache.catalina.startup.VersionLoggerListener.log Command line argument:             -Drs.configdir=/Users/mariapaz/GeneradorFacturasMasivas/apache-tomcat-9.0.97/webapps/reportserver/WEB-INF
14-Dec-2024 11:06:36.867 INFORMACIÓN [main] org.apache.catalina.startup.VersionLoggerListener.log Command line argument:             -Xmx4096M
14-Dec-2024 11:06:36.867 INFORMACIÓN [main] org.apache.catalina.startup.VersionLoggerListener.log Command line argument:             -Dfile.encoding=UTF8
14-Dec-2024 11:06:36.868 INFORMACIÓN [main] org.apache.catalina.startup.VersionLoggerListener.log Command line argument:             --add-opens=java.base/java.net=ALL-UNNAMED
14-Dec-2024 11:06:36.869 INFORMACIÓN [main] org.apache.catalina.startup.VersionLoggerListener.log Command line argument:             --add-opens=java.base/jdk.internal.ref=ALL-UNNAMED
14-Dec-2024 11:06:36.870 INFORMACIÓN [main] org.apache.catalina.startup.VersionLoggerListener.log Command line argument:             --add-opens=java.base/jdk.internal.reflect=ALL-UNNAMED
14-Dec-2024 11:06:36.900 INFORMACIÓN [main] org.apache.catalina.startup.VersionLoggerListener.log Command line argument:             --add-opens=java.base/java.lang.invoke=ALL-UNNAMED
14-Dec-2024 11:06:36.901 INFORMACIÓN [main] org.apache.catalina.startup.VersionLoggerListener.log Command line argument:             --add-opens=java.base/java.util=ALL-UNNAMED
14-Dec-2024 11:06:36.901 INFORMACIÓN [main] org.apache.catalina.startup.VersionLoggerListener.log Command line argument:             --add-opens=java.base/java.lang.ref=ALL-UNNAMED
14-Dec-2024 11:06:36.901 INFORMACIÓN [main] org.apache.catalina.startup.VersionLoggerListener.log Command line argument:             --add-opens=java.base/java.lang.reflect=ALL-UNNAMED
14-Dec-2024 11:06:36.901 INFORMACIÓN [main] org.apache.catalina.startup.VersionLoggerListener.log Command line argument:             --add-opens=java.base/sun.reflect.generics.repository=ALL-UNNAMED
14-Dec-2024 11:06:36.903 INFORMACIÓN [main] org.apache.catalina.startup.VersionLoggerListener.log Command line argument:             -Dignore.endorsed.dirs=
14-Dec-2024 11:06:36.904 INFORMACIÓN [main] org.apache.catalina.startup.VersionLoggerListener.log Command line argument:             -Dcatalina.base=/Users/mariapaz/GeneradorFacturasMasivas/apache-tomcat-9.0.97
14-Dec-2024 11:06:36.904 INFORMACIÓN [main] org.apache.catalina.startup.VersionLoggerListener.log Command line argument:             -Dcatalina.home=/Users/mariapaz/GeneradorFacturasMasivas/apache-tomcat-9.0.97
14-Dec-2024 11:06:36.904 INFORMACIÓN [main] org.apache.catalina.startup.VersionLoggerListener.log Command line argument:             -Djava.io.tmpdir=/Users/mariapaz/GeneradorFacturasMasivas/apache-tomcat-9.0.97/temp
14-Dec-2024 11:06:37.010 INFORMACIÓN [main] org.apache.catalina.core.AprLifecycleListener.lifecycleEvent La biblioteca nativa de Apache Tomcat basada en ARP que permite un rendimiento óptimo en entornos de desarrollo no ha sido hallada en java.library.path: [/Users/mariapaz/Library/Java/Extensions:/Library/Java/Extensions:/Network/Library/Java/Extensions:/System/Library/Java/Extensions:/usr/lib/java:.]
14-Dec-2024 11:06:40.540 ADVERTENCIA [main] org.apache.catalina.loader.WebappClassLoaderBase.clearReferencesJdbc La aplicación web [reportserver] registró el conductor JDBC [com.microsoft.sqlserver.jdbc.SQLServerDriver] pero falló al anular el registro mientras la aplicación web estaba parada. Para prevenir un fallo de memoria, se ha anulado el registro del conductor JDBC por la fuerza.
14-Dec-2024 11:06:40.549 ADVERTENCIA [main] org.apache.catalina.loader.WebappClassLoaderBase.clearReferencesThreads The web application [reportserver] appears to have started a thread named [org.apache.commons.vfs2.cache.SoftRefFilesCache$ReleaseThread] but has failed to stop it. This is very likely to create a memory leak. Stack trace of thread:
 java.base@17.0.8.1/java.lang.Object.wait(Native Method)
 java.base@17.0.8.1/java.lang.ref.ReferenceQueue.remove(ReferenceQueue.java:155)
 org.apache.commons.vfs2.cache.SoftRefFilesCache$ReleaseThread.run(SoftRefFilesCache.java:54)
14-Dec-2024 11:06:40.549 ADVERTENCIA [main] org.apache.catalina.loader.WebappClassLoaderBase.clearReferencesThreads The web application [reportserver] appears to have started a thread named [C3P0PooledConnectionPoolManager[identityToken->z8kfltb71iwscdxuxi6vz|3db682cd]-AdminTaskTimer] but has failed to stop it. This is very likely to create a memory leak. Stack trace of thread:
 java.base@17.0.8.1/java.lang.Object.wait(Native Method)
 java.base@17.0.8.1/java.util.TimerThread.mainLoop(Timer.java:563)
 java.base@17.0.8.1/java.util.TimerThread.run(Timer.java:516)
14-Dec-2024 11:06:40.550 ADVERTENCIA [main] org.apache.catalina.loader.WebappClassLoaderBase.clearReferencesThreads The web application [reportserver] appears to have started a thread named [C3P0PooledConnectionPoolManager[identityToken->z8kfltb71iwscdxuxi6vz|3db682cd]-HelperThread-#0] but has failed to stop it. This is very likely to create a memory leak. Stack trace of thread:
 java.base@17.0.8.1/java.lang.Object.wait(Native Method)
 com.mchange.v2.async.ThreadPoolAsynchronousRunner$PoolThread.run(ThreadPoolAsynchronousRunner.java:683)
14-Dec-2024 11:06:40.552 ADVERTENCIA [main] org.apache.catalina.loader.WebappClassLoaderBase.clearReferencesThreads The web application [reportserver] appears to have started a thread named [C3P0PooledConnectionPoolManager[identityToken->z8kfltb71iwscdxuxi6vz|3db682cd]-HelperThread-#1] but has failed to stop it. This is very likely to create a memory leak. Stack trace of thread:
 java.base@17.0.8.1/java.lang.Object.wait(Native Method)
 com.mchange.v2.async.ThreadPoolAsynchronousRunner$PoolThread.run(ThreadPoolAsynchronousRunner.java:683)
14-Dec-2024 11:06:40.552 ADVERTENCIA [main] org.apache.catalina.loader.WebappClassLoaderBase.clearReferencesThreads The web application [reportserver] appears to have started a thread named [C3P0PooledConnectionPoolManager[identityToken->z8kfltb71iwscdxuxi6vz|3db682cd]-HelperThread-#2] but has failed to stop it. This is very likely to create a memory leak. Stack trace of thread:
 java.base@17.0.8.1/java.lang.Object.wait(Native Method)
 com.mchange.v2.async.ThreadPoolAsynchronousRunner$PoolThread.run(ThreadPoolAsynchronousRunner.java:683)
14-Dec-2024 11:06:40.553 ADVERTENCIA [main] org.apache.catalina.loader.WebappClassLoaderBase.clearReferencesThreads The web application [reportserver] appears to have started a thread named [dwdaemon-JpaEventLoggerServiceImpl-1] but has failed to stop it. This is very likely to create a memory leak. Stack trace of thread:
 java.base@17.0.8.1/java.lang.Thread.sleep(Native Method)
 net.datenwerke.rs.utils.daemon.DwDaemonImpl.run(DwDaemonImpl.java:52)
 java.base@17.0.8.1/java.lang.Thread.run(Thread.java:833)
14-Dec-2024 11:06:40.565 ADVERTENCIA [main] org.apache.catalina.loader.WebappClassLoaderBase.clearReferencesThreads The web application [reportserver] appears to have started a thread named [dwdaemon-watchdog-JpaEventLoggerServiceImpl] but has failed to stop it. This is very likely to create a memory leak. Stack trace of thread:
 java.base@17.0.8.1/java.lang.Thread.sleep(Native Method)
 net.datenwerke.rs.utils.daemon.DwDaemonWatchdog.run(DwDaemonWatchdog.java:30)
 java.base@17.0.8.1/java.lang.Thread.run(Thread.java:833)
14-Dec-2024 11:06:40.565 ADVERTENCIA [main] org.apache.catalina.loader.WebappClassLoaderBase.clearReferencesThreads The web application [reportserver] appears to have started a thread named [Thread-21] but has failed to stop it. This is very likely to create a memory leak. Stack trace of thread:
 java.base@17.0.8.1/sun.nio.ch.KQueue.poll(Native Method)
 java.base@17.0.8.1/sun.nio.ch.KQueuePort$EventHandlerTask.poll(KQueuePort.java:200)
 java.base@17.0.8.1/sun.nio.ch.KQueuePort$EventHandlerTask.run(KQueuePort.java:287)
 java.base@17.0.8.1/java.lang.Thread.run(Thread.java:833)
14-Dec-2024 11:06:40.567 ADVERTENCIA [main] org.apache.catalina.loader.WebappClassLoaderBase.clearReferencesThreads The web application [reportserver] appears to have started a thread named [sshd-SshServer[e097fa2](port=8022)-timer-thread-1] but has failed to stop it. This is very likely to create a memory leak. Stack trace of thread:
 java.base@17.0.8.1/jdk.internal.misc.Unsafe.park(Native Method)
 java.base@17.0.8.1/java.util.concurrent.locks.LockSupport.parkNanos(LockSupport.java:252)
 java.base@17.0.8.1/java.util.concurrent.locks.AbstractQueuedSynchronizer$ConditionObject.awaitNanos(AbstractQueuedSynchronizer.java:1672)
 java.base@17.0.8.1/java.util.concurrent.ScheduledThreadPoolExecutor$DelayedWorkQueue.take(ScheduledThreadPoolExecutor.java:1182)
 java.base@17.0.8.1/java.util.concurrent.ScheduledThreadPoolExecutor$DelayedWorkQueue.take(ScheduledThreadPoolExecutor.java:899)
 java.base@17.0.8.1/java.util.concurrent.ThreadPoolExecutor.getTask(ThreadPoolExecutor.java:1062)
 java.base@17.0.8.1/java.util.concurrent.ThreadPoolExecutor.runWorker(ThreadPoolExecutor.java:1122)
 java.base@17.0.8.1/java.util.concurrent.ThreadPoolExecutor$Worker.run(ThreadPoolExecutor.java:635)
 java.base@17.0.8.1/java.lang.Thread.run(Thread.java:833)
14-Dec-2024 11:06:40.568 GRAVE [main] org.apache.catalina.loader.WebappClassLoaderBase.checkThreadLocalMapForLeaks La aplicación web [reportserver] creó un ThreadLocal con clave del tipo [java.lang.ThreadLocal] (valor [java.lang.ThreadLocal@6abb02a9]) y un valor del tipo [org.hibernate.internal.SessionImpl] (valor [SessionImpl(1689009700<closed>)]) pero no pudo quitarlo cuando la aplicación web se paró. Los hilos se van a renovar con el tiempo para intentar evitar in posible fallo de memoria.
14-Dec-2024 11:06:40.725 INFORMACIÓN [main] org.apache.coyote.AbstractProtocol.stop Stopping ProtocolHandler ["http-nio-8081"]
14-Dec-2024 11:06:40.738 INFORMACIÓN [main] org.apache.coyote.AbstractProtocol.destroy Destroying ProtocolHandler ["http-nio-8081"]
14-Dec-2024 11:06:40.918 INFORMACIÓN [main] org.apache.coyote.AbstractProtocol.init Inicializando el manejador de protocolo ["http-nio-8081"]

14-Dec-2024 11:06:41.160 INFORMACIÓN [main] org.apache.catalina.startup.Catalina.load Server initialization in [7146] milliseconds
14-Dec-2024 11:06:41.571 INFORMACIÓN [main] org.apache.catalina.core.StandardService.startInternal Arrancando servicio [Catalina]
14-Dec-2024 11:06:41.571 INFORMACIÓN [main] org.apache.catalina.core.StandardEngine.startInternal Starting Servlet engine: [Apache Tomcat/9.0.97]
14-Dec-2024 11:07:24.319 INFORMACIÓN [main] org.apache.jasper.servlet.TldScanner.scanJars Al menos un JAR, que se ha explorado buscando TLDs, aún no contenía TLDs. Activar historial de depuración para este historiador para una completa lista de los JARs que fueron explorados y de los que nos se halló TLDs. Saltarse JARs no necesarios durante la exploración puede dar lugar a una mejora de tiempo significativa en el arranque y compilación de JSP .
14-Dec-2024 11:09:02.332 INFORMACIÓN [main] org.apache.catalina.startup.HostConfig.deployDirectory Desplegando el directorio [/Users/mariapaz/GeneradorFacturasMasivas/apache-tomcat-9.0.97/webapps/docs] de la aplicación web
14-Dec-2024 11:09:03.091 INFORMACIÓN [main] org.apache.jasper.servlet.TldScanner.scanJars Al menos un JAR, que se ha explorado buscando TLDs, aún no contenía TLDs. Activar historial de depuración para este historiador para una completa lista de los JARs que fueron explorados y de los que nos se halló TLDs. Saltarse JARs no necesarios durante la exploración puede dar lugar a una mejora de tiempo significativa en el arranque y compilación de JSP .
14-Dec-2024 11:09:03.098 INFORMACIÓN [main] org.apache.catalina.startup.HostConfig.deployDirectory Deployment of web application directory [/Users/mariapaz/GeneradorFacturasMasivas/apache-tomcat-9.0.97/webapps/docs] has finished in [765] ms
14-Dec-2024 11:09:03.098 INFORMACIÓN [main] org.apache.catalina.startup.HostConfig.deployDirectory Desplegando el directorio [/Users/mariapaz/GeneradorFacturasMasivas/apache-tomcat-9.0.97/webapps/manager] de la aplicación web
14-Dec-2024 11:09:04.020 INFORMACIÓN [main] org.apache.jasper.servlet.TldScanner.scanJars Al menos un JAR, que se ha explorado buscando TLDs, aún no contenía TLDs. Activar historial de depuración para este historiador para una completa lista de los JARs que fueron explorados y de los que nos se halló TLDs. Saltarse JARs no necesarios durante la exploración puede dar lugar a una mejora de tiempo significativa en el arranque y compilación de JSP .
14-Dec-2024 11:09:04.041 INFORMACIÓN [main] org.apache.catalina.startup.HostConfig.deployDirectory Deployment of web application directory [/Users/mariapaz/GeneradorFacturasMasivas/apache-tomcat-9.0.97/webapps/manager] has finished in [943] ms
14-Dec-2024 11:09:04.042 INFORMACIÓN [main] org.apache.catalina.startup.HostConfig.deployDirectory Desplegando el directorio [/Users/mariapaz/GeneradorFacturasMasivas/apache-tomcat-9.0.97/webapps/examples] de la aplicación web
14-Dec-2024 11:09:06.731 INFORMACIÓN [main] org.apache.jasper.servlet.TldScanner.scanJars Al menos un JAR, que se ha explorado buscando TLDs, aún no contenía TLDs. Activar historial de depuración para este historiador para una completa lista de los JARs que fueron explorados y de los que nos se halló TLDs. Saltarse JARs no necesarios durante la exploración puede dar lugar a una mejora de tiempo significativa en el arranque y compilación de JSP .
14-Dec-2024 11:09:06.860 INFORMACIÓN [main] org.apache.catalina.startup.HostConfig.deployDirectory Deployment of web application directory [/Users/mariapaz/GeneradorFacturasMasivas/apache-tomcat-9.0.97/webapps/examples] has finished in [2.819] ms
14-Dec-2024 11:09:06.861 INFORMACIÓN [main] org.apache.catalina.startup.HostConfig.deployDirectory Desplegando el directorio [/Users/mariapaz/GeneradorFacturasMasivas/apache-tomcat-9.0.97/webapps/ROOT] de la aplicación web
14-Dec-2024 11:09:08.041 INFORMACIÓN [main] org.apache.jasper.servlet.TldScanner.scanJars Al menos un JAR, que se ha explorado buscando TLDs, aún no contenía TLDs. Activar historial de depuración para este historiador para una completa lista de los JARs que fueron explorados y de los que nos se halló TLDs. Saltarse JARs no necesarios durante la exploración puede dar lugar a una mejora de tiempo significativa en el arranque y compilación de JSP .
14-Dec-2024 11:09:08.098 INFORMACIÓN [main] org.apache.catalina.startup.HostConfig.deployDirectory Deployment of web application directory [/Users/mariapaz/GeneradorFacturasMasivas/apache-tomcat-9.0.97/webapps/ROOT] has finished in [1.238] ms
14-Dec-2024 11:09:08.099 INFORMACIÓN [main] org.apache.catalina.startup.HostConfig.deployDirectory Desplegando el directorio [/Users/mariapaz/GeneradorFacturasMasivas/apache-tomcat-9.0.97/webapps/host-manager] de la aplicación web
14-Dec-2024 11:09:08.837 INFORMACIÓN [main] org.apache.jasper.servlet.TldScanner.scanJars Al menos un JAR, que se ha explorado buscando TLDs, aún no contenía TLDs. Activar historial de depuración para este historiador para una completa lista de los JARs que fueron explorados y de los que nos se halló TLDs. Saltarse JARs no necesarios durante la exploración puede dar lugar a una mejora de tiempo significativa en el arranque y compilación de JSP .
14-Dec-2024 11:09:08.840 INFORMACIÓN [main] org.apache.catalina.startup.HostConfig.deployDirectory Deployment of web application directory [/Users/mariapaz/GeneradorFacturasMasivas/apache-tomcat-9.0.97/webapps/host-manager] has finished in [741] ms
14-Dec-2024 11:09:08.848 INFORMACIÓN [main] org.apache.coyote.AbstractProtocol.start Starting ProtocolHandler ["http-nio-8081"]
14-Dec-2024 11:09:08.868 INFORMACIÓN [main] org.apache.catalina.startup.Catalina.start Server startup in [147713] milliseconds
