28-Nov-2024 10:27:50.855 INFORMACIÓN [main] org.apache.catalina.startup.VersionLoggerListener.log Nombre de la versión del servidor: Apache Tomcat/9.0.97
28-Nov-2024 10:27:50.887 INFORMACIÓN [main] org.apache.catalina.startup.VersionLoggerListener.log Server built:                      Nov 6 2024 19:55:19 UTC
28-Nov-2024 10:27:50.888 INFORMACIÓN [main] org.apache.catalina.startup.VersionLoggerListener.log Número de versión de servidor:     9.0.97.0
28-Nov-2024 10:27:50.889 INFORMACIÓN [main] org.apache.catalina.startup.VersionLoggerListener.log OS Name:                           Mac OS X
28-Nov-2024 10:27:50.890 INFORMACIÓN [main] org.apache.catalina.startup.VersionLoggerListener.log Versión de Systema Operativo:      13.6.4
28-Nov-2024 10:27:50.891 INFORMACIÓN [main] org.apache.catalina.startup.VersionLoggerListener.log Arquitectura:                      x86_64
28-Nov-2024 10:27:50.891 INFORMACIÓN [main] org.apache.catalina.startup.VersionLoggerListener.log Java Home:                         /Users/mariapaz/.sdkman/candidates/java/17.0.8.1-tem
28-Nov-2024 10:27:50.912 INFORMACIÓN [main] org.apache.catalina.startup.VersionLoggerListener.log JVM Version:                       17.0.8.1+1
28-Nov-2024 10:27:50.936 INFORMACIÓN [main] org.apache.catalina.startup.VersionLoggerListener.log Vededor JVM:                       Eclipse Adoptium
28-Nov-2024 10:27:50.937 INFORMACIÓN [main] org.apache.catalina.startup.VersionLoggerListener.log CATALINA_BASE:                     /Users/mariapaz/GeneradorFacturasMasivas/apache-tomcat-9.0.97
28-Nov-2024 10:27:50.938 INFORMACIÓN [main] org.apache.catalina.startup.VersionLoggerListener.log CATALINA_HOME:                     /Users/mariapaz/GeneradorFacturasMasivas/apache-tomcat-9.0.97
28-Nov-2024 10:27:51.032 INFORMACIÓN [main] org.apache.catalina.startup.VersionLoggerListener.log Command line argument:             --add-opens=java.base/java.lang=ALL-UNNAMED
28-Nov-2024 10:27:51.090 INFORMACIÓN [main] org.apache.catalina.startup.VersionLoggerListener.log Command line argument:             --add-opens=java.base/java.io=ALL-UNNAMED
28-Nov-2024 10:27:51.103 INFORMACIÓN [main] org.apache.catalina.startup.VersionLoggerListener.log Command line argument:             --add-opens=java.base/java.util=ALL-UNNAMED
28-Nov-2024 10:27:51.108 INFORMACIÓN [main] org.apache.catalina.startup.VersionLoggerListener.log Command line argument:             --add-opens=java.base/java.util.concurrent=ALL-UNNAMED
28-Nov-2024 10:27:51.116 INFORMACIÓN [main] org.apache.catalina.startup.VersionLoggerListener.log Command line argument:             --add-opens=java.rmi/sun.rmi.transport=ALL-UNNAMED
28-Nov-2024 10:27:51.119 INFORMACIÓN [main] org.apache.catalina.startup.VersionLoggerListener.log Command line argument:             -Djava.util.logging.config.file=/Users/mariapaz/GeneradorFacturasMasivas/apache-tomcat-9.0.97/conf/logging.properties
28-Nov-2024 10:27:51.135 INFORMACIÓN [main] org.apache.catalina.startup.VersionLoggerListener.log Command line argument:             -Djava.util.logging.manager=org.apache.juli.ClassLoaderLogManager
28-Nov-2024 10:27:51.148 INFORMACIÓN [main] org.apache.catalina.startup.VersionLoggerListener.log Command line argument:             -Djava.security.egd=file:/dev/urandom
28-Nov-2024 10:27:51.198 INFORMACIÓN [main] org.apache.catalina.startup.VersionLoggerListener.log Command line argument:             -Djdk.tls.ephemeralDHKeySize=2048
28-Nov-2024 10:27:51.199 INFORMACIÓN [main] org.apache.catalina.startup.VersionLoggerListener.log Command line argument:             -Djava.protocol.handler.pkgs=org.apache.catalina.webresources
28-Nov-2024 10:27:51.199 INFORMACIÓN [main] org.apache.catalina.startup.VersionLoggerListener.log Command line argument:             -Dorg.apache.catalina.security.SecurityListener.UMASK=0027
28-Nov-2024 10:27:51.207 INFORMACIÓN [main] org.apache.catalina.startup.VersionLoggerListener.log Command line argument:             -Drs.configdir=/Users/mariapaz/GeneradorFacturasMasivas/apache-tomcat-9.0.97/webapps/reportserver/WEB-INF
28-Nov-2024 10:27:51.208 INFORMACIÓN [main] org.apache.catalina.startup.VersionLoggerListener.log Command line argument:             -Dignore.endorsed.dirs=
28-Nov-2024 10:27:51.209 INFORMACIÓN [main] org.apache.catalina.startup.VersionLoggerListener.log Command line argument:             -Dcatalina.base=/Users/mariapaz/GeneradorFacturasMasivas/apache-tomcat-9.0.97
28-Nov-2024 10:27:51.210 INFORMACIÓN [main] org.apache.catalina.startup.VersionLoggerListener.log Command line argument:             -Dcatalina.home=/Users/mariapaz/GeneradorFacturasMasivas/apache-tomcat-9.0.97
28-Nov-2024 10:27:51.216 INFORMACIÓN [main] org.apache.catalina.startup.VersionLoggerListener.log Command line argument:             -Djava.io.tmpdir=/Users/mariapaz/GeneradorFacturasMasivas/apache-tomcat-9.0.97/temp
28-Nov-2024 10:27:51.291 INFORMACIÓN [main] org.apache.catalina.core.AprLifecycleListener.lifecycleEvent La biblioteca nativa de Apache Tomcat basada en ARP que permite un rendimiento óptimo en entornos de desarrollo no ha sido hallada en java.library.path: [/Users/mariapaz/Library/Java/Extensions:/Library/Java/Extensions:/Network/Library/Java/Extensions:/System/Library/Java/Extensions:/usr/lib/java:.]
28-Nov-2024 10:27:59.379 INFORMACIÓN [main] org.apache.coyote.AbstractProtocol.init Inicializando el manejador de protocolo ["http-nio-8081"]

28-Nov-2024 10:27:59.821 INFORMACIÓN [main] org.apache.catalina.startup.Catalina.load Server initialization in [12523] milliseconds
28-Nov-2024 10:28:00.568 INFORMACIÓN [main] org.apache.catalina.core.StandardService.startInternal Arrancando servicio [Catalina]
28-Nov-2024 10:28:00.571 INFORMACIÓN [main] org.apache.catalina.core.StandardEngine.startInternal Starting Servlet engine: [Apache Tomcat/9.0.97]
28-Nov-2024 10:28:00.727 INFORMACIÓN [main] org.apache.catalina.startup.HostConfig.deployDirectory Desplegando el directorio [/Users/mariapaz/GeneradorFacturasMasivas/apache-tomcat-9.0.97/webapps/reportserver] de la aplicación web
28-Nov-2024 10:30:18.477 INFORMACIÓN [main] org.apache.jasper.servlet.TldScanner.scanJars Al menos un JAR, que se ha explorado buscando TLDs, aún no contenía TLDs. Activar historial de depuración para este historiador para una completa lista de los JARs que fueron explorados y de los que nos se halló TLDs. Saltarse JARs no necesarios durante la exploración puede dar lugar a una mejora de tiempo significativa en el arranque y compilación de JSP .
28-Nov-2024 10:30:28.459 GRAVE [main] org.apache.catalina.core.StandardContext.startInternal One or more listeners failed to start. Full details will be found in the appropriate container log file
28-Nov-2024 10:30:28.549 GRAVE [main] org.apache.catalina.core.StandardContext.startInternal Falló en arranque del Contexto [/reportserver] debido a errores previos
28-Nov-2024 10:30:29.142 ADVERTENCIA [main] org.apache.catalina.loader.WebappClassLoaderBase.clearReferencesThreads The web application [reportserver] appears to have started a thread named [org.apache.commons.vfs2.cache.SoftRefFilesCache$ReleaseThread] but has failed to stop it. This is very likely to create a memory leak. Stack trace of thread:
 java.base@17.0.8.1/java.lang.Object.wait(Native Method)
 java.base@17.0.8.1/java.lang.ref.ReferenceQueue.remove(ReferenceQueue.java:155)
 org.apache.commons.vfs2.cache.SoftRefFilesCache$ReleaseThread.run(SoftRefFilesCache.java:54)
28-Nov-2024 10:30:29.205 INFORMACIÓN [main] org.apache.catalina.startup.HostConfig.deployDirectory Deployment of web application directory [/Users/mariapaz/GeneradorFacturasMasivas/apache-tomcat-9.0.97/webapps/reportserver] has finished in [148.458] ms
28-Nov-2024 10:30:29.207 INFORMACIÓN [main] org.apache.catalina.startup.HostConfig.deployDirectory Desplegando el directorio [/Users/mariapaz/GeneradorFacturasMasivas/apache-tomcat-9.0.97/webapps/docs] de la aplicación web
28-Nov-2024 10:30:31.561 INFORMACIÓN [main] org.apache.jasper.servlet.TldScanner.scanJars Al menos un JAR, que se ha explorado buscando TLDs, aún no contenía TLDs. Activar historial de depuración para este historiador para una completa lista de los JARs que fueron explorados y de los que nos se halló TLDs. Saltarse JARs no necesarios durante la exploración puede dar lugar a una mejora de tiempo significativa en el arranque y compilación de JSP .
28-Nov-2024 10:30:31.610 INFORMACIÓN [main] org.apache.catalina.startup.HostConfig.deployDirectory Deployment of web application directory [/Users/mariapaz/GeneradorFacturasMasivas/apache-tomcat-9.0.97/webapps/docs] has finished in [2.403] ms
28-Nov-2024 10:30:31.610 INFORMACIÓN [main] org.apache.catalina.startup.HostConfig.deployDirectory Desplegando el directorio [/Users/mariapaz/GeneradorFacturasMasivas/apache-tomcat-9.0.97/webapps/manager] de la aplicación web
28-Nov-2024 10:30:34.234 INFORMACIÓN [main] org.apache.jasper.servlet.TldScanner.scanJars Al menos un JAR, que se ha explorado buscando TLDs, aún no contenía TLDs. Activar historial de depuración para este historiador para una completa lista de los JARs que fueron explorados y de los que nos se halló TLDs. Saltarse JARs no necesarios durante la exploración puede dar lugar a una mejora de tiempo significativa en el arranque y compilación de JSP .
28-Nov-2024 10:30:34.332 INFORMACIÓN [main] org.apache.catalina.startup.HostConfig.deployDirectory Deployment of web application directory [/Users/mariapaz/GeneradorFacturasMasivas/apache-tomcat-9.0.97/webapps/manager] has finished in [2.721] ms
28-Nov-2024 10:30:34.333 INFORMACIÓN [main] org.apache.catalina.startup.HostConfig.deployDirectory Desplegando el directorio [/Users/mariapaz/GeneradorFacturasMasivas/apache-tomcat-9.0.97/webapps/examples] de la aplicación web
28-Nov-2024 10:30:37.919 INFORMACIÓN [main] org.apache.jasper.servlet.TldScanner.scanJars Al menos un JAR, que se ha explorado buscando TLDs, aún no contenía TLDs. Activar historial de depuración para este historiador para una completa lista de los JARs que fueron explorados y de los que nos se halló TLDs. Saltarse JARs no necesarios durante la exploración puede dar lugar a una mejora de tiempo significativa en el arranque y compilación de JSP .
28-Nov-2024 10:30:37.974 INFORMACIÓN [main] org.apache.catalina.startup.HostConfig.deployDirectory Deployment of web application directory [/Users/mariapaz/GeneradorFacturasMasivas/apache-tomcat-9.0.97/webapps/examples] has finished in [3.640] ms
28-Nov-2024 10:30:37.974 INFORMACIÓN [main] org.apache.catalina.startup.HostConfig.deployDirectory Desplegando el directorio [/Users/mariapaz/GeneradorFacturasMasivas/apache-tomcat-9.0.97/webapps/ROOT] de la aplicación web
28-Nov-2024 10:30:40.537 INFORMACIÓN [main] org.apache.jasper.servlet.TldScanner.scanJars Al menos un JAR, que se ha explorado buscando TLDs, aún no contenía TLDs. Activar historial de depuración para este historiador para una completa lista de los JARs que fueron explorados y de los que nos se halló TLDs. Saltarse JARs no necesarios durante la exploración puede dar lugar a una mejora de tiempo significativa en el arranque y compilación de JSP .
28-Nov-2024 10:30:40.545 INFORMACIÓN [main] org.apache.catalina.startup.HostConfig.deployDirectory Deployment of web application directory [/Users/mariapaz/GeneradorFacturasMasivas/apache-tomcat-9.0.97/webapps/ROOT] has finished in [2.570] ms
28-Nov-2024 10:30:40.548 INFORMACIÓN [main] org.apache.catalina.startup.HostConfig.deployDirectory Desplegando el directorio [/Users/mariapaz/GeneradorFacturasMasivas/apache-tomcat-9.0.97/webapps/host-manager] de la aplicación web
28-Nov-2024 10:30:43.645 INFORMACIÓN [main] org.apache.jasper.servlet.TldScanner.scanJars Al menos un JAR, que se ha explorado buscando TLDs, aún no contenía TLDs. Activar historial de depuración para este historiador para una completa lista de los JARs que fueron explorados y de los que nos se halló TLDs. Saltarse JARs no necesarios durante la exploración puede dar lugar a una mejora de tiempo significativa en el arranque y compilación de JSP .
28-Nov-2024 10:30:43.657 INFORMACIÓN [main] org.apache.catalina.startup.HostConfig.deployDirectory Deployment of web application directory [/Users/mariapaz/GeneradorFacturasMasivas/apache-tomcat-9.0.97/webapps/host-manager] has finished in [3.109] ms
28-Nov-2024 10:30:43.800 INFORMACIÓN [main] org.apache.coyote.AbstractProtocol.start Starting ProtocolHandler ["http-nio-8081"]
28-Nov-2024 10:30:43.977 INFORMACIÓN [main] org.apache.catalina.startup.Catalina.start Server startup in [164154] milliseconds
28-Nov-2024 10:33:54.217 INFORMACIÓN [Catalina-utility-2] org.apache.catalina.startup.HostConfig.reload Falló la recarga del contexto [/reportserver]
28-Nov-2024 10:33:59.605 GRAVE [Catalina-utility-2] org.apache.tomcat.util.digester.Digester.fatalError Parse fatal error at line [53] column [4]
	org.xml.sax.SAXParseException; systemId: file:/Users/mariapaz/GeneradorFacturasMasivas/apache-tomcat-9.0.97/webapps/reportserver/WEB-INF/web.xml; lineNumber: 53; columnNumber: 4; XML document structures must start and end within the same entity.
		at org.apache.xerces.util.ErrorHandlerWrapper.createSAXParseException(Unknown Source)
		at org.apache.xerces.util.ErrorHandlerWrapper.fatalError(Unknown Source)
		at org.apache.xerces.impl.XMLErrorReporter.reportError(Unknown Source)
		at org.apache.xerces.impl.XMLErrorReporter.reportError(Unknown Source)
		at org.apache.xerces.impl.XMLErrorReporter.reportError(Unknown Source)
		at org.apache.xerces.impl.XMLScanner.reportFatalError(Unknown Source)
		at org.apache.xerces.impl.XMLDocumentFragmentScannerImpl.endEntity(Unknown Source)
		at org.apache.xerces.impl.XMLDocumentScannerImpl.endEntity(Unknown Source)
		at org.apache.xerces.impl.XMLEntityManager.endEntity(Unknown Source)
		at org.apache.xerces.impl.XMLEntityScanner.load(Unknown Source)
		at org.apache.xerces.impl.XMLEntityScanner.scanContent(Unknown Source)
		at org.apache.xerces.impl.XMLDocumentFragmentScannerImpl.scanContent(Unknown Source)
		at org.apache.xerces.impl.XMLDocumentFragmentScannerImpl$FragmentContentDispatcher.dispatch(Unknown Source)
		at org.apache.xerces.impl.XMLDocumentFragmentScannerImpl.scanDocument(Unknown Source)
		at org.apache.xerces.parsers.XML11Configuration.parse(Unknown Source)
		at org.apache.xerces.parsers.XML11Configuration.parse(Unknown Source)
		at org.apache.xerces.parsers.XMLParser.parse(Unknown Source)
		at org.apache.xerces.parsers.AbstractSAXParser.parse(Unknown Source)
		at org.apache.xerces.jaxp.SAXParserImpl$JAXPSAXParser.parse(Unknown Source)
		at org.apache.tomcat.util.digester.Digester.parse(Digester.java:1542)
		at org.apache.tomcat.util.descriptor.web.WebXmlParser.parseWebXml(WebXmlParser.java:119)
		at org.apache.catalina.startup.ContextConfig.webConfig(ContextConfig.java:1236)
		at org.apache.catalina.startup.ContextConfig.configureStart(ContextConfig.java:961)
		at org.apache.catalina.startup.ContextConfig.lifecycleEvent(ContextConfig.java:290)
		at org.apache.catalina.util.LifecycleBase.fireLifecycleEvent(LifecycleBase.java:109)
		at org.apache.catalina.core.StandardContext.startInternal(StandardContext.java:4366)
		at org.apache.catalina.util.LifecycleBase.start(LifecycleBase.java:164)
		at org.apache.catalina.startup.HostConfig.reload(HostConfig.java:1424)
		at org.apache.catalina.startup.HostConfig.checkResources(HostConfig.java:1390)
		at org.apache.catalina.startup.HostConfig.check(HostConfig.java:1620)
		at org.apache.catalina.startup.HostConfig.lifecycleEvent(HostConfig.java:308)
		at org.apache.catalina.util.LifecycleBase.fireLifecycleEvent(LifecycleBase.java:109)
		at org.apache.catalina.core.ContainerBase.backgroundProcess(ContainerBase.java:973)
		at org.apache.catalina.core.ContainerBase$ContainerBackgroundProcessor.processChildren(ContainerBase.java:1172)
		at org.apache.catalina.core.ContainerBase$ContainerBackgroundProcessor.processChildren(ContainerBase.java:1176)
		at org.apache.catalina.core.ContainerBase$ContainerBackgroundProcessor.run(ContainerBase.java:1154)
		at java.base/java.util.concurrent.Executors$RunnableAdapter.call(Executors.java:539)
		at java.base/java.util.concurrent.FutureTask.runAndReset(FutureTask.java:305)
		at java.base/java.util.concurrent.ScheduledThreadPoolExecutor$ScheduledFutureTask.run(ScheduledThreadPoolExecutor.java:305)
		at java.base/java.util.concurrent.ThreadPoolExecutor.runWorker(ThreadPoolExecutor.java:1136)
		at java.base/java.util.concurrent.ThreadPoolExecutor$Worker.run(ThreadPoolExecutor.java:635)
		at org.apache.tomcat.util.threads.TaskThread$WrappingRunnable.run(TaskThread.java:63)
		at java.base/java.lang.Thread.run(Thread.java:833)
28-Nov-2024 10:33:59.616 GRAVE [Catalina-utility-2] org.apache.tomcat.util.descriptor.web.WebXmlParser.parseWebXml Error de evaluación (parse) en el archivo web.xml de la aplicación a [file:/Users/mariapaz/GeneradorFacturasMasivas/apache-tomcat-9.0.97/webapps/reportserver/WEB-INF/web.xml]
	org.xml.sax.SAXParseException; systemId: file:/Users/mariapaz/GeneradorFacturasMasivas/apache-tomcat-9.0.97/webapps/reportserver/WEB-INF/web.xml; lineNumber: 53; columnNumber: 4; XML document structures must start and end within the same entity.
		at org.apache.xerces.util.ErrorHandlerWrapper.createSAXParseException(Unknown Source)
		at org.apache.xerces.util.ErrorHandlerWrapper.fatalError(Unknown Source)
		at org.apache.xerces.impl.XMLErrorReporter.reportError(Unknown Source)
		at org.apache.xerces.impl.XMLErrorReporter.reportError(Unknown Source)
		at org.apache.xerces.impl.XMLErrorReporter.reportError(Unknown Source)
		at org.apache.xerces.impl.XMLScanner.reportFatalError(Unknown Source)
		at org.apache.xerces.impl.XMLDocumentFragmentScannerImpl.endEntity(Unknown Source)
		at org.apache.xerces.impl.XMLDocumentScannerImpl.endEntity(Unknown Source)
		at org.apache.xerces.impl.XMLEntityManager.endEntity(Unknown Source)
		at org.apache.xerces.impl.XMLEntityScanner.load(Unknown Source)
		at org.apache.xerces.impl.XMLEntityScanner.scanContent(Unknown Source)
		at org.apache.xerces.impl.XMLDocumentFragmentScannerImpl.scanContent(Unknown Source)
		at org.apache.xerces.impl.XMLDocumentFragmentScannerImpl$FragmentContentDispatcher.dispatch(Unknown Source)
		at org.apache.xerces.impl.XMLDocumentFragmentScannerImpl.scanDocument(Unknown Source)
		at org.apache.xerces.parsers.XML11Configuration.parse(Unknown Source)
		at org.apache.xerces.parsers.XML11Configuration.parse(Unknown Source)
		at org.apache.xerces.parsers.XMLParser.parse(Unknown Source)
		at org.apache.xerces.parsers.AbstractSAXParser.parse(Unknown Source)
		at org.apache.xerces.jaxp.SAXParserImpl$JAXPSAXParser.parse(Unknown Source)
		at org.apache.tomcat.util.digester.Digester.parse(Digester.java:1542)
		at org.apache.tomcat.util.descriptor.web.WebXmlParser.parseWebXml(WebXmlParser.java:119)
		at org.apache.catalina.startup.ContextConfig.webConfig(ContextConfig.java:1236)
		at org.apache.catalina.startup.ContextConfig.configureStart(ContextConfig.java:961)
		at org.apache.catalina.startup.ContextConfig.lifecycleEvent(ContextConfig.java:290)
		at org.apache.catalina.util.LifecycleBase.fireLifecycleEvent(LifecycleBase.java:109)
		at org.apache.catalina.core.StandardContext.startInternal(StandardContext.java:4366)
		at org.apache.catalina.util.LifecycleBase.start(LifecycleBase.java:164)
		at org.apache.catalina.startup.HostConfig.reload(HostConfig.java:1424)
		at org.apache.catalina.startup.HostConfig.checkResources(HostConfig.java:1390)
		at org.apache.catalina.startup.HostConfig.check(HostConfig.java:1620)
		at org.apache.catalina.startup.HostConfig.lifecycleEvent(HostConfig.java:308)
		at org.apache.catalina.util.LifecycleBase.fireLifecycleEvent(LifecycleBase.java:109)
		at org.apache.catalina.core.ContainerBase.backgroundProcess(ContainerBase.java:973)
		at org.apache.catalina.core.ContainerBase$ContainerBackgroundProcessor.processChildren(ContainerBase.java:1172)
		at org.apache.catalina.core.ContainerBase$ContainerBackgroundProcessor.processChildren(ContainerBase.java:1176)
		at org.apache.catalina.core.ContainerBase$ContainerBackgroundProcessor.run(ContainerBase.java:1154)
		at java.base/java.util.concurrent.Executors$RunnableAdapter.call(Executors.java:539)
		at java.base/java.util.concurrent.FutureTask.runAndReset(FutureTask.java:305)
		at java.base/java.util.concurrent.ScheduledThreadPoolExecutor$ScheduledFutureTask.run(ScheduledThreadPoolExecutor.java:305)
		at java.base/java.util.concurrent.ThreadPoolExecutor.runWorker(ThreadPoolExecutor.java:1136)
		at java.base/java.util.concurrent.ThreadPoolExecutor$Worker.run(ThreadPoolExecutor.java:635)
		at org.apache.tomcat.util.threads.TaskThread$WrappingRunnable.run(TaskThread.java:63)
		at java.base/java.lang.Thread.run(Thread.java:833)
28-Nov-2024 10:33:59.618 GRAVE [Catalina-utility-2] org.apache.tomcat.util.descriptor.web.WebXmlParser.parseWebXml Se ha producido en la línea [53] columna [4]
28-Nov-2024 10:34:01.001 GRAVE [Catalina-utility-2] org.apache.catalina.startup.ContextConfig.configureStart Esta aplicación está marcada como no disponible debido a los errores precedentes
28-Nov-2024 10:34:01.010 GRAVE [Catalina-utility-2] org.apache.catalina.core.StandardContext.startInternal One or more components marked the context as not correctly configured
28-Nov-2024 10:34:01.022 GRAVE [Catalina-utility-2] org.apache.catalina.core.StandardContext.startInternal Falló en arranque del Contexto [/reportserver] debido a errores previos
28-Nov-2024 10:34:11.858 INFORMACIÓN [Catalina-utility-1] org.apache.catalina.startup.HostConfig.undeploy Repliegue (undeploy) de la aplicación web que tiene como trayectoria de contexto [/reportserver]
28-Nov-2024 10:34:21.005 INFORMACIÓN [Catalina-utility-1] org.apache.catalina.startup.HostConfig.deployWAR Despliegue del archivo [/Users/mariapaz/GeneradorFacturasMasivas/apache-tomcat-9.0.97/webapps/reportserver.war] de la aplicación web
28-Nov-2024 10:34:45.600 INFORMACIÓN [main] org.apache.catalina.core.StandardServer.await Se ha recibido un comando de apagado a través del puerto de apagado. Parando la instancia del Servidor.
28-Nov-2024 10:34:45.625 INFORMACIÓN [main] org.apache.coyote.AbstractProtocol.pause Pausing ProtocolHandler ["http-nio-8081"]
28-Nov-2024 10:34:45.660 INFORMACIÓN [main] org.apache.catalina.core.StandardService.stopInternal Parando servicio [Catalina]
28-Nov-2024 10:34:57.394 INFORMACIÓN [main] org.apache.catalina.startup.VersionLoggerListener.log Nombre de la versión del servidor: Apache Tomcat/9.0.97
28-Nov-2024 10:34:57.458 INFORMACIÓN [main] org.apache.catalina.startup.VersionLoggerListener.log Server built:                      Nov 6 2024 19:55:19 UTC
28-Nov-2024 10:34:57.486 INFORMACIÓN [main] org.apache.catalina.startup.VersionLoggerListener.log Número de versión de servidor:     9.0.97.0
28-Nov-2024 10:34:57.526 INFORMACIÓN [main] org.apache.catalina.startup.VersionLoggerListener.log OS Name:                           Mac OS X
28-Nov-2024 10:34:57.527 INFORMACIÓN [main] org.apache.catalina.startup.VersionLoggerListener.log Versión de Systema Operativo:      13.6.4
28-Nov-2024 10:34:57.528 INFORMACIÓN [main] org.apache.catalina.startup.VersionLoggerListener.log Arquitectura:                      x86_64
28-Nov-2024 10:34:57.528 INFORMACIÓN [main] org.apache.catalina.startup.VersionLoggerListener.log Java Home:                         /Users/mariapaz/.sdkman/candidates/java/17.0.8.1-tem
28-Nov-2024 10:34:57.530 INFORMACIÓN [main] org.apache.catalina.startup.VersionLoggerListener.log JVM Version:                       17.0.8.1+1
28-Nov-2024 10:34:57.530 INFORMACIÓN [main] org.apache.catalina.startup.VersionLoggerListener.log Vededor JVM:                       Eclipse Adoptium
28-Nov-2024 10:34:57.531 INFORMACIÓN [main] org.apache.catalina.startup.VersionLoggerListener.log CATALINA_BASE:                     /Users/mariapaz/GeneradorFacturasMasivas/apache-tomcat-9.0.97
28-Nov-2024 10:34:57.532 INFORMACIÓN [main] org.apache.catalina.startup.VersionLoggerListener.log CATALINA_HOME:                     /Users/mariapaz/GeneradorFacturasMasivas/apache-tomcat-9.0.97
28-Nov-2024 10:34:57.535 INFORMACIÓN [main] org.apache.catalina.startup.VersionLoggerListener.log Command line argument:             --add-opens=java.base/java.lang=ALL-UNNAMED
28-Nov-2024 10:34:57.535 INFORMACIÓN [main] org.apache.catalina.startup.VersionLoggerListener.log Command line argument:             --add-opens=java.base/java.io=ALL-UNNAMED
28-Nov-2024 10:34:57.535 INFORMACIÓN [main] org.apache.catalina.startup.VersionLoggerListener.log Command line argument:             --add-opens=java.base/java.util=ALL-UNNAMED
28-Nov-2024 10:34:57.536 INFORMACIÓN [main] org.apache.catalina.startup.VersionLoggerListener.log Command line argument:             --add-opens=java.base/java.util.concurrent=ALL-UNNAMED
28-Nov-2024 10:34:57.536 INFORMACIÓN [main] org.apache.catalina.startup.VersionLoggerListener.log Command line argument:             --add-opens=java.rmi/sun.rmi.transport=ALL-UNNAMED
28-Nov-2024 10:34:57.536 INFORMACIÓN [main] org.apache.catalina.startup.VersionLoggerListener.log Command line argument:             -Djava.util.logging.config.file=/Users/mariapaz/GeneradorFacturasMasivas/apache-tomcat-9.0.97/conf/logging.properties
28-Nov-2024 10:34:57.537 INFORMACIÓN [main] org.apache.catalina.startup.VersionLoggerListener.log Command line argument:             -Djava.util.logging.manager=org.apache.juli.ClassLoaderLogManager
28-Nov-2024 10:34:57.538 INFORMACIÓN [main] org.apache.catalina.startup.VersionLoggerListener.log Command line argument:             -Djava.security.egd=file:/dev/urandom
28-Nov-2024 10:34:57.538 INFORMACIÓN [main] org.apache.catalina.startup.VersionLoggerListener.log Command line argument:             -Djdk.tls.ephemeralDHKeySize=2048
28-Nov-2024 10:34:57.539 INFORMACIÓN [main] org.apache.catalina.startup.VersionLoggerListener.log Command line argument:             -Djava.protocol.handler.pkgs=org.apache.catalina.webresources
28-Nov-2024 10:34:57.539 INFORMACIÓN [main] org.apache.catalina.startup.VersionLoggerListener.log Command line argument:             -Dorg.apache.catalina.security.SecurityListener.UMASK=0027
28-Nov-2024 10:34:57.540 INFORMACIÓN [main] org.apache.catalina.startup.VersionLoggerListener.log Command line argument:             -Drs.configdir=/Users/mariapaz/GeneradorFacturasMasivas/apache-tomcat-9.0.97/webapps/reportserver/WEB-INF
28-Nov-2024 10:34:57.541 INFORMACIÓN [main] org.apache.catalina.startup.VersionLoggerListener.log Command line argument:             -Dignore.endorsed.dirs=
28-Nov-2024 10:34:57.541 INFORMACIÓN [main] org.apache.catalina.startup.VersionLoggerListener.log Command line argument:             -Dcatalina.base=/Users/mariapaz/GeneradorFacturasMasivas/apache-tomcat-9.0.97
28-Nov-2024 10:34:57.541 INFORMACIÓN [main] org.apache.catalina.startup.VersionLoggerListener.log Command line argument:             -Dcatalina.home=/Users/mariapaz/GeneradorFacturasMasivas/apache-tomcat-9.0.97
28-Nov-2024 10:34:57.542 INFORMACIÓN [main] org.apache.catalina.startup.VersionLoggerListener.log Command line argument:             -Djava.io.tmpdir=/Users/mariapaz/GeneradorFacturasMasivas/apache-tomcat-9.0.97/temp
28-Nov-2024 10:34:57.626 INFORMACIÓN [main] org.apache.catalina.core.AprLifecycleListener.lifecycleEvent La biblioteca nativa de Apache Tomcat basada en ARP que permite un rendimiento óptimo en entornos de desarrollo no ha sido hallada en java.library.path: [/Users/mariapaz/Library/Java/Extensions:/Library/Java/Extensions:/Network/Library/Java/Extensions:/System/Library/Java/Extensions:/usr/lib/java:.]
28-Nov-2024 10:35:07.239 INFORMACIÓN [main] org.apache.coyote.AbstractProtocol.init Inicializando el manejador de protocolo ["http-nio-8081"]

28-Nov-2024 10:35:07.358 GRAVE [main] org.apache.catalina.util.LifecycleBase.handleSubClassException Fallo al iniciar el componente [Connector["http-nio-8081"]]
	org.apache.catalina.LifecycleException: Falló la inicialización del manejador de protocolo
		at org.apache.catalina.connector.Connector.initInternal(Connector.java:1027)
		at org.apache.catalina.util.LifecycleBase.init(LifecycleBase.java:122)
		at org.apache.catalina.core.StandardService.initInternal(StandardService.java:525)
		at org.apache.catalina.util.LifecycleBase.init(LifecycleBase.java:122)
		at org.apache.catalina.core.StandardServer.initInternal(StandardServer.java:986)
		at org.apache.catalina.util.LifecycleBase.init(LifecycleBase.java:122)
		at org.apache.catalina.startup.Catalina.load(Catalina.java:686)
		at org.apache.catalina.startup.Catalina.load(Catalina.java:709)
		at java.base/jdk.internal.reflect.NativeMethodAccessorImpl.invoke0(Native Method)
		at java.base/jdk.internal.reflect.NativeMethodAccessorImpl.invoke(NativeMethodAccessorImpl.java:77)
		at java.base/jdk.internal.reflect.DelegatingMethodAccessorImpl.invoke(DelegatingMethodAccessorImpl.java:43)
		at java.base/java.lang.reflect.Method.invoke(Method.java:568)
		at org.apache.catalina.startup.Bootstrap.load(Bootstrap.java:302)
		at org.apache.catalina.startup.Bootstrap.main(Bootstrap.java:472)
	Caused by: java.net.BindException: Address already in use
		at java.base/sun.nio.ch.Net.bind0(Native Method)
		at java.base/sun.nio.ch.Net.bind(Net.java:555)
		at java.base/sun.nio.ch.ServerSocketChannelImpl.netBind(ServerSocketChannelImpl.java:337)
		at java.base/sun.nio.ch.ServerSocketChannelImpl.bind(ServerSocketChannelImpl.java:294)
		at org.apache.tomcat.util.net.NioEndpoint.initServerSocket(NioEndpoint.java:268)
		at org.apache.tomcat.util.net.NioEndpoint.bind(NioEndpoint.java:223)
		at org.apache.tomcat.util.net.AbstractEndpoint.bindWithCleanup(AbstractEndpoint.java:1373)
		at org.apache.tomcat.util.net.AbstractEndpoint.init(AbstractEndpoint.java:1386)
		at org.apache.coyote.AbstractProtocol.init(AbstractProtocol.java:663)
		at org.apache.coyote.http11.AbstractHttp11Protocol.init(AbstractHttp11Protocol.java:80)
		at org.apache.catalina.connector.Connector.initInternal(Connector.java:1025)
		... 13 more
28-Nov-2024 10:35:07.435 INFORMACIÓN [main] org.apache.catalina.startup.Catalina.load Server initialization in [14497] milliseconds
28-Nov-2024 10:35:07.847 INFORMACIÓN [main] org.apache.catalina.core.StandardService.startInternal Arrancando servicio [Catalina]
28-Nov-2024 10:35:07.849 INFORMACIÓN [main] org.apache.catalina.core.StandardEngine.startInternal Starting Servlet engine: [Apache Tomcat/9.0.97]
28-Nov-2024 10:35:08.043 INFORMACIÓN [main] org.apache.catalina.startup.HostConfig.deployWAR Despliegue del archivo [/Users/mariapaz/GeneradorFacturasMasivas/apache-tomcat-9.0.97/webapps/reportserver.war] de la aplicación web
28-Nov-2024 10:35:16.441 INFORMACIÓN [main] org.apache.jasper.servlet.TldScanner.scanJars Al menos un JAR, que se ha explorado buscando TLDs, aún no contenía TLDs. Activar historial de depuración para este historiador para una completa lista de los JARs que fueron explorados y de los que nos se halló TLDs. Saltarse JARs no necesarios durante la exploración puede dar lugar a una mejora de tiempo significativa en el arranque y compilación de JSP .
28-Nov-2024 10:35:16.737 INFORMACIÓN [main] org.apache.catalina.startup.HostConfig.deployWAR Deployment of web application archive [/Users/mariapaz/GeneradorFacturasMasivas/apache-tomcat-9.0.97/webapps/reportserver.war] has finished in [8.673] ms
28-Nov-2024 10:35:16.741 INFORMACIÓN [main] org.apache.catalina.startup.HostConfig.deployDirectory Desplegando el directorio [/Users/mariapaz/GeneradorFacturasMasivas/apache-tomcat-9.0.97/webapps/docs] de la aplicación web
28-Nov-2024 10:35:22.220 INFORMACIÓN [main] org.apache.jasper.servlet.TldScanner.scanJars Al menos un JAR, que se ha explorado buscando TLDs, aún no contenía TLDs. Activar historial de depuración para este historiador para una completa lista de los JARs que fueron explorados y de los que nos se halló TLDs. Saltarse JARs no necesarios durante la exploración puede dar lugar a una mejora de tiempo significativa en el arranque y compilación de JSP .
28-Nov-2024 10:35:22.399 INFORMACIÓN [main] org.apache.catalina.startup.HostConfig.deployDirectory Deployment of web application directory [/Users/mariapaz/GeneradorFacturasMasivas/apache-tomcat-9.0.97/webapps/docs] has finished in [5.658] ms
28-Nov-2024 10:35:22.400 INFORMACIÓN [main] org.apache.catalina.startup.HostConfig.deployDirectory Desplegando el directorio [/Users/mariapaz/GeneradorFacturasMasivas/apache-tomcat-9.0.97/webapps/manager] de la aplicación web
28-Nov-2024 10:35:27.125 INFORMACIÓN [main] org.apache.jasper.servlet.TldScanner.scanJars Al menos un JAR, que se ha explorado buscando TLDs, aún no contenía TLDs. Activar historial de depuración para este historiador para una completa lista de los JARs que fueron explorados y de los que nos se halló TLDs. Saltarse JARs no necesarios durante la exploración puede dar lugar a una mejora de tiempo significativa en el arranque y compilación de JSP .
28-Nov-2024 10:35:27.359 INFORMACIÓN [main] org.apache.catalina.startup.HostConfig.deployDirectory Deployment of web application directory [/Users/mariapaz/GeneradorFacturasMasivas/apache-tomcat-9.0.97/webapps/manager] has finished in [4.958] ms
28-Nov-2024 10:35:27.390 INFORMACIÓN [main] org.apache.catalina.startup.HostConfig.deployDirectory Desplegando el directorio [/Users/mariapaz/GeneradorFacturasMasivas/apache-tomcat-9.0.97/webapps/examples] de la aplicación web
28-Nov-2024 10:35:35.534 INFORMACIÓN [main] org.apache.jasper.servlet.TldScanner.scanJars Al menos un JAR, que se ha explorado buscando TLDs, aún no contenía TLDs. Activar historial de depuración para este historiador para una completa lista de los JARs que fueron explorados y de los que nos se halló TLDs. Saltarse JARs no necesarios durante la exploración puede dar lugar a una mejora de tiempo significativa en el arranque y compilación de JSP .
28-Nov-2024 10:35:35.750 INFORMACIÓN [main] org.apache.catalina.startup.HostConfig.deployDirectory Deployment of web application directory [/Users/mariapaz/GeneradorFacturasMasivas/apache-tomcat-9.0.97/webapps/examples] has finished in [8.360] ms
28-Nov-2024 10:35:35.751 INFORMACIÓN [main] org.apache.catalina.startup.HostConfig.deployDirectory Desplegando el directorio [/Users/mariapaz/GeneradorFacturasMasivas/apache-tomcat-9.0.97/webapps/ROOT] de la aplicación web
28-Nov-2024 10:35:38.965 INFORMACIÓN [main] org.apache.jasper.servlet.TldScanner.scanJars Al menos un JAR, que se ha explorado buscando TLDs, aún no contenía TLDs. Activar historial de depuración para este historiador para una completa lista de los JARs que fueron explorados y de los que nos se halló TLDs. Saltarse JARs no necesarios durante la exploración puede dar lugar a una mejora de tiempo significativa en el arranque y compilación de JSP .
28-Nov-2024 10:35:38.970 INFORMACIÓN [main] org.apache.catalina.startup.HostConfig.deployDirectory Deployment of web application directory [/Users/mariapaz/GeneradorFacturasMasivas/apache-tomcat-9.0.97/webapps/ROOT] has finished in [3.218] ms
28-Nov-2024 10:35:38.971 INFORMACIÓN [main] org.apache.catalina.startup.HostConfig.deployDirectory Desplegando el directorio [/Users/mariapaz/GeneradorFacturasMasivas/apache-tomcat-9.0.97/webapps/host-manager] de la aplicación web
28-Nov-2024 10:35:42.048 INFORMACIÓN [main] org.apache.jasper.servlet.TldScanner.scanJars Al menos un JAR, que se ha explorado buscando TLDs, aún no contenía TLDs. Activar historial de depuración para este historiador para una completa lista de los JARs que fueron explorados y de los que nos se halló TLDs. Saltarse JARs no necesarios durante la exploración puede dar lugar a una mejora de tiempo significativa en el arranque y compilación de JSP .
28-Nov-2024 10:35:42.108 INFORMACIÓN [main] org.apache.catalina.startup.HostConfig.deployDirectory Deployment of web application directory [/Users/mariapaz/GeneradorFacturasMasivas/apache-tomcat-9.0.97/webapps/host-manager] has finished in [3.137] ms
28-Nov-2024 10:35:42.391 INFORMACIÓN [main] org.apache.catalina.startup.Catalina.start Server startup in [34954] milliseconds
28-Nov-2024 10:36:15.145 INFORMACIÓN [Catalina-utility-1] org.apache.jasper.servlet.TldScanner.scanJars Al menos un JAR, que se ha explorado buscando TLDs, aún no contenía TLDs. Activar historial de depuración para este historiador para una completa lista de los JARs que fueron explorados y de los que nos se halló TLDs. Saltarse JARs no necesarios durante la exploración puede dar lugar a una mejora de tiempo significativa en el arranque y compilación de JSP .
28-Nov-2024 10:36:15.159 INFORMACIÓN [Catalina-utility-1] org.apache.catalina.startup.HostConfig.deployWAR Deployment of web application archive [/Users/mariapaz/GeneradorFacturasMasivas/apache-tomcat-9.0.97/webapps/reportserver.war] has finished in [114.153] ms
28-Nov-2024 10:36:15.332 INFORMACIÓN [main] org.apache.coyote.AbstractProtocol.stop Stopping ProtocolHandler ["http-nio-8081"]
28-Nov-2024 10:36:15.348 INFORMACIÓN [main] org.apache.coyote.AbstractProtocol.destroy Destroying ProtocolHandler ["http-nio-8081"]
28-Nov-2024 10:41:16.542 INFORMACIÓN [main] org.apache.catalina.core.StandardServer.await Se ha recibido un comando de apagado a través del puerto de apagado. Parando la instancia del Servidor.
28-Nov-2024 10:41:16.569 INFORMACIÓN [main] org.apache.coyote.AbstractProtocol.pause Pausing ProtocolHandler ["http-nio-8081"]
28-Nov-2024 10:41:16.581 INFORMACIÓN [main] org.apache.catalina.core.StandardService.stopInternal Parando servicio [Catalina]
28-Nov-2024 10:41:16.988 INFORMACIÓN [main] org.apache.coyote.AbstractProtocol.stop Stopping ProtocolHandler ["http-nio-8081"]
28-Nov-2024 10:41:16.991 INFORMACIÓN [main] org.apache.coyote.AbstractProtocol.destroy Destroying ProtocolHandler ["http-nio-8081"]
28-Nov-2024 10:41:21.578 INFORMACIÓN [main] org.apache.catalina.startup.VersionLoggerListener.log Nombre de la versión del servidor: Apache Tomcat/9.0.97
28-Nov-2024 10:41:21.833 INFORMACIÓN [main] org.apache.catalina.startup.VersionLoggerListener.log Server built:                      Nov 6 2024 19:55:19 UTC
28-Nov-2024 10:41:21.837 INFORMACIÓN [main] org.apache.catalina.startup.VersionLoggerListener.log Número de versión de servidor:     9.0.97.0
28-Nov-2024 10:41:21.837 INFORMACIÓN [main] org.apache.catalina.startup.VersionLoggerListener.log OS Name:                           Mac OS X
28-Nov-2024 10:41:21.838 INFORMACIÓN [main] org.apache.catalina.startup.VersionLoggerListener.log Versión de Systema Operativo:      13.6.4
28-Nov-2024 10:41:21.839 INFORMACIÓN [main] org.apache.catalina.startup.VersionLoggerListener.log Arquitectura:                      x86_64
28-Nov-2024 10:41:21.839 INFORMACIÓN [main] org.apache.catalina.startup.VersionLoggerListener.log Java Home:                         /Users/mariapaz/.sdkman/candidates/java/17.0.8.1-tem
28-Nov-2024 10:41:21.839 INFORMACIÓN [main] org.apache.catalina.startup.VersionLoggerListener.log JVM Version:                       17.0.8.1+1
28-Nov-2024 10:41:21.840 INFORMACIÓN [main] org.apache.catalina.startup.VersionLoggerListener.log Vededor JVM:                       Eclipse Adoptium
28-Nov-2024 10:41:21.840 INFORMACIÓN [main] org.apache.catalina.startup.VersionLoggerListener.log CATALINA_BASE:                     /Users/mariapaz/GeneradorFacturasMasivas/apache-tomcat-9.0.97
28-Nov-2024 10:41:21.840 INFORMACIÓN [main] org.apache.catalina.startup.VersionLoggerListener.log CATALINA_HOME:                     /Users/mariapaz/GeneradorFacturasMasivas/apache-tomcat-9.0.97
28-Nov-2024 10:41:21.846 INFORMACIÓN [main] org.apache.catalina.startup.VersionLoggerListener.log Command line argument:             --add-opens=java.base/java.lang=ALL-UNNAMED
28-Nov-2024 10:41:21.846 INFORMACIÓN [main] org.apache.catalina.startup.VersionLoggerListener.log Command line argument:             --add-opens=java.base/java.io=ALL-UNNAMED
28-Nov-2024 10:41:21.846 INFORMACIÓN [main] org.apache.catalina.startup.VersionLoggerListener.log Command line argument:             --add-opens=java.base/java.util=ALL-UNNAMED
28-Nov-2024 10:41:21.847 INFORMACIÓN [main] org.apache.catalina.startup.VersionLoggerListener.log Command line argument:             --add-opens=java.base/java.util.concurrent=ALL-UNNAMED
28-Nov-2024 10:41:21.847 INFORMACIÓN [main] org.apache.catalina.startup.VersionLoggerListener.log Command line argument:             --add-opens=java.rmi/sun.rmi.transport=ALL-UNNAMED
28-Nov-2024 10:41:21.847 INFORMACIÓN [main] org.apache.catalina.startup.VersionLoggerListener.log Command line argument:             -Djava.util.logging.config.file=/Users/mariapaz/GeneradorFacturasMasivas/apache-tomcat-9.0.97/conf/logging.properties
28-Nov-2024 10:41:21.847 INFORMACIÓN [main] org.apache.catalina.startup.VersionLoggerListener.log Command line argument:             -Djava.util.logging.manager=org.apache.juli.ClassLoaderLogManager
28-Nov-2024 10:41:21.848 INFORMACIÓN [main] org.apache.catalina.startup.VersionLoggerListener.log Command line argument:             -Djava.security.egd=file:/dev/urandom
28-Nov-2024 10:41:21.848 INFORMACIÓN [main] org.apache.catalina.startup.VersionLoggerListener.log Command line argument:             -Djdk.tls.ephemeralDHKeySize=2048
28-Nov-2024 10:41:21.848 INFORMACIÓN [main] org.apache.catalina.startup.VersionLoggerListener.log Command line argument:             -Djava.protocol.handler.pkgs=org.apache.catalina.webresources
28-Nov-2024 10:41:21.848 INFORMACIÓN [main] org.apache.catalina.startup.VersionLoggerListener.log Command line argument:             -Dorg.apache.catalina.security.SecurityListener.UMASK=0027
28-Nov-2024 10:41:21.848 INFORMACIÓN [main] org.apache.catalina.startup.VersionLoggerListener.log Command line argument:             -Drs.configdir=/Users/mariapaz/GeneradorFacturasMasivas/apache-tomcat-9.0.97/webapps/reportserver/WEB-INF
28-Nov-2024 10:41:21.849 INFORMACIÓN [main] org.apache.catalina.startup.VersionLoggerListener.log Command line argument:             -Dignore.endorsed.dirs=
28-Nov-2024 10:41:21.849 INFORMACIÓN [main] org.apache.catalina.startup.VersionLoggerListener.log Command line argument:             -Dcatalina.base=/Users/mariapaz/GeneradorFacturasMasivas/apache-tomcat-9.0.97
28-Nov-2024 10:41:21.849 INFORMACIÓN [main] org.apache.catalina.startup.VersionLoggerListener.log Command line argument:             -Dcatalina.home=/Users/mariapaz/GeneradorFacturasMasivas/apache-tomcat-9.0.97
28-Nov-2024 10:41:21.849 INFORMACIÓN [main] org.apache.catalina.startup.VersionLoggerListener.log Command line argument:             -Djava.io.tmpdir=/Users/mariapaz/GeneradorFacturasMasivas/apache-tomcat-9.0.97/temp
28-Nov-2024 10:41:21.965 INFORMACIÓN [main] org.apache.catalina.core.AprLifecycleListener.lifecycleEvent La biblioteca nativa de Apache Tomcat basada en ARP que permite un rendimiento óptimo en entornos de desarrollo no ha sido hallada en java.library.path: [/Users/mariapaz/Library/Java/Extensions:/Library/Java/Extensions:/Network/Library/Java/Extensions:/System/Library/Java/Extensions:/usr/lib/java:.]
28-Nov-2024 10:41:27.512 INFORMACIÓN [main] org.apache.coyote.AbstractProtocol.init Inicializando el manejador de protocolo ["http-nio-8081"]

28-Nov-2024 10:41:27.775 INFORMACIÓN [main] org.apache.catalina.startup.Catalina.load Server initialization in [8574] milliseconds
28-Nov-2024 10:41:28.299 INFORMACIÓN [main] org.apache.catalina.core.StandardService.startInternal Arrancando servicio [Catalina]
28-Nov-2024 10:41:28.301 INFORMACIÓN [main] org.apache.catalina.core.StandardEngine.startInternal Starting Servlet engine: [Apache Tomcat/9.0.97]
28-Nov-2024 10:41:28.492 INFORMACIÓN [main] org.apache.catalina.startup.HostConfig.deployWAR Despliegue del archivo [/Users/mariapaz/GeneradorFacturasMasivas/apache-tomcat-9.0.97/webapps/reportserver.war] de la aplicación web
28-Nov-2024 10:41:36.929 INFORMACIÓN [main] org.apache.jasper.servlet.TldScanner.scanJars Al menos un JAR, que se ha explorado buscando TLDs, aún no contenía TLDs. Activar historial de depuración para este historiador para una completa lista de los JARs que fueron explorados y de los que nos se halló TLDs. Saltarse JARs no necesarios durante la exploración puede dar lugar a una mejora de tiempo significativa en el arranque y compilación de JSP .
28-Nov-2024 10:41:37.167 INFORMACIÓN [main] org.apache.catalina.startup.HostConfig.deployWAR Deployment of web application archive [/Users/mariapaz/GeneradorFacturasMasivas/apache-tomcat-9.0.97/webapps/reportserver.war] has finished in [8.666] ms
28-Nov-2024 10:41:37.170 INFORMACIÓN [main] org.apache.catalina.startup.HostConfig.deployDirectory Desplegando el directorio [/Users/mariapaz/GeneradorFacturasMasivas/apache-tomcat-9.0.97/webapps/docs] de la aplicación web
28-Nov-2024 10:41:39.688 INFORMACIÓN [main] org.apache.jasper.servlet.TldScanner.scanJars Al menos un JAR, que se ha explorado buscando TLDs, aún no contenía TLDs. Activar historial de depuración para este historiador para una completa lista de los JARs que fueron explorados y de los que nos se halló TLDs. Saltarse JARs no necesarios durante la exploración puede dar lugar a una mejora de tiempo significativa en el arranque y compilación de JSP .
28-Nov-2024 10:41:39.698 INFORMACIÓN [main] org.apache.catalina.startup.HostConfig.deployDirectory Deployment of web application directory [/Users/mariapaz/GeneradorFacturasMasivas/apache-tomcat-9.0.97/webapps/docs] has finished in [2.527] ms
28-Nov-2024 10:41:39.698 INFORMACIÓN [main] org.apache.catalina.startup.HostConfig.deployDirectory Desplegando el directorio [/Users/mariapaz/GeneradorFacturasMasivas/apache-tomcat-9.0.97/webapps/manager] de la aplicación web
28-Nov-2024 10:41:42.180 INFORMACIÓN [main] org.apache.jasper.servlet.TldScanner.scanJars Al menos un JAR, que se ha explorado buscando TLDs, aún no contenía TLDs. Activar historial de depuración para este historiador para una completa lista de los JARs que fueron explorados y de los que nos se halló TLDs. Saltarse JARs no necesarios durante la exploración puede dar lugar a una mejora de tiempo significativa en el arranque y compilación de JSP .
28-Nov-2024 10:41:42.205 INFORMACIÓN [main] org.apache.catalina.startup.HostConfig.deployDirectory Deployment of web application directory [/Users/mariapaz/GeneradorFacturasMasivas/apache-tomcat-9.0.97/webapps/manager] has finished in [2.507] ms
28-Nov-2024 10:41:42.206 INFORMACIÓN [main] org.apache.catalina.startup.HostConfig.deployDirectory Desplegando el directorio [/Users/mariapaz/GeneradorFacturasMasivas/apache-tomcat-9.0.97/webapps/examples] de la aplicación web
28-Nov-2024 10:41:44.698 INFORMACIÓN [main] org.apache.jasper.servlet.TldScanner.scanJars Al menos un JAR, que se ha explorado buscando TLDs, aún no contenía TLDs. Activar historial de depuración para este historiador para una completa lista de los JARs que fueron explorados y de los que nos se halló TLDs. Saltarse JARs no necesarios durante la exploración puede dar lugar a una mejora de tiempo significativa en el arranque y compilación de JSP .
28-Nov-2024 10:41:44.759 INFORMACIÓN [main] org.apache.catalina.startup.HostConfig.deployDirectory Deployment of web application directory [/Users/mariapaz/GeneradorFacturasMasivas/apache-tomcat-9.0.97/webapps/examples] has finished in [2.552] ms
28-Nov-2024 10:41:44.760 INFORMACIÓN [main] org.apache.catalina.startup.HostConfig.deployDirectory Desplegando el directorio [/Users/mariapaz/GeneradorFacturasMasivas/apache-tomcat-9.0.97/webapps/ROOT] de la aplicación web
28-Nov-2024 10:41:48.320 INFORMACIÓN [main] org.apache.jasper.servlet.TldScanner.scanJars Al menos un JAR, que se ha explorado buscando TLDs, aún no contenía TLDs. Activar historial de depuración para este historiador para una completa lista de los JARs que fueron explorados y de los que nos se halló TLDs. Saltarse JARs no necesarios durante la exploración puede dar lugar a una mejora de tiempo significativa en el arranque y compilación de JSP .
28-Nov-2024 10:41:48.378 INFORMACIÓN [main] org.apache.catalina.startup.HostConfig.deployDirectory Deployment of web application directory [/Users/mariapaz/GeneradorFacturasMasivas/apache-tomcat-9.0.97/webapps/ROOT] has finished in [3.617] ms
28-Nov-2024 10:41:48.378 INFORMACIÓN [main] org.apache.catalina.startup.HostConfig.deployDirectory Desplegando el directorio [/Users/mariapaz/GeneradorFacturasMasivas/apache-tomcat-9.0.97/webapps/host-manager] de la aplicación web
28-Nov-2024 10:41:52.140 INFORMACIÓN [main] org.apache.jasper.servlet.TldScanner.scanJars Al menos un JAR, que se ha explorado buscando TLDs, aún no contenía TLDs. Activar historial de depuración para este historiador para una completa lista de los JARs que fueron explorados y de los que nos se halló TLDs. Saltarse JARs no necesarios durante la exploración puede dar lugar a una mejora de tiempo significativa en el arranque y compilación de JSP .
28-Nov-2024 10:41:52.163 INFORMACIÓN [main] org.apache.catalina.startup.HostConfig.deployDirectory Deployment of web application directory [/Users/mariapaz/GeneradorFacturasMasivas/apache-tomcat-9.0.97/webapps/host-manager] has finished in [3.784] ms
28-Nov-2024 10:41:52.279 INFORMACIÓN [main] org.apache.coyote.AbstractProtocol.start Starting ProtocolHandler ["http-nio-8081"]
28-Nov-2024 10:41:52.359 INFORMACIÓN [main] org.apache.catalina.startup.Catalina.start Server startup in [24582] milliseconds
28-Nov-2024 10:56:41.244 INFORMACIÓN [main] org.apache.catalina.core.StandardServer.await Se ha recibido un comando de apagado a través del puerto de apagado. Parando la instancia del Servidor.
28-Nov-2024 10:56:41.251 INFORMACIÓN [main] org.apache.coyote.AbstractProtocol.pause Pausing ProtocolHandler ["http-nio-8081"]
28-Nov-2024 10:56:41.273 INFORMACIÓN [main] org.apache.catalina.core.StandardService.stopInternal Parando servicio [Catalina]
28-Nov-2024 10:56:41.883 INFORMACIÓN [main] org.apache.coyote.AbstractProtocol.stop Stopping ProtocolHandler ["http-nio-8081"]
28-Nov-2024 10:56:41.913 INFORMACIÓN [main] org.apache.coyote.AbstractProtocol.destroy Destroying ProtocolHandler ["http-nio-8081"]
28-Nov-2024 10:56:47.620 INFORMACIÓN [main] org.apache.catalina.startup.VersionLoggerListener.log Nombre de la versión del servidor: Apache Tomcat/9.0.97
28-Nov-2024 10:56:47.629 INFORMACIÓN [main] org.apache.catalina.startup.VersionLoggerListener.log Server built:                      Nov 6 2024 19:55:19 UTC
28-Nov-2024 10:56:47.630 INFORMACIÓN [main] org.apache.catalina.startup.VersionLoggerListener.log Número de versión de servidor:     9.0.97.0
28-Nov-2024 10:56:47.630 INFORMACIÓN [main] org.apache.catalina.startup.VersionLoggerListener.log OS Name:                           Mac OS X
28-Nov-2024 10:56:47.631 INFORMACIÓN [main] org.apache.catalina.startup.VersionLoggerListener.log Versión de Systema Operativo:      13.6.4
28-Nov-2024 10:56:47.631 INFORMACIÓN [main] org.apache.catalina.startup.VersionLoggerListener.log Arquitectura:                      x86_64
28-Nov-2024 10:56:47.631 INFORMACIÓN [main] org.apache.catalina.startup.VersionLoggerListener.log Java Home:                         /Users/mariapaz/.sdkman/candidates/java/17.0.8.1-tem
28-Nov-2024 10:56:47.632 INFORMACIÓN [main] org.apache.catalina.startup.VersionLoggerListener.log JVM Version:                       17.0.8.1+1
28-Nov-2024 10:56:47.632 INFORMACIÓN [main] org.apache.catalina.startup.VersionLoggerListener.log Vededor JVM:                       Eclipse Adoptium
28-Nov-2024 10:56:47.632 INFORMACIÓN [main] org.apache.catalina.startup.VersionLoggerListener.log CATALINA_BASE:                     /Users/mariapaz/GeneradorFacturasMasivas/apache-tomcat-9.0.97
28-Nov-2024 10:56:47.632 INFORMACIÓN [main] org.apache.catalina.startup.VersionLoggerListener.log CATALINA_HOME:                     /Users/mariapaz/GeneradorFacturasMasivas/apache-tomcat-9.0.97
28-Nov-2024 10:56:47.660 INFORMACIÓN [main] org.apache.catalina.startup.VersionLoggerListener.log Command line argument:             --add-opens=java.base/java.lang=ALL-UNNAMED
28-Nov-2024 10:56:47.660 INFORMACIÓN [main] org.apache.catalina.startup.VersionLoggerListener.log Command line argument:             --add-opens=java.base/java.io=ALL-UNNAMED
28-Nov-2024 10:56:47.661 INFORMACIÓN [main] org.apache.catalina.startup.VersionLoggerListener.log Command line argument:             --add-opens=java.base/java.util=ALL-UNNAMED
28-Nov-2024 10:56:47.661 INFORMACIÓN [main] org.apache.catalina.startup.VersionLoggerListener.log Command line argument:             --add-opens=java.base/java.util.concurrent=ALL-UNNAMED
28-Nov-2024 10:56:47.661 INFORMACIÓN [main] org.apache.catalina.startup.VersionLoggerListener.log Command line argument:             --add-opens=java.rmi/sun.rmi.transport=ALL-UNNAMED
28-Nov-2024 10:56:47.662 INFORMACIÓN [main] org.apache.catalina.startup.VersionLoggerListener.log Command line argument:             -Djava.util.logging.config.file=/Users/mariapaz/GeneradorFacturasMasivas/apache-tomcat-9.0.97/conf/logging.properties
28-Nov-2024 10:56:47.663 INFORMACIÓN [main] org.apache.catalina.startup.VersionLoggerListener.log Command line argument:             -Djava.util.logging.manager=org.apache.juli.ClassLoaderLogManager
28-Nov-2024 10:56:47.663 INFORMACIÓN [main] org.apache.catalina.startup.VersionLoggerListener.log Command line argument:             -Djava.security.egd=file:/dev/urandom
28-Nov-2024 10:56:47.663 INFORMACIÓN [main] org.apache.catalina.startup.VersionLoggerListener.log Command line argument:             -Djdk.tls.ephemeralDHKeySize=2048
28-Nov-2024 10:56:47.663 INFORMACIÓN [main] org.apache.catalina.startup.VersionLoggerListener.log Command line argument:             -Djava.protocol.handler.pkgs=org.apache.catalina.webresources
28-Nov-2024 10:56:47.664 INFORMACIÓN [main] org.apache.catalina.startup.VersionLoggerListener.log Command line argument:             -Dorg.apache.catalina.security.SecurityListener.UMASK=0027
28-Nov-2024 10:56:47.664 INFORMACIÓN [main] org.apache.catalina.startup.VersionLoggerListener.log Command line argument:             -Drs.configdir=/Users/mariapaz/GeneradorFacturasMasivas/apache-tomcat-9.0.97/webapps/reportserver/WEB-INF
28-Nov-2024 10:56:47.664 INFORMACIÓN [main] org.apache.catalina.startup.VersionLoggerListener.log Command line argument:             -Dignore.endorsed.dirs=
28-Nov-2024 10:56:47.664 INFORMACIÓN [main] org.apache.catalina.startup.VersionLoggerListener.log Command line argument:             -Dcatalina.base=/Users/mariapaz/GeneradorFacturasMasivas/apache-tomcat-9.0.97
28-Nov-2024 10:56:47.664 INFORMACIÓN [main] org.apache.catalina.startup.VersionLoggerListener.log Command line argument:             -Dcatalina.home=/Users/mariapaz/GeneradorFacturasMasivas/apache-tomcat-9.0.97
28-Nov-2024 10:56:47.665 INFORMACIÓN [main] org.apache.catalina.startup.VersionLoggerListener.log Command line argument:             -Djava.io.tmpdir=/Users/mariapaz/GeneradorFacturasMasivas/apache-tomcat-9.0.97/temp
28-Nov-2024 10:56:47.950 INFORMACIÓN [main] org.apache.catalina.core.AprLifecycleListener.lifecycleEvent La biblioteca nativa de Apache Tomcat basada en ARP que permite un rendimiento óptimo en entornos de desarrollo no ha sido hallada en java.library.path: [/Users/mariapaz/Library/Java/Extensions:/Library/Java/Extensions:/Network/Library/Java/Extensions:/System/Library/Java/Extensions:/usr/lib/java:.]
28-Nov-2024 10:56:53.772 INFORMACIÓN [main] org.apache.coyote.AbstractProtocol.init Inicializando el manejador de protocolo ["http-nio-8081"]

28-Nov-2024 10:56:54.094 INFORMACIÓN [main] org.apache.catalina.startup.Catalina.load Server initialization in [9964] milliseconds
28-Nov-2024 10:56:54.891 INFORMACIÓN [main] org.apache.catalina.core.StandardService.startInternal Arrancando servicio [Catalina]
28-Nov-2024 10:56:54.891 INFORMACIÓN [main] org.apache.catalina.core.StandardEngine.startInternal Starting Servlet engine: [Apache Tomcat/9.0.97]
28-Nov-2024 10:56:54.936 INFORMACIÓN [main] org.apache.catalina.startup.HostConfig.deployWAR Despliegue del archivo [/Users/mariapaz/GeneradorFacturasMasivas/apache-tomcat-9.0.97/webapps/reportserver.war] de la aplicación web
28-Nov-2024 10:57:04.186 INFORMACIÓN [main] org.apache.jasper.servlet.TldScanner.scanJars Al menos un JAR, que se ha explorado buscando TLDs, aún no contenía TLDs. Activar historial de depuración para este historiador para una completa lista de los JARs que fueron explorados y de los que nos se halló TLDs. Saltarse JARs no necesarios durante la exploración puede dar lugar a una mejora de tiempo significativa en el arranque y compilación de JSP .
28-Nov-2024 10:57:04.573 INFORMACIÓN [main] org.apache.catalina.startup.HostConfig.deployWAR Deployment of web application archive [/Users/mariapaz/GeneradorFacturasMasivas/apache-tomcat-9.0.97/webapps/reportserver.war] has finished in [9.627] ms
28-Nov-2024 10:57:04.575 INFORMACIÓN [main] org.apache.catalina.startup.HostConfig.deployDirectory Desplegando el directorio [/Users/mariapaz/GeneradorFacturasMasivas/apache-tomcat-9.0.97/webapps/docs] de la aplicación web
28-Nov-2024 10:57:08.153 INFORMACIÓN [main] org.apache.jasper.servlet.TldScanner.scanJars Al menos un JAR, que se ha explorado buscando TLDs, aún no contenía TLDs. Activar historial de depuración para este historiador para una completa lista de los JARs que fueron explorados y de los que nos se halló TLDs. Saltarse JARs no necesarios durante la exploración puede dar lugar a una mejora de tiempo significativa en el arranque y compilación de JSP .
28-Nov-2024 10:57:08.181 INFORMACIÓN [main] org.apache.catalina.startup.HostConfig.deployDirectory Deployment of web application directory [/Users/mariapaz/GeneradorFacturasMasivas/apache-tomcat-9.0.97/webapps/docs] has finished in [3.605] ms
28-Nov-2024 10:57:08.182 INFORMACIÓN [main] org.apache.catalina.startup.HostConfig.deployDirectory Desplegando el directorio [/Users/mariapaz/GeneradorFacturasMasivas/apache-tomcat-9.0.97/webapps/manager] de la aplicación web
28-Nov-2024 10:57:11.450 INFORMACIÓN [main] org.apache.jasper.servlet.TldScanner.scanJars Al menos un JAR, que se ha explorado buscando TLDs, aún no contenía TLDs. Activar historial de depuración para este historiador para una completa lista de los JARs que fueron explorados y de los que nos se halló TLDs. Saltarse JARs no necesarios durante la exploración puede dar lugar a una mejora de tiempo significativa en el arranque y compilación de JSP .
28-Nov-2024 10:57:11.689 INFORMACIÓN [main] org.apache.catalina.startup.HostConfig.deployDirectory Deployment of web application directory [/Users/mariapaz/GeneradorFacturasMasivas/apache-tomcat-9.0.97/webapps/manager] has finished in [3.504] ms
28-Nov-2024 10:57:11.689 INFORMACIÓN [main] org.apache.catalina.startup.HostConfig.deployDirectory Desplegando el directorio [/Users/mariapaz/GeneradorFacturasMasivas/apache-tomcat-9.0.97/webapps/examples] de la aplicación web
28-Nov-2024 10:57:17.591 INFORMACIÓN [main] org.apache.jasper.servlet.TldScanner.scanJars Al menos un JAR, que se ha explorado buscando TLDs, aún no contenía TLDs. Activar historial de depuración para este historiador para una completa lista de los JARs que fueron explorados y de los que nos se halló TLDs. Saltarse JARs no necesarios durante la exploración puede dar lugar a una mejora de tiempo significativa en el arranque y compilación de JSP .
28-Nov-2024 10:57:17.798 INFORMACIÓN [main] org.apache.catalina.startup.HostConfig.deployDirectory Deployment of web application directory [/Users/mariapaz/GeneradorFacturasMasivas/apache-tomcat-9.0.97/webapps/examples] has finished in [6.107] ms
28-Nov-2024 10:57:17.799 INFORMACIÓN [main] org.apache.catalina.startup.HostConfig.deployDirectory Desplegando el directorio [/Users/mariapaz/GeneradorFacturasMasivas/apache-tomcat-9.0.97/webapps/ROOT] de la aplicación web
28-Nov-2024 10:57:21.123 INFORMACIÓN [main] org.apache.jasper.servlet.TldScanner.scanJars Al menos un JAR, que se ha explorado buscando TLDs, aún no contenía TLDs. Activar historial de depuración para este historiador para una completa lista de los JARs que fueron explorados y de los que nos se halló TLDs. Saltarse JARs no necesarios durante la exploración puede dar lugar a una mejora de tiempo significativa en el arranque y compilación de JSP .
28-Nov-2024 10:57:21.128 INFORMACIÓN [main] org.apache.catalina.startup.HostConfig.deployDirectory Deployment of web application directory [/Users/mariapaz/GeneradorFacturasMasivas/apache-tomcat-9.0.97/webapps/ROOT] has finished in [3.329] ms
28-Nov-2024 10:57:21.129 INFORMACIÓN [main] org.apache.catalina.startup.HostConfig.deployDirectory Desplegando el directorio [/Users/mariapaz/GeneradorFacturasMasivas/apache-tomcat-9.0.97/webapps/host-manager] de la aplicación web
28-Nov-2024 10:57:23.901 INFORMACIÓN [main] org.apache.jasper.servlet.TldScanner.scanJars Al menos un JAR, que se ha explorado buscando TLDs, aún no contenía TLDs. Activar historial de depuración para este historiador para una completa lista de los JARs que fueron explorados y de los que nos se halló TLDs. Saltarse JARs no necesarios durante la exploración puede dar lugar a una mejora de tiempo significativa en el arranque y compilación de JSP .
28-Nov-2024 10:57:23.957 INFORMACIÓN [main] org.apache.catalina.startup.HostConfig.deployDirectory Deployment of web application directory [/Users/mariapaz/GeneradorFacturasMasivas/apache-tomcat-9.0.97/webapps/host-manager] has finished in [2.828] ms
28-Nov-2024 10:57:24.200 INFORMACIÓN [main] org.apache.coyote.AbstractProtocol.start Starting ProtocolHandler ["http-nio-8081"]
28-Nov-2024 10:57:24.427 INFORMACIÓN [main] org.apache.catalina.startup.Catalina.start Server startup in [30331] milliseconds
28-Nov-2024 11:09:47.156 INFORMACIÓN [Catalina-utility-2] org.apache.catalina.startup.HostConfig.undeploy Repliegue (undeploy) de la aplicación web que tiene como trayectoria de contexto [/reportserver]
28-Nov-2024 11:09:47.338 INFORMACIÓN [Catalina-utility-2] org.apache.catalina.startup.HostConfig.deployWAR Despliegue del archivo [/Users/mariapaz/GeneradorFacturasMasivas/apache-tomcat-9.0.97/webapps/reportserver.war] de la aplicación web
28-Nov-2024 11:11:08.711 INFORMACIÓN [main] org.apache.catalina.core.StandardServer.await Se ha recibido un comando de apagado a través del puerto de apagado. Parando la instancia del Servidor.
28-Nov-2024 11:11:08.721 INFORMACIÓN [main] org.apache.coyote.AbstractProtocol.pause Pausing ProtocolHandler ["http-nio-8081"]
28-Nov-2024 11:11:08.764 INFORMACIÓN [main] org.apache.catalina.core.StandardService.stopInternal Parando servicio [Catalina]
28-Nov-2024 11:11:17.211 INFORMACIÓN [main] org.apache.catalina.startup.VersionLoggerListener.log Nombre de la versión del servidor: Apache Tomcat/9.0.97
28-Nov-2024 11:11:17.256 INFORMACIÓN [main] org.apache.catalina.startup.VersionLoggerListener.log Server built:                      Nov 6 2024 19:55:19 UTC
28-Nov-2024 11:11:17.260 INFORMACIÓN [main] org.apache.catalina.startup.VersionLoggerListener.log Número de versión de servidor:     9.0.97.0
28-Nov-2024 11:11:17.260 INFORMACIÓN [main] org.apache.catalina.startup.VersionLoggerListener.log OS Name:                           Mac OS X
28-Nov-2024 11:11:17.262 INFORMACIÓN [main] org.apache.catalina.startup.VersionLoggerListener.log Versión de Systema Operativo:      13.6.4
28-Nov-2024 11:11:17.262 INFORMACIÓN [main] org.apache.catalina.startup.VersionLoggerListener.log Arquitectura:                      x86_64
28-Nov-2024 11:11:17.262 INFORMACIÓN [main] org.apache.catalina.startup.VersionLoggerListener.log Java Home:                         /Users/mariapaz/.sdkman/candidates/java/17.0.8.1-tem
28-Nov-2024 11:11:17.263 INFORMACIÓN [main] org.apache.catalina.startup.VersionLoggerListener.log JVM Version:                       17.0.8.1+1
28-Nov-2024 11:11:17.263 INFORMACIÓN [main] org.apache.catalina.startup.VersionLoggerListener.log Vededor JVM:                       Eclipse Adoptium
28-Nov-2024 11:11:17.264 INFORMACIÓN [main] org.apache.catalina.startup.VersionLoggerListener.log CATALINA_BASE:                     /Users/mariapaz/GeneradorFacturasMasivas/apache-tomcat-9.0.97
28-Nov-2024 11:11:17.264 INFORMACIÓN [main] org.apache.catalina.startup.VersionLoggerListener.log CATALINA_HOME:                     /Users/mariapaz/GeneradorFacturasMasivas/apache-tomcat-9.0.97
28-Nov-2024 11:11:17.268 INFORMACIÓN [main] org.apache.catalina.startup.VersionLoggerListener.log Command line argument:             --add-opens=java.base/java.lang=ALL-UNNAMED
28-Nov-2024 11:11:17.269 INFORMACIÓN [main] org.apache.catalina.startup.VersionLoggerListener.log Command line argument:             --add-opens=java.base/java.io=ALL-UNNAMED
28-Nov-2024 11:11:17.269 INFORMACIÓN [main] org.apache.catalina.startup.VersionLoggerListener.log Command line argument:             --add-opens=java.base/java.util=ALL-UNNAMED
28-Nov-2024 11:11:17.269 INFORMACIÓN [main] org.apache.catalina.startup.VersionLoggerListener.log Command line argument:             --add-opens=java.base/java.util.concurrent=ALL-UNNAMED
28-Nov-2024 11:11:17.269 INFORMACIÓN [main] org.apache.catalina.startup.VersionLoggerListener.log Command line argument:             --add-opens=java.rmi/sun.rmi.transport=ALL-UNNAMED
28-Nov-2024 11:11:17.270 INFORMACIÓN [main] org.apache.catalina.startup.VersionLoggerListener.log Command line argument:             -Djava.util.logging.config.file=/Users/mariapaz/GeneradorFacturasMasivas/apache-tomcat-9.0.97/conf/logging.properties
28-Nov-2024 11:11:17.270 INFORMACIÓN [main] org.apache.catalina.startup.VersionLoggerListener.log Command line argument:             -Djava.util.logging.manager=org.apache.juli.ClassLoaderLogManager
28-Nov-2024 11:11:17.270 INFORMACIÓN [main] org.apache.catalina.startup.VersionLoggerListener.log Command line argument:             -Djava.security.egd=file:/dev/urandom
28-Nov-2024 11:11:17.271 INFORMACIÓN [main] org.apache.catalina.startup.VersionLoggerListener.log Command line argument:             -Djdk.tls.ephemeralDHKeySize=2048
28-Nov-2024 11:11:17.271 INFORMACIÓN [main] org.apache.catalina.startup.VersionLoggerListener.log Command line argument:             -Djava.protocol.handler.pkgs=org.apache.catalina.webresources
28-Nov-2024 11:11:17.271 INFORMACIÓN [main] org.apache.catalina.startup.VersionLoggerListener.log Command line argument:             -Dorg.apache.catalina.security.SecurityListener.UMASK=0027
28-Nov-2024 11:11:17.271 INFORMACIÓN [main] org.apache.catalina.startup.VersionLoggerListener.log Command line argument:             -Drs.configdir=/Users/mariapaz/GeneradorFacturasMasivas/apache-tomcat-9.0.97/webapps/reportserver/WEB-INF
28-Nov-2024 11:11:17.271 INFORMACIÓN [main] org.apache.catalina.startup.VersionLoggerListener.log Command line argument:             -Dignore.endorsed.dirs=
28-Nov-2024 11:11:17.272 INFORMACIÓN [main] org.apache.catalina.startup.VersionLoggerListener.log Command line argument:             -Dcatalina.base=/Users/mariapaz/GeneradorFacturasMasivas/apache-tomcat-9.0.97
28-Nov-2024 11:11:17.272 INFORMACIÓN [main] org.apache.catalina.startup.VersionLoggerListener.log Command line argument:             -Dcatalina.home=/Users/mariapaz/GeneradorFacturasMasivas/apache-tomcat-9.0.97
28-Nov-2024 11:11:17.272 INFORMACIÓN [main] org.apache.catalina.startup.VersionLoggerListener.log Command line argument:             -Djava.io.tmpdir=/Users/mariapaz/GeneradorFacturasMasivas/apache-tomcat-9.0.97/temp
28-Nov-2024 11:11:17.307 INFORMACIÓN [main] org.apache.catalina.core.AprLifecycleListener.lifecycleEvent La biblioteca nativa de Apache Tomcat basada en ARP que permite un rendimiento óptimo en entornos de desarrollo no ha sido hallada en java.library.path: [/Users/mariapaz/Library/Java/Extensions:/Library/Java/Extensions:/Network/Library/Java/Extensions:/System/Library/Java/Extensions:/usr/lib/java:.]
28-Nov-2024 11:11:23.367 INFORMACIÓN [main] org.apache.coyote.AbstractProtocol.init Inicializando el manejador de protocolo ["http-nio-8081"]

28-Nov-2024 11:11:23.523 GRAVE [main] org.apache.catalina.util.LifecycleBase.handleSubClassException Fallo al iniciar el componente [Connector["http-nio-8081"]]
	org.apache.catalina.LifecycleException: Falló la inicialización del manejador de protocolo
		at org.apache.catalina.connector.Connector.initInternal(Connector.java:1027)
		at org.apache.catalina.util.LifecycleBase.init(LifecycleBase.java:122)
		at org.apache.catalina.core.StandardService.initInternal(StandardService.java:525)
		at org.apache.catalina.util.LifecycleBase.init(LifecycleBase.java:122)
		at org.apache.catalina.core.StandardServer.initInternal(StandardServer.java:986)
		at org.apache.catalina.util.LifecycleBase.init(LifecycleBase.java:122)
		at org.apache.catalina.startup.Catalina.load(Catalina.java:686)
		at org.apache.catalina.startup.Catalina.load(Catalina.java:709)
		at java.base/jdk.internal.reflect.NativeMethodAccessorImpl.invoke0(Native Method)
		at java.base/jdk.internal.reflect.NativeMethodAccessorImpl.invoke(NativeMethodAccessorImpl.java:77)
		at java.base/jdk.internal.reflect.DelegatingMethodAccessorImpl.invoke(DelegatingMethodAccessorImpl.java:43)
		at java.base/java.lang.reflect.Method.invoke(Method.java:568)
		at org.apache.catalina.startup.Bootstrap.load(Bootstrap.java:302)
		at org.apache.catalina.startup.Bootstrap.main(Bootstrap.java:472)
	Caused by: java.net.BindException: Address already in use
		at java.base/sun.nio.ch.Net.bind0(Native Method)
		at java.base/sun.nio.ch.Net.bind(Net.java:555)
		at java.base/sun.nio.ch.ServerSocketChannelImpl.netBind(ServerSocketChannelImpl.java:337)
		at java.base/sun.nio.ch.ServerSocketChannelImpl.bind(ServerSocketChannelImpl.java:294)
		at org.apache.tomcat.util.net.NioEndpoint.initServerSocket(NioEndpoint.java:268)
		at org.apache.tomcat.util.net.NioEndpoint.bind(NioEndpoint.java:223)
		at org.apache.tomcat.util.net.AbstractEndpoint.bindWithCleanup(AbstractEndpoint.java:1373)
		at org.apache.tomcat.util.net.AbstractEndpoint.init(AbstractEndpoint.java:1386)
		at org.apache.coyote.AbstractProtocol.init(AbstractProtocol.java:663)
		at org.apache.coyote.http11.AbstractHttp11Protocol.init(AbstractHttp11Protocol.java:80)
		at org.apache.catalina.connector.Connector.initInternal(Connector.java:1025)
		... 13 more
28-Nov-2024 11:11:23.526 INFORMACIÓN [main] org.apache.catalina.startup.Catalina.load Server initialization in [12390] milliseconds
28-Nov-2024 11:11:23.861 INFORMACIÓN [main] org.apache.catalina.core.StandardService.startInternal Arrancando servicio [Catalina]
28-Nov-2024 11:11:23.861 INFORMACIÓN [main] org.apache.catalina.core.StandardEngine.startInternal Starting Servlet engine: [Apache Tomcat/9.0.97]
28-Nov-2024 11:11:24.104 INFORMACIÓN [main] org.apache.catalina.startup.HostConfig.deployWAR Despliegue del archivo [/Users/mariapaz/GeneradorFacturasMasivas/apache-tomcat-9.0.97/webapps/reportserver.war] de la aplicación web
28-Nov-2024 11:11:31.322 INFORMACIÓN [main] org.apache.jasper.servlet.TldScanner.scanJars Al menos un JAR, que se ha explorado buscando TLDs, aún no contenía TLDs. Activar historial de depuración para este historiador para una completa lista de los JARs que fueron explorados y de los que nos se halló TLDs. Saltarse JARs no necesarios durante la exploración puede dar lugar a una mejora de tiempo significativa en el arranque y compilación de JSP .
28-Nov-2024 11:11:31.630 INFORMACIÓN [Catalina-utility-2] org.apache.jasper.servlet.TldScanner.scanJars Al menos un JAR, que se ha explorado buscando TLDs, aún no contenía TLDs. Activar historial de depuración para este historiador para una completa lista de los JARs que fueron explorados y de los que nos se halló TLDs. Saltarse JARs no necesarios durante la exploración puede dar lugar a una mejora de tiempo significativa en el arranque y compilación de JSP .
28-Nov-2024 11:11:31.649 INFORMACIÓN [Catalina-utility-2] org.apache.catalina.startup.HostConfig.deployWAR Deployment of web application archive [/Users/mariapaz/GeneradorFacturasMasivas/apache-tomcat-9.0.97/webapps/reportserver.war] has finished in [104.309] ms
28-Nov-2024 11:11:31.927 INFORMACIÓN [main] org.apache.coyote.AbstractProtocol.stop Stopping ProtocolHandler ["http-nio-8081"]
28-Nov-2024 11:11:31.948 INFORMACIÓN [main] org.apache.coyote.AbstractProtocol.destroy Destroying ProtocolHandler ["http-nio-8081"]
28-Nov-2024 11:11:31.953 INFORMACIÓN [main] org.apache.catalina.startup.HostConfig.deployWAR Deployment of web application archive [/Users/mariapaz/GeneradorFacturasMasivas/apache-tomcat-9.0.97/webapps/reportserver.war] has finished in [7.837] ms
28-Nov-2024 11:11:32.333 INFORMACIÓN [main] org.apache.catalina.startup.HostConfig.deployDirectory Desplegando el directorio [/Users/mariapaz/GeneradorFacturasMasivas/apache-tomcat-9.0.97/webapps/docs] de la aplicación web
28-Nov-2024 11:11:35.086 INFORMACIÓN [main] org.apache.jasper.servlet.TldScanner.scanJars Al menos un JAR, que se ha explorado buscando TLDs, aún no contenía TLDs. Activar historial de depuración para este historiador para una completa lista de los JARs que fueron explorados y de los que nos se halló TLDs. Saltarse JARs no necesarios durante la exploración puede dar lugar a una mejora de tiempo significativa en el arranque y compilación de JSP .
28-Nov-2024 11:11:35.092 INFORMACIÓN [main] org.apache.catalina.startup.HostConfig.deployDirectory Deployment of web application directory [/Users/mariapaz/GeneradorFacturasMasivas/apache-tomcat-9.0.97/webapps/docs] has finished in [2.758] ms
28-Nov-2024 11:11:35.093 INFORMACIÓN [main] org.apache.catalina.startup.HostConfig.deployDirectory Desplegando el directorio [/Users/mariapaz/GeneradorFacturasMasivas/apache-tomcat-9.0.97/webapps/manager] de la aplicación web
28-Nov-2024 11:11:36.491 INFORMACIÓN [main] org.apache.jasper.servlet.TldScanner.scanJars Al menos un JAR, que se ha explorado buscando TLDs, aún no contenía TLDs. Activar historial de depuración para este historiador para una completa lista de los JARs que fueron explorados y de los que nos se halló TLDs. Saltarse JARs no necesarios durante la exploración puede dar lugar a una mejora de tiempo significativa en el arranque y compilación de JSP .
28-Nov-2024 11:11:36.520 INFORMACIÓN [main] org.apache.catalina.startup.HostConfig.deployDirectory Deployment of web application directory [/Users/mariapaz/GeneradorFacturasMasivas/apache-tomcat-9.0.97/webapps/manager] has finished in [1.427] ms
28-Nov-2024 11:11:36.520 INFORMACIÓN [main] org.apache.catalina.startup.HostConfig.deployDirectory Desplegando el directorio [/Users/mariapaz/GeneradorFacturasMasivas/apache-tomcat-9.0.97/webapps/examples] de la aplicación web
28-Nov-2024 11:11:38.171 INFORMACIÓN [main] org.apache.jasper.servlet.TldScanner.scanJars Al menos un JAR, que se ha explorado buscando TLDs, aún no contenía TLDs. Activar historial de depuración para este historiador para una completa lista de los JARs que fueron explorados y de los que nos se halló TLDs. Saltarse JARs no necesarios durante la exploración puede dar lugar a una mejora de tiempo significativa en el arranque y compilación de JSP .
28-Nov-2024 11:11:38.211 INFORMACIÓN [main] org.apache.catalina.startup.HostConfig.deployDirectory Deployment of web application directory [/Users/mariapaz/GeneradorFacturasMasivas/apache-tomcat-9.0.97/webapps/examples] has finished in [1.691] ms
28-Nov-2024 11:11:38.211 INFORMACIÓN [main] org.apache.catalina.startup.HostConfig.deployDirectory Desplegando el directorio [/Users/mariapaz/GeneradorFacturasMasivas/apache-tomcat-9.0.97/webapps/ROOT] de la aplicación web
28-Nov-2024 11:11:38.699 INFORMACIÓN [main] org.apache.jasper.servlet.TldScanner.scanJars Al menos un JAR, que se ha explorado buscando TLDs, aún no contenía TLDs. Activar historial de depuración para este historiador para una completa lista de los JARs que fueron explorados y de los que nos se halló TLDs. Saltarse JARs no necesarios durante la exploración puede dar lugar a una mejora de tiempo significativa en el arranque y compilación de JSP .
28-Nov-2024 11:11:38.703 INFORMACIÓN [main] org.apache.catalina.startup.HostConfig.deployDirectory Deployment of web application directory [/Users/mariapaz/GeneradorFacturasMasivas/apache-tomcat-9.0.97/webapps/ROOT] has finished in [492] ms
28-Nov-2024 11:11:38.704 INFORMACIÓN [main] org.apache.catalina.startup.HostConfig.deployDirectory Desplegando el directorio [/Users/mariapaz/GeneradorFacturasMasivas/apache-tomcat-9.0.97/webapps/host-manager] de la aplicación web
28-Nov-2024 11:11:39.461 INFORMACIÓN [main] org.apache.jasper.servlet.TldScanner.scanJars Al menos un JAR, que se ha explorado buscando TLDs, aún no contenía TLDs. Activar historial de depuración para este historiador para una completa lista de los JARs que fueron explorados y de los que nos se halló TLDs. Saltarse JARs no necesarios durante la exploración puede dar lugar a una mejora de tiempo significativa en el arranque y compilación de JSP .
28-Nov-2024 11:11:39.471 INFORMACIÓN [main] org.apache.catalina.startup.HostConfig.deployDirectory Deployment of web application directory [/Users/mariapaz/GeneradorFacturasMasivas/apache-tomcat-9.0.97/webapps/host-manager] has finished in [767] ms
28-Nov-2024 11:11:39.489 INFORMACIÓN [main] org.apache.catalina.startup.Catalina.start Server startup in [15961] milliseconds
28-Nov-2024 11:15:28.645 INFORMACIÓN [main] org.apache.catalina.core.StandardServer.await Se ha recibido un comando de apagado a través del puerto de apagado. Parando la instancia del Servidor.
28-Nov-2024 11:15:28.653 INFORMACIÓN [main] org.apache.coyote.AbstractProtocol.pause Pausing ProtocolHandler ["http-nio-8081"]
28-Nov-2024 11:15:28.655 INFORMACIÓN [main] org.apache.catalina.core.StandardService.stopInternal Parando servicio [Catalina]
28-Nov-2024 11:15:29.642 INFORMACIÓN [main] org.apache.coyote.AbstractProtocol.stop Stopping ProtocolHandler ["http-nio-8081"]
28-Nov-2024 11:15:29.646 INFORMACIÓN [main] org.apache.coyote.AbstractProtocol.destroy Destroying ProtocolHandler ["http-nio-8081"]
28-Nov-2024 11:15:35.332 INFORMACIÓN [main] org.apache.catalina.startup.VersionLoggerListener.log Nombre de la versión del servidor: Apache Tomcat/9.0.97
28-Nov-2024 11:15:35.342 INFORMACIÓN [main] org.apache.catalina.startup.VersionLoggerListener.log Server built:                      Nov 6 2024 19:55:19 UTC
28-Nov-2024 11:15:35.343 INFORMACIÓN [main] org.apache.catalina.startup.VersionLoggerListener.log Número de versión de servidor:     9.0.97.0
28-Nov-2024 11:15:35.344 INFORMACIÓN [main] org.apache.catalina.startup.VersionLoggerListener.log OS Name:                           Mac OS X
28-Nov-2024 11:15:35.344 INFORMACIÓN [main] org.apache.catalina.startup.VersionLoggerListener.log Versión de Systema Operativo:      13.6.4
28-Nov-2024 11:15:35.344 INFORMACIÓN [main] org.apache.catalina.startup.VersionLoggerListener.log Arquitectura:                      x86_64
28-Nov-2024 11:15:35.345 INFORMACIÓN [main] org.apache.catalina.startup.VersionLoggerListener.log Java Home:                         /Users/mariapaz/.sdkman/candidates/java/17.0.8.1-tem
28-Nov-2024 11:15:35.345 INFORMACIÓN [main] org.apache.catalina.startup.VersionLoggerListener.log JVM Version:                       17.0.8.1+1
28-Nov-2024 11:15:35.346 INFORMACIÓN [main] org.apache.catalina.startup.VersionLoggerListener.log Vededor JVM:                       Eclipse Adoptium
28-Nov-2024 11:15:35.347 INFORMACIÓN [main] org.apache.catalina.startup.VersionLoggerListener.log CATALINA_BASE:                     /Users/mariapaz/GeneradorFacturasMasivas/apache-tomcat-9.0.97
28-Nov-2024 11:15:35.347 INFORMACIÓN [main] org.apache.catalina.startup.VersionLoggerListener.log CATALINA_HOME:                     /Users/mariapaz/GeneradorFacturasMasivas/apache-tomcat-9.0.97
28-Nov-2024 11:15:35.372 INFORMACIÓN [main] org.apache.catalina.startup.VersionLoggerListener.log Command line argument:             --add-opens=java.base/java.lang=ALL-UNNAMED
28-Nov-2024 11:15:35.373 INFORMACIÓN [main] org.apache.catalina.startup.VersionLoggerListener.log Command line argument:             --add-opens=java.base/java.io=ALL-UNNAMED
28-Nov-2024 11:15:35.373 INFORMACIÓN [main] org.apache.catalina.startup.VersionLoggerListener.log Command line argument:             --add-opens=java.base/java.util=ALL-UNNAMED
28-Nov-2024 11:15:35.373 INFORMACIÓN [main] org.apache.catalina.startup.VersionLoggerListener.log Command line argument:             --add-opens=java.base/java.util.concurrent=ALL-UNNAMED
28-Nov-2024 11:15:35.374 INFORMACIÓN [main] org.apache.catalina.startup.VersionLoggerListener.log Command line argument:             --add-opens=java.rmi/sun.rmi.transport=ALL-UNNAMED
28-Nov-2024 11:15:35.374 INFORMACIÓN [main] org.apache.catalina.startup.VersionLoggerListener.log Command line argument:             -Djava.util.logging.config.file=/Users/mariapaz/GeneradorFacturasMasivas/apache-tomcat-9.0.97/conf/logging.properties
28-Nov-2024 11:15:35.374 INFORMACIÓN [main] org.apache.catalina.startup.VersionLoggerListener.log Command line argument:             -Djava.util.logging.manager=org.apache.juli.ClassLoaderLogManager
28-Nov-2024 11:15:35.374 INFORMACIÓN [main] org.apache.catalina.startup.VersionLoggerListener.log Command line argument:             -Djava.security.egd=file:/dev/urandom
28-Nov-2024 11:15:35.375 INFORMACIÓN [main] org.apache.catalina.startup.VersionLoggerListener.log Command line argument:             -Djdk.tls.ephemeralDHKeySize=2048
28-Nov-2024 11:15:35.375 INFORMACIÓN [main] org.apache.catalina.startup.VersionLoggerListener.log Command line argument:             -Djava.protocol.handler.pkgs=org.apache.catalina.webresources
28-Nov-2024 11:15:35.375 INFORMACIÓN [main] org.apache.catalina.startup.VersionLoggerListener.log Command line argument:             -Dorg.apache.catalina.security.SecurityListener.UMASK=0027
28-Nov-2024 11:15:35.376 INFORMACIÓN [main] org.apache.catalina.startup.VersionLoggerListener.log Command line argument:             -Drs.configdir=/Users/mariapaz/GeneradorFacturasMasivas/apache-tomcat-9.0.97/webapps/reportserver/WEB-INF
28-Nov-2024 11:15:35.376 INFORMACIÓN [main] org.apache.catalina.startup.VersionLoggerListener.log Command line argument:             -Dignore.endorsed.dirs=
28-Nov-2024 11:15:35.378 INFORMACIÓN [main] org.apache.catalina.startup.VersionLoggerListener.log Command line argument:             -Dcatalina.base=/Users/mariapaz/GeneradorFacturasMasivas/apache-tomcat-9.0.97
28-Nov-2024 11:15:35.378 INFORMACIÓN [main] org.apache.catalina.startup.VersionLoggerListener.log Command line argument:             -Dcatalina.home=/Users/mariapaz/GeneradorFacturasMasivas/apache-tomcat-9.0.97
28-Nov-2024 11:15:35.379 INFORMACIÓN [main] org.apache.catalina.startup.VersionLoggerListener.log Command line argument:             -Djava.io.tmpdir=/Users/mariapaz/GeneradorFacturasMasivas/apache-tomcat-9.0.97/temp
28-Nov-2024 11:15:35.555 INFORMACIÓN [main] org.apache.catalina.core.AprLifecycleListener.lifecycleEvent La biblioteca nativa de Apache Tomcat basada en ARP que permite un rendimiento óptimo en entornos de desarrollo no ha sido hallada en java.library.path: [/Users/mariapaz/Library/Java/Extensions:/Library/Java/Extensions:/Network/Library/Java/Extensions:/System/Library/Java/Extensions:/usr/lib/java:.]
28-Nov-2024 11:15:38.980 INFORMACIÓN [main] org.apache.coyote.AbstractProtocol.init Inicializando el manejador de protocolo ["http-nio-8081"]

28-Nov-2024 11:15:39.730 INFORMACIÓN [main] org.apache.catalina.startup.Catalina.load Server initialization in [7144] milliseconds
28-Nov-2024 11:15:40.297 INFORMACIÓN [main] org.apache.catalina.core.StandardService.startInternal Arrancando servicio [Catalina]
28-Nov-2024 11:15:40.297 INFORMACIÓN [main] org.apache.catalina.core.StandardEngine.startInternal Starting Servlet engine: [Apache Tomcat/9.0.97]
28-Nov-2024 11:15:40.571 INFORMACIÓN [main] org.apache.catalina.startup.HostConfig.deployWAR Despliegue del archivo [/Users/mariapaz/GeneradorFacturasMasivas/apache-tomcat-9.0.97/webapps/reportserver.war] de la aplicación web
28-Nov-2024 11:15:48.243 INFORMACIÓN [main] org.apache.jasper.servlet.TldScanner.scanJars Al menos un JAR, que se ha explorado buscando TLDs, aún no contenía TLDs. Activar historial de depuración para este historiador para una completa lista de los JARs que fueron explorados y de los que nos se halló TLDs. Saltarse JARs no necesarios durante la exploración puede dar lugar a una mejora de tiempo significativa en el arranque y compilación de JSP .
28-Nov-2024 11:15:48.360 INFORMACIÓN [main] org.apache.catalina.startup.HostConfig.deployWAR Deployment of web application archive [/Users/mariapaz/GeneradorFacturasMasivas/apache-tomcat-9.0.97/webapps/reportserver.war] has finished in [7.783] ms
28-Nov-2024 11:15:48.367 INFORMACIÓN [main] org.apache.catalina.startup.HostConfig.deployDirectory Desplegando el directorio [/Users/mariapaz/GeneradorFacturasMasivas/apache-tomcat-9.0.97/webapps/docs] de la aplicación web
28-Nov-2024 11:15:50.450 INFORMACIÓN [main] org.apache.jasper.servlet.TldScanner.scanJars Al menos un JAR, que se ha explorado buscando TLDs, aún no contenía TLDs. Activar historial de depuración para este historiador para una completa lista de los JARs que fueron explorados y de los que nos se halló TLDs. Saltarse JARs no necesarios durante la exploración puede dar lugar a una mejora de tiempo significativa en el arranque y compilación de JSP .
28-Nov-2024 11:15:50.464 INFORMACIÓN [main] org.apache.catalina.startup.HostConfig.deployDirectory Deployment of web application directory [/Users/mariapaz/GeneradorFacturasMasivas/apache-tomcat-9.0.97/webapps/docs] has finished in [2.097] ms
28-Nov-2024 11:15:50.469 INFORMACIÓN [main] org.apache.catalina.startup.HostConfig.deployDirectory Desplegando el directorio [/Users/mariapaz/GeneradorFacturasMasivas/apache-tomcat-9.0.97/webapps/manager] de la aplicación web
28-Nov-2024 11:15:52.916 INFORMACIÓN [main] org.apache.jasper.servlet.TldScanner.scanJars Al menos un JAR, que se ha explorado buscando TLDs, aún no contenía TLDs. Activar historial de depuración para este historiador para una completa lista de los JARs que fueron explorados y de los que nos se halló TLDs. Saltarse JARs no necesarios durante la exploración puede dar lugar a una mejora de tiempo significativa en el arranque y compilación de JSP .
28-Nov-2024 11:15:52.980 INFORMACIÓN [main] org.apache.catalina.startup.HostConfig.deployDirectory Deployment of web application directory [/Users/mariapaz/GeneradorFacturasMasivas/apache-tomcat-9.0.97/webapps/manager] has finished in [2.511] ms
28-Nov-2024 11:15:52.981 INFORMACIÓN [main] org.apache.catalina.startup.HostConfig.deployDirectory Desplegando el directorio [/Users/mariapaz/GeneradorFacturasMasivas/apache-tomcat-9.0.97/webapps/examples] de la aplicación web
28-Nov-2024 11:15:55.989 INFORMACIÓN [main] org.apache.jasper.servlet.TldScanner.scanJars Al menos un JAR, que se ha explorado buscando TLDs, aún no contenía TLDs. Activar historial de depuración para este historiador para una completa lista de los JARs que fueron explorados y de los que nos se halló TLDs. Saltarse JARs no necesarios durante la exploración puede dar lugar a una mejora de tiempo significativa en el arranque y compilación de JSP .
28-Nov-2024 11:15:56.057 INFORMACIÓN [main] org.apache.catalina.startup.HostConfig.deployDirectory Deployment of web application directory [/Users/mariapaz/GeneradorFacturasMasivas/apache-tomcat-9.0.97/webapps/examples] has finished in [3.076] ms
28-Nov-2024 11:15:56.082 INFORMACIÓN [main] org.apache.catalina.startup.HostConfig.deployDirectory Desplegando el directorio [/Users/mariapaz/GeneradorFacturasMasivas/apache-tomcat-9.0.97/webapps/ROOT] de la aplicación web
28-Nov-2024 11:15:58.107 INFORMACIÓN [main] org.apache.jasper.servlet.TldScanner.scanJars Al menos un JAR, que se ha explorado buscando TLDs, aún no contenía TLDs. Activar historial de depuración para este historiador para una completa lista de los JARs que fueron explorados y de los que nos se halló TLDs. Saltarse JARs no necesarios durante la exploración puede dar lugar a una mejora de tiempo significativa en el arranque y compilación de JSP .
28-Nov-2024 11:15:58.178 INFORMACIÓN [main] org.apache.catalina.startup.HostConfig.deployDirectory Deployment of web application directory [/Users/mariapaz/GeneradorFacturasMasivas/apache-tomcat-9.0.97/webapps/ROOT] has finished in [2.095] ms
28-Nov-2024 11:15:58.178 INFORMACIÓN [main] org.apache.catalina.startup.HostConfig.deployDirectory Desplegando el directorio [/Users/mariapaz/GeneradorFacturasMasivas/apache-tomcat-9.0.97/webapps/host-manager] de la aplicación web
28-Nov-2024 11:15:59.998 INFORMACIÓN [main] org.apache.jasper.servlet.TldScanner.scanJars Al menos un JAR, que se ha explorado buscando TLDs, aún no contenía TLDs. Activar historial de depuración para este historiador para una completa lista de los JARs que fueron explorados y de los que nos se halló TLDs. Saltarse JARs no necesarios durante la exploración puede dar lugar a una mejora de tiempo significativa en el arranque y compilación de JSP .
28-Nov-2024 11:16:00.014 INFORMACIÓN [main] org.apache.catalina.startup.HostConfig.deployDirectory Deployment of web application directory [/Users/mariapaz/GeneradorFacturasMasivas/apache-tomcat-9.0.97/webapps/host-manager] has finished in [1.835] ms
28-Nov-2024 11:16:00.089 INFORMACIÓN [main] org.apache.coyote.AbstractProtocol.start Starting ProtocolHandler ["http-nio-8081"]
28-Nov-2024 11:16:00.211 INFORMACIÓN [main] org.apache.catalina.startup.Catalina.start Server startup in [20474] milliseconds
28-Nov-2024 12:28:00.778 INFORMACIÓN [http-nio-8081-exec-7] org.apache.coyote.http11.Http11Processor.service Error analizando cabecera de requerimiento HTTP
 Note: further occurrences of HTTP request parsing errors will be logged at DEBUG level.
	java.lang.IllegalArgumentException: Se encontró un carácter inválido en el nombre del método. Los nombres de métodos HTTP deben ser tokens
		at org.apache.coyote.http11.Http11InputBuffer.parseRequestLine(Http11InputBuffer.java:407)
		at org.apache.coyote.http11.Http11Processor.service(Http11Processor.java:269)
		at org.apache.coyote.AbstractProcessorLight.process(AbstractProcessorLight.java:63)
		at org.apache.coyote.AbstractProtocol$ConnectionHandler.process(AbstractProtocol.java:937)
		at org.apache.tomcat.util.net.NioEndpoint$SocketProcessor.doRun(NioEndpoint.java:1791)
		at org.apache.tomcat.util.net.SocketProcessorBase.run(SocketProcessorBase.java:52)
		at org.apache.tomcat.util.threads.ThreadPoolExecutor.runWorker(ThreadPoolExecutor.java:1190)
		at org.apache.tomcat.util.threads.ThreadPoolExecutor$Worker.run(ThreadPoolExecutor.java:659)
		at org.apache.tomcat.util.threads.TaskThread$WrappingRunnable.run(TaskThread.java:63)
		at java.base/java.lang.Thread.run(Thread.java:833)
28-Nov-2024 12:28:00.778 INFORMACIÓN [http-nio-8081-exec-6] org.apache.coyote.http11.Http11Processor.service Error analizando cabecera de requerimiento HTTP
 Note: further occurrences of HTTP request parsing errors will be logged at DEBUG level.
	java.lang.IllegalArgumentException: Se encontró un carácter inválido en el nombre del método. Los nombres de métodos HTTP deben ser tokens
		at org.apache.coyote.http11.Http11InputBuffer.parseRequestLine(Http11InputBuffer.java:407)
		at org.apache.coyote.http11.Http11Processor.service(Http11Processor.java:269)
		at org.apache.coyote.AbstractProcessorLight.process(AbstractProcessorLight.java:63)
		at org.apache.coyote.AbstractProtocol$ConnectionHandler.process(AbstractProtocol.java:937)
		at org.apache.tomcat.util.net.NioEndpoint$SocketProcessor.doRun(NioEndpoint.java:1791)
		at org.apache.tomcat.util.net.SocketProcessorBase.run(SocketProcessorBase.java:52)
		at org.apache.tomcat.util.threads.ThreadPoolExecutor.runWorker(ThreadPoolExecutor.java:1190)
		at org.apache.tomcat.util.threads.ThreadPoolExecutor$Worker.run(ThreadPoolExecutor.java:659)
		at org.apache.tomcat.util.threads.TaskThread$WrappingRunnable.run(TaskThread.java:63)
		at java.base/java.lang.Thread.run(Thread.java:833)
28-Nov-2024 13:46:53.054 INFORMACIÓN [Catalina-utility-1] org.apache.catalina.startup.HostConfig.undeploy Repliegue (undeploy) de la aplicación web que tiene como trayectoria de contexto [/reportserver]
28-Nov-2024 13:46:53.285 INFORMACIÓN [Catalina-utility-1] org.apache.catalina.startup.HostConfig.deployWAR Despliegue del archivo [/Users/mariapaz/GeneradorFacturasMasivas/apache-tomcat-9.0.97/webapps/reportserver.war] de la aplicación web
28-Nov-2024 13:47:12.926 GRAVE [Catalina-utility-1] org.apache.catalina.startup.ContextConfig.beforeStart Excepción arreglando docBase: [/reportserver]
	java.io.IOException: Unable to set the last modified time for [/Users/mariapaz/GeneradorFacturasMasivas/apache-tomcat-9.0.97/webapps/reportserver/reportserver/WEB-INF/deploy/reportserver/symbolMaps/4DB83A6AB816B559815CA8FFF40D854F.symbolMap]
		at org.apache.catalina.startup.ExpandWar.expand(ExpandWar.java:157)
		at org.apache.catalina.startup.ContextConfig.fixDocBase(ContextConfig.java:801)
		at org.apache.catalina.startup.ContextConfig.beforeStart(ContextConfig.java:937)
		at org.apache.catalina.startup.ContextConfig.lifecycleEvent(ContextConfig.java:292)
		at org.apache.catalina.util.LifecycleBase.fireLifecycleEvent(LifecycleBase.java:109)
		at org.apache.catalina.util.LifecycleBase.setStateInternal(LifecycleBase.java:389)
		at org.apache.catalina.util.LifecycleBase.start(LifecycleBase.java:163)
		at org.apache.catalina.core.ContainerBase.addChildInternal(ContainerBase.java:599)
		at org.apache.catalina.core.ContainerBase.addChild(ContainerBase.java:571)
		at org.apache.catalina.core.StandardHost.addChild(StandardHost.java:603)
		at org.apache.catalina.startup.HostConfig.deployWAR(HostConfig.java:1014)
		at org.apache.catalina.startup.HostConfig$DeployWar.run(HostConfig.java:1866)
		at java.base/java.util.concurrent.Executors$RunnableAdapter.call(Executors.java:539)
		at java.base/java.util.concurrent.FutureTask.run(FutureTask.java:264)
		at org.apache.tomcat.util.threads.InlineExecutorService.execute(InlineExecutorService.java:75)
		at java.base/java.util.concurrent.AbstractExecutorService.submit(AbstractExecutorService.java:123)
		at org.apache.catalina.startup.HostConfig.deployWARs(HostConfig.java:816)
		at org.apache.catalina.startup.HostConfig.deployApps(HostConfig.java:468)
		at org.apache.catalina.startup.HostConfig.check(HostConfig.java:1633)
		at org.apache.catalina.startup.HostConfig.lifecycleEvent(HostConfig.java:308)
		at org.apache.catalina.util.LifecycleBase.fireLifecycleEvent(LifecycleBase.java:109)
		at org.apache.catalina.core.ContainerBase.backgroundProcess(ContainerBase.java:973)
		at org.apache.catalina.core.ContainerBase$ContainerBackgroundProcessor.processChildren(ContainerBase.java:1172)
		at org.apache.catalina.core.ContainerBase$ContainerBackgroundProcessor.processChildren(ContainerBase.java:1176)
		at org.apache.catalina.core.ContainerBase$ContainerBackgroundProcessor.run(ContainerBase.java:1154)
		at java.base/java.util.concurrent.Executors$RunnableAdapter.call(Executors.java:539)
		at java.base/java.util.concurrent.FutureTask.runAndReset(FutureTask.java:305)
		at java.base/java.util.concurrent.ScheduledThreadPoolExecutor$ScheduledFutureTask.run(ScheduledThreadPoolExecutor.java:305)
		at java.base/java.util.concurrent.ThreadPoolExecutor.runWorker(ThreadPoolExecutor.java:1136)
		at java.base/java.util.concurrent.ThreadPoolExecutor$Worker.run(ThreadPoolExecutor.java:635)
		at org.apache.tomcat.util.threads.TaskThread$WrappingRunnable.run(TaskThread.java:63)
		at java.base/java.lang.Thread.run(Thread.java:833)
28-Nov-2024 13:47:13.089 GRAVE [Catalina-utility-1] org.apache.catalina.startup.HostConfig.deployWAR Error durante el despliegue del archivo [/Users/mariapaz/GeneradorFacturasMasivas/apache-tomcat-9.0.97/webapps/reportserver.war] de la aplicación web
	java.lang.IllegalStateException: Error starting child
		at org.apache.catalina.core.ContainerBase.addChildInternal(ContainerBase.java:602)
		at org.apache.catalina.core.ContainerBase.addChild(ContainerBase.java:571)
		at org.apache.catalina.core.StandardHost.addChild(StandardHost.java:603)
		at org.apache.catalina.startup.HostConfig.deployWAR(HostConfig.java:1014)
		at org.apache.catalina.startup.HostConfig$DeployWar.run(HostConfig.java:1866)
		at java.base/java.util.concurrent.Executors$RunnableAdapter.call(Executors.java:539)
		at java.base/java.util.concurrent.FutureTask.run(FutureTask.java:264)
		at org.apache.tomcat.util.threads.InlineExecutorService.execute(InlineExecutorService.java:75)
		at java.base/java.util.concurrent.AbstractExecutorService.submit(AbstractExecutorService.java:123)
		at org.apache.catalina.startup.HostConfig.deployWARs(HostConfig.java:816)
		at org.apache.catalina.startup.HostConfig.deployApps(HostConfig.java:468)
		at org.apache.catalina.startup.HostConfig.check(HostConfig.java:1633)
		at org.apache.catalina.startup.HostConfig.lifecycleEvent(HostConfig.java:308)
		at org.apache.catalina.util.LifecycleBase.fireLifecycleEvent(LifecycleBase.java:109)
		at org.apache.catalina.core.ContainerBase.backgroundProcess(ContainerBase.java:973)
		at org.apache.catalina.core.ContainerBase$ContainerBackgroundProcessor.processChildren(ContainerBase.java:1172)
		at org.apache.catalina.core.ContainerBase$ContainerBackgroundProcessor.processChildren(ContainerBase.java:1176)
		at org.apache.catalina.core.ContainerBase$ContainerBackgroundProcessor.run(ContainerBase.java:1154)
		at java.base/java.util.concurrent.Executors$RunnableAdapter.call(Executors.java:539)
		at java.base/java.util.concurrent.FutureTask.runAndReset(FutureTask.java:305)
		at java.base/java.util.concurrent.ScheduledThreadPoolExecutor$ScheduledFutureTask.run(ScheduledThreadPoolExecutor.java:305)
		at java.base/java.util.concurrent.ThreadPoolExecutor.runWorker(ThreadPoolExecutor.java:1136)
		at java.base/java.util.concurrent.ThreadPoolExecutor$Worker.run(ThreadPoolExecutor.java:635)
		at org.apache.tomcat.util.threads.TaskThread$WrappingRunnable.run(TaskThread.java:63)
		at java.base/java.lang.Thread.run(Thread.java:833)
	Caused by: org.apache.catalina.LifecycleException: Failed to start component [org.apache.catalina.webresources.StandardRoot@51b16168]
		at org.apache.catalina.util.LifecycleBase.handleSubClassException(LifecycleBase.java:406)
		at org.apache.catalina.util.LifecycleBase.start(LifecycleBase.java:179)
		at org.apache.catalina.core.StandardContext.resourcesStart(StandardContext.java:4131)
		at org.apache.catalina.core.StandardContext.startInternal(StandardContext.java:4253)
		at org.apache.catalina.util.LifecycleBase.start(LifecycleBase.java:164)
		at org.apache.catalina.core.ContainerBase.addChildInternal(ContainerBase.java:599)
		... 24 more
	Caused by: java.lang.IllegalArgumentException: The main resource set specified [/Users/mariapaz/GeneradorFacturasMasivas/apache-tomcat-9.0.97/webapps/reportserver.war] is not a directory or war file, or is not readable (it does not exist or permissions to access it are missing)
		at org.apache.catalina.webresources.StandardRoot.createMainResourceSet(StandardRoot.java:749)
		at org.apache.catalina.webresources.StandardRoot.startInternal(StandardRoot.java:707)
		at org.apache.catalina.util.LifecycleBase.start(LifecycleBase.java:164)
		... 28 more
28-Nov-2024 13:47:13.093 INFORMACIÓN [Catalina-utility-1] org.apache.catalina.startup.HostConfig.deployWAR Deployment of web application archive [/Users/mariapaz/GeneradorFacturasMasivas/apache-tomcat-9.0.97/webapps/reportserver.war] has finished in [19.807] ms
28-Nov-2024 13:47:23.104 INFORMACIÓN [Catalina-utility-2] org.apache.catalina.startup.HostConfig.undeploy Repliegue (undeploy) de la aplicación web que tiene como trayectoria de contexto [/reportserver]
28-Nov-2024 14:22:34.975 INFORMACIÓN [Catalina-utility-1] org.apache.catalina.startup.HostConfig.deployDirectory Desplegando el directorio [/Users/mariapaz/GeneradorFacturasMasivas/apache-tomcat-9.0.97/webapps/reportserver] de la aplicación web
28-Nov-2024 14:22:42.702 INFORMACIÓN [Catalina-utility-1] org.apache.jasper.servlet.TldScanner.scanJars Al menos un JAR, que se ha explorado buscando TLDs, aún no contenía TLDs. Activar historial de depuración para este historiador para una completa lista de los JARs que fueron explorados y de los que nos se halló TLDs. Saltarse JARs no necesarios durante la exploración puede dar lugar a una mejora de tiempo significativa en el arranque y compilación de JSP .
28-Nov-2024 14:22:42.922 INFORMACIÓN [Catalina-utility-1] org.apache.catalina.startup.HostConfig.deployDirectory Deployment of web application directory [/Users/mariapaz/GeneradorFacturasMasivas/apache-tomcat-9.0.97/webapps/reportserver] has finished in [7.949] ms
28-Nov-2024 14:23:23.042 INFORMACIÓN [Catalina-utility-1] org.apache.catalina.startup.HostConfig.reload Falló la recarga del contexto [/reportserver]
28-Nov-2024 14:23:23.055 INFORMACIÓN [Catalina-utility-1] org.apache.catalina.core.StandardContext.reload Ha comenzado la recarga de Contexto [/reportserver]
28-Nov-2024 14:25:24.134 INFORMACIÓN [Catalina-utility-1] org.apache.jasper.servlet.TldScanner.scanJars Al menos un JAR, que se ha explorado buscando TLDs, aún no contenía TLDs. Activar historial de depuración para este historiador para una completa lista de los JARs que fueron explorados y de los que nos se halló TLDs. Saltarse JARs no necesarios durante la exploración puede dar lugar a una mejora de tiempo significativa en el arranque y compilación de JSP .
28-Nov-2024 14:25:34.247 GRAVE [Catalina-utility-1] org.apache.catalina.core.StandardContext.startInternal One or more listeners failed to start. Full details will be found in the appropriate container log file
28-Nov-2024 14:25:34.248 GRAVE [Catalina-utility-1] org.apache.catalina.core.StandardContext.startInternal Falló en arranque del Contexto [/reportserver] debido a errores previos
28-Nov-2024 14:25:34.589 ADVERTENCIA [Catalina-utility-1] org.apache.catalina.loader.WebappClassLoaderBase.clearReferencesThreads The web application [reportserver] appears to have started a thread named [org.apache.commons.vfs2.cache.SoftRefFilesCache$ReleaseThread] but has failed to stop it. This is very likely to create a memory leak. Stack trace of thread:
 java.base@17.0.8.1/java.lang.Object.wait(Native Method)
 java.base@17.0.8.1/java.lang.ref.ReferenceQueue.remove(ReferenceQueue.java:155)
 org.apache.commons.vfs2.cache.SoftRefFilesCache$ReleaseThread.run(SoftRefFilesCache.java:54)
28-Nov-2024 14:25:34.660 INFORMACIÓN [Catalina-utility-1] org.apache.catalina.core.StandardContext.reload Se ha completado la recarga de este Contexto
28-Nov-2024 15:27:45.020 INFORMACIÓN [main] org.apache.catalina.startup.VersionLoggerListener.log Nombre de la versión del servidor: Apache Tomcat/9.0.97
28-Nov-2024 15:27:45.034 INFORMACIÓN [main] org.apache.catalina.startup.VersionLoggerListener.log Server built:                      Nov 6 2024 19:55:19 UTC
28-Nov-2024 15:27:45.054 INFORMACIÓN [main] org.apache.catalina.startup.VersionLoggerListener.log Número de versión de servidor:     9.0.97.0
28-Nov-2024 15:27:45.055 INFORMACIÓN [main] org.apache.catalina.startup.VersionLoggerListener.log OS Name:                           Mac OS X
28-Nov-2024 15:27:45.056 INFORMACIÓN [main] org.apache.catalina.startup.VersionLoggerListener.log Versión de Systema Operativo:      13.6.4
28-Nov-2024 15:27:45.057 INFORMACIÓN [main] org.apache.catalina.startup.VersionLoggerListener.log Arquitectura:                      x86_64
28-Nov-2024 15:27:45.062 INFORMACIÓN [main] org.apache.catalina.startup.VersionLoggerListener.log Java Home:                         /Users/mariapaz/.sdkman/candidates/java/17.0.8.1-tem
28-Nov-2024 15:27:45.064 INFORMACIÓN [main] org.apache.catalina.startup.VersionLoggerListener.log JVM Version:                       17.0.8.1+1
28-Nov-2024 15:27:45.066 INFORMACIÓN [main] org.apache.catalina.startup.VersionLoggerListener.log Vededor JVM:                       Eclipse Adoptium
28-Nov-2024 15:27:45.070 INFORMACIÓN [main] org.apache.catalina.startup.VersionLoggerListener.log CATALINA_BASE:                     /Users/mariapaz/GeneradorFacturasMasivas/apache-tomcat-9.0.97
28-Nov-2024 15:27:45.072 INFORMACIÓN [main] org.apache.catalina.startup.VersionLoggerListener.log CATALINA_HOME:                     /Users/mariapaz/GeneradorFacturasMasivas/apache-tomcat-9.0.97
28-Nov-2024 15:27:45.139 INFORMACIÓN [main] org.apache.catalina.startup.VersionLoggerListener.log Command line argument:             --add-opens=java.base/java.lang=ALL-UNNAMED
28-Nov-2024 15:27:45.140 INFORMACIÓN [main] org.apache.catalina.startup.VersionLoggerListener.log Command line argument:             --add-opens=java.base/java.io=ALL-UNNAMED
28-Nov-2024 15:27:45.145 INFORMACIÓN [main] org.apache.catalina.startup.VersionLoggerListener.log Command line argument:             --add-opens=java.base/java.util=ALL-UNNAMED
28-Nov-2024 15:27:45.149 INFORMACIÓN [main] org.apache.catalina.startup.VersionLoggerListener.log Command line argument:             --add-opens=java.base/java.util.concurrent=ALL-UNNAMED
28-Nov-2024 15:27:45.154 INFORMACIÓN [main] org.apache.catalina.startup.VersionLoggerListener.log Command line argument:             --add-opens=java.rmi/sun.rmi.transport=ALL-UNNAMED
28-Nov-2024 15:27:45.155 INFORMACIÓN [main] org.apache.catalina.startup.VersionLoggerListener.log Command line argument:             -Djava.util.logging.config.file=/Users/mariapaz/GeneradorFacturasMasivas/apache-tomcat-9.0.97/conf/logging.properties
28-Nov-2024 15:27:45.156 INFORMACIÓN [main] org.apache.catalina.startup.VersionLoggerListener.log Command line argument:             -Djava.util.logging.manager=org.apache.juli.ClassLoaderLogManager
28-Nov-2024 15:27:45.158 INFORMACIÓN [main] org.apache.catalina.startup.VersionLoggerListener.log Command line argument:             -Djava.security.egd=file:/dev/urandom
28-Nov-2024 15:27:45.158 INFORMACIÓN [main] org.apache.catalina.startup.VersionLoggerListener.log Command line argument:             -Djdk.tls.ephemeralDHKeySize=2048
28-Nov-2024 15:27:45.159 INFORMACIÓN [main] org.apache.catalina.startup.VersionLoggerListener.log Command line argument:             -Djava.protocol.handler.pkgs=org.apache.catalina.webresources
28-Nov-2024 15:27:45.160 INFORMACIÓN [main] org.apache.catalina.startup.VersionLoggerListener.log Command line argument:             -Dorg.apache.catalina.security.SecurityListener.UMASK=0027
28-Nov-2024 15:27:45.160 INFORMACIÓN [main] org.apache.catalina.startup.VersionLoggerListener.log Command line argument:             -Drs.configdir=/Users/mariapaz/GeneradorFacturasMasivas/apache-tomcat-9.0.97/webapps/reportserver/WEB-INF
28-Nov-2024 15:27:45.161 INFORMACIÓN [main] org.apache.catalina.startup.VersionLoggerListener.log Command line argument:             -Xmx4096M
28-Nov-2024 15:27:45.161 INFORMACIÓN [main] org.apache.catalina.startup.VersionLoggerListener.log Command line argument:             -Dfile.encoding=UTF8
28-Nov-2024 15:27:45.162 INFORMACIÓN [main] org.apache.catalina.startup.VersionLoggerListener.log Command line argument:             --add-opens=java.base/java.net=ALL-UNNAMED
28-Nov-2024 15:27:45.162 INFORMACIÓN [main] org.apache.catalina.startup.VersionLoggerListener.log Command line argument:             --add-opens=java.base/jdk.internal.ref=ALL-UNNAMED
28-Nov-2024 15:27:45.163 INFORMACIÓN [main] org.apache.catalina.startup.VersionLoggerListener.log Command line argument:             --add-opens=java.base/jdk.internal.reflect=ALL-UNNAMED
28-Nov-2024 15:27:45.164 INFORMACIÓN [main] org.apache.catalina.startup.VersionLoggerListener.log Command line argument:             --add-opens=java.base/java.lang.invoke=ALL-UNNAMED
28-Nov-2024 15:27:45.165 INFORMACIÓN [main] org.apache.catalina.startup.VersionLoggerListener.log Command line argument:             --add-opens=java.base/java.util=ALL-UNNAMED
28-Nov-2024 15:27:45.173 INFORMACIÓN [main] org.apache.catalina.startup.VersionLoggerListener.log Command line argument:             --add-opens=java.base/java.lang.ref=ALL-UNNAMED
28-Nov-2024 15:27:45.174 INFORMACIÓN [main] org.apache.catalina.startup.VersionLoggerListener.log Command line argument:             --add-opens=java.base/java.lang.reflect=ALL-UNNAMED
28-Nov-2024 15:27:45.175 INFORMACIÓN [main] org.apache.catalina.startup.VersionLoggerListener.log Command line argument:             --add-opens=java.base/sun.reflect.generics.repository=ALL-UNNAMED
28-Nov-2024 15:27:45.176 INFORMACIÓN [main] org.apache.catalina.startup.VersionLoggerListener.log Command line argument:             -Dignore.endorsed.dirs=
28-Nov-2024 15:27:45.177 INFORMACIÓN [main] org.apache.catalina.startup.VersionLoggerListener.log Command line argument:             -Dcatalina.base=/Users/mariapaz/GeneradorFacturasMasivas/apache-tomcat-9.0.97
28-Nov-2024 15:27:45.177 INFORMACIÓN [main] org.apache.catalina.startup.VersionLoggerListener.log Command line argument:             -Dcatalina.home=/Users/mariapaz/GeneradorFacturasMasivas/apache-tomcat-9.0.97
28-Nov-2024 15:27:45.178 INFORMACIÓN [main] org.apache.catalina.startup.VersionLoggerListener.log Command line argument:             -Djava.io.tmpdir=/Users/mariapaz/GeneradorFacturasMasivas/apache-tomcat-9.0.97/temp
28-Nov-2024 15:27:45.369 INFORMACIÓN [main] org.apache.catalina.core.AprLifecycleListener.lifecycleEvent La biblioteca nativa de Apache Tomcat basada en ARP que permite un rendimiento óptimo en entornos de desarrollo no ha sido hallada en java.library.path: [/Users/mariapaz/Library/Java/Extensions:/Library/Java/Extensions:/Network/Library/Java/Extensions:/System/Library/Java/Extensions:/usr/lib/java:.]
28-Nov-2024 15:27:49.939 INFORMACIÓN [main] org.apache.coyote.AbstractProtocol.init Inicializando el manejador de protocolo ["http-nio-8081"]

28-Nov-2024 15:27:50.008 GRAVE [main] org.apache.catalina.util.LifecycleBase.handleSubClassException Fallo al iniciar el componente [Connector["http-nio-8081"]]
	org.apache.catalina.LifecycleException: Falló la inicialización del manejador de protocolo
		at org.apache.catalina.connector.Connector.initInternal(Connector.java:1027)
		at org.apache.catalina.util.LifecycleBase.init(LifecycleBase.java:122)
		at org.apache.catalina.core.StandardService.initInternal(StandardService.java:525)
		at org.apache.catalina.util.LifecycleBase.init(LifecycleBase.java:122)
		at org.apache.catalina.core.StandardServer.initInternal(StandardServer.java:986)
		at org.apache.catalina.util.LifecycleBase.init(LifecycleBase.java:122)
		at org.apache.catalina.startup.Catalina.load(Catalina.java:686)
		at org.apache.catalina.startup.Catalina.load(Catalina.java:709)
		at java.base/jdk.internal.reflect.NativeMethodAccessorImpl.invoke0(Native Method)
		at java.base/jdk.internal.reflect.NativeMethodAccessorImpl.invoke(NativeMethodAccessorImpl.java:77)
		at java.base/jdk.internal.reflect.DelegatingMethodAccessorImpl.invoke(DelegatingMethodAccessorImpl.java:43)
		at java.base/java.lang.reflect.Method.invoke(Method.java:568)
		at org.apache.catalina.startup.Bootstrap.load(Bootstrap.java:302)
		at org.apache.catalina.startup.Bootstrap.main(Bootstrap.java:472)
	Caused by: java.net.BindException: Address already in use
		at java.base/sun.nio.ch.Net.bind0(Native Method)
		at java.base/sun.nio.ch.Net.bind(Net.java:555)
		at java.base/sun.nio.ch.ServerSocketChannelImpl.netBind(ServerSocketChannelImpl.java:337)
		at java.base/sun.nio.ch.ServerSocketChannelImpl.bind(ServerSocketChannelImpl.java:294)
		at org.apache.tomcat.util.net.NioEndpoint.initServerSocket(NioEndpoint.java:268)
		at org.apache.tomcat.util.net.NioEndpoint.bind(NioEndpoint.java:223)
		at org.apache.tomcat.util.net.AbstractEndpoint.bindWithCleanup(AbstractEndpoint.java:1373)
		at org.apache.tomcat.util.net.AbstractEndpoint.init(AbstractEndpoint.java:1386)
		at org.apache.coyote.AbstractProtocol.init(AbstractProtocol.java:663)
		at org.apache.coyote.http11.AbstractHttp11Protocol.init(AbstractHttp11Protocol.java:80)
		at org.apache.catalina.connector.Connector.initInternal(Connector.java:1025)
		... 13 more
28-Nov-2024 15:27:50.010 INFORMACIÓN [main] org.apache.catalina.startup.Catalina.load Server initialization in [6220] milliseconds
28-Nov-2024 15:27:50.186 INFORMACIÓN [main] org.apache.catalina.core.StandardService.startInternal Arrancando servicio [Catalina]
28-Nov-2024 15:27:50.187 INFORMACIÓN [main] org.apache.catalina.core.StandardEngine.startInternal Starting Servlet engine: [Apache Tomcat/9.0.97]
28-Nov-2024 15:27:50.211 INFORMACIÓN [main] org.apache.catalina.startup.HostConfig.deployDirectory Desplegando el directorio [/Users/mariapaz/GeneradorFacturasMasivas/apache-tomcat-9.0.97/webapps/reportserver] de la aplicación web
28-Nov-2024 15:28:23.557 INFORMACIÓN [http-nio-8081-exec-26] org.apache.coyote.http11.Http11Processor.service Error analizando cabecera de requerimiento HTTP
 Note: further occurrences of HTTP request parsing errors will be logged at DEBUG level.
	java.lang.IllegalArgumentException: Se encontró un carácter inválido en el nombre del método. Los nombres de métodos HTTP deben ser tokens
		at org.apache.coyote.http11.Http11InputBuffer.parseRequestLine(Http11InputBuffer.java:407)
		at org.apache.coyote.http11.Http11Processor.service(Http11Processor.java:269)
		at org.apache.coyote.AbstractProcessorLight.process(AbstractProcessorLight.java:63)
		at org.apache.coyote.AbstractProtocol$ConnectionHandler.process(AbstractProtocol.java:937)
		at org.apache.tomcat.util.net.NioEndpoint$SocketProcessor.doRun(NioEndpoint.java:1791)
		at org.apache.tomcat.util.net.SocketProcessorBase.run(SocketProcessorBase.java:52)
		at org.apache.tomcat.util.threads.ThreadPoolExecutor.runWorker(ThreadPoolExecutor.java:1190)
		at org.apache.tomcat.util.threads.ThreadPoolExecutor$Worker.run(ThreadPoolExecutor.java:659)
		at org.apache.tomcat.util.threads.TaskThread$WrappingRunnable.run(TaskThread.java:63)
		at java.base/java.lang.Thread.run(Thread.java:833)
28-Nov-2024 15:28:23.557 INFORMACIÓN [http-nio-8081-exec-25] org.apache.coyote.http11.Http11Processor.service Error analizando cabecera de requerimiento HTTP
 Note: further occurrences of HTTP request parsing errors will be logged at DEBUG level.
	java.lang.IllegalArgumentException: Se encontró un carácter inválido en el nombre del método. Los nombres de métodos HTTP deben ser tokens
		at org.apache.coyote.http11.Http11InputBuffer.parseRequestLine(Http11InputBuffer.java:407)
		at org.apache.coyote.http11.Http11Processor.service(Http11Processor.java:269)
		at org.apache.coyote.AbstractProcessorLight.process(AbstractProcessorLight.java:63)
		at org.apache.coyote.AbstractProtocol$ConnectionHandler.process(AbstractProtocol.java:937)
		at org.apache.tomcat.util.net.NioEndpoint$SocketProcessor.doRun(NioEndpoint.java:1791)
		at org.apache.tomcat.util.net.SocketProcessorBase.run(SocketProcessorBase.java:52)
		at org.apache.tomcat.util.threads.ThreadPoolExecutor.runWorker(ThreadPoolExecutor.java:1190)
		at org.apache.tomcat.util.threads.ThreadPoolExecutor$Worker.run(ThreadPoolExecutor.java:659)
		at org.apache.tomcat.util.threads.TaskThread$WrappingRunnable.run(TaskThread.java:63)
		at java.base/java.lang.Thread.run(Thread.java:833)
28-Nov-2024 15:30:30.657 INFORMACIÓN [main] org.apache.catalina.startup.VersionLoggerListener.log Nombre de la versión del servidor: Apache Tomcat/9.0.97
28-Nov-2024 15:30:30.665 INFORMACIÓN [main] org.apache.catalina.startup.VersionLoggerListener.log Server built:                      Nov 6 2024 19:55:19 UTC
28-Nov-2024 15:30:30.666 INFORMACIÓN [main] org.apache.catalina.startup.VersionLoggerListener.log Número de versión de servidor:     9.0.97.0
28-Nov-2024 15:30:30.667 INFORMACIÓN [main] org.apache.catalina.startup.VersionLoggerListener.log OS Name:                           Mac OS X
28-Nov-2024 15:30:30.667 INFORMACIÓN [main] org.apache.catalina.startup.VersionLoggerListener.log Versión de Systema Operativo:      13.6.4
28-Nov-2024 15:30:30.668 INFORMACIÓN [main] org.apache.catalina.startup.VersionLoggerListener.log Arquitectura:                      x86_64
28-Nov-2024 15:30:30.669 INFORMACIÓN [main] org.apache.catalina.startup.VersionLoggerListener.log Java Home:                         /Users/mariapaz/.sdkman/candidates/java/17.0.8.1-tem
28-Nov-2024 15:30:30.782 INFORMACIÓN [main] org.apache.catalina.startup.VersionLoggerListener.log JVM Version:                       17.0.8.1+1
28-Nov-2024 15:30:30.783 INFORMACIÓN [main] org.apache.catalina.startup.VersionLoggerListener.log Vededor JVM:                       Eclipse Adoptium
28-Nov-2024 15:30:30.785 INFORMACIÓN [main] org.apache.catalina.startup.VersionLoggerListener.log CATALINA_BASE:                     /Users/mariapaz/GeneradorFacturasMasivas/apache-tomcat-9.0.97
28-Nov-2024 15:30:30.786 INFORMACIÓN [main] org.apache.catalina.startup.VersionLoggerListener.log CATALINA_HOME:                     /Users/mariapaz/GeneradorFacturasMasivas/apache-tomcat-9.0.97
28-Nov-2024 15:30:30.788 INFORMACIÓN [main] org.apache.catalina.startup.VersionLoggerListener.log Command line argument:             --add-opens=java.base/java.lang=ALL-UNNAMED
28-Nov-2024 15:30:30.789 INFORMACIÓN [main] org.apache.catalina.startup.VersionLoggerListener.log Command line argument:             --add-opens=java.base/java.io=ALL-UNNAMED
28-Nov-2024 15:30:30.789 INFORMACIÓN [main] org.apache.catalina.startup.VersionLoggerListener.log Command line argument:             --add-opens=java.base/java.util=ALL-UNNAMED
28-Nov-2024 15:30:30.791 INFORMACIÓN [main] org.apache.catalina.startup.VersionLoggerListener.log Command line argument:             --add-opens=java.base/java.util.concurrent=ALL-UNNAMED
28-Nov-2024 15:30:30.800 INFORMACIÓN [main] org.apache.catalina.startup.VersionLoggerListener.log Command line argument:             --add-opens=java.rmi/sun.rmi.transport=ALL-UNNAMED
28-Nov-2024 15:30:30.801 INFORMACIÓN [main] org.apache.catalina.startup.VersionLoggerListener.log Command line argument:             -Djava.util.logging.config.file=/Users/mariapaz/GeneradorFacturasMasivas/apache-tomcat-9.0.97/conf/logging.properties
28-Nov-2024 15:30:30.802 INFORMACIÓN [main] org.apache.catalina.startup.VersionLoggerListener.log Command line argument:             -Djava.util.logging.manager=org.apache.juli.ClassLoaderLogManager
28-Nov-2024 15:30:30.802 INFORMACIÓN [main] org.apache.catalina.startup.VersionLoggerListener.log Command line argument:             -Djava.security.egd=file:/dev/urandom
28-Nov-2024 15:30:30.803 INFORMACIÓN [main] org.apache.catalina.startup.VersionLoggerListener.log Command line argument:             -Djdk.tls.ephemeralDHKeySize=2048
28-Nov-2024 15:30:30.804 INFORMACIÓN [main] org.apache.catalina.startup.VersionLoggerListener.log Command line argument:             -Djava.protocol.handler.pkgs=org.apache.catalina.webresources
28-Nov-2024 15:30:30.805 INFORMACIÓN [main] org.apache.catalina.startup.VersionLoggerListener.log Command line argument:             -Dorg.apache.catalina.security.SecurityListener.UMASK=0027
28-Nov-2024 15:30:30.805 INFORMACIÓN [main] org.apache.catalina.startup.VersionLoggerListener.log Command line argument:             -Drs.configdir=/Users/mariapaz/GeneradorFacturasMasivas/apache-tomcat-9.0.97/webapps/reportserver/WEB-INF
28-Nov-2024 15:30:30.807 INFORMACIÓN [main] org.apache.catalina.startup.VersionLoggerListener.log Command line argument:             -Xmx4096M
28-Nov-2024 15:30:30.811 INFORMACIÓN [main] org.apache.catalina.startup.VersionLoggerListener.log Command line argument:             -Dfile.encoding=UTF8
28-Nov-2024 15:30:30.815 INFORMACIÓN [main] org.apache.catalina.startup.VersionLoggerListener.log Command line argument:             --add-opens=java.base/java.net=ALL-UNNAMED
28-Nov-2024 15:30:30.816 INFORMACIÓN [main] org.apache.catalina.startup.VersionLoggerListener.log Command line argument:             --add-opens=java.base/jdk.internal.ref=ALL-UNNAMED
28-Nov-2024 15:30:30.819 INFORMACIÓN [main] org.apache.catalina.startup.VersionLoggerListener.log Command line argument:             --add-opens=java.base/jdk.internal.reflect=ALL-UNNAMED
28-Nov-2024 15:30:30.821 INFORMACIÓN [main] org.apache.catalina.startup.VersionLoggerListener.log Command line argument:             --add-opens=java.base/java.lang.invoke=ALL-UNNAMED
28-Nov-2024 15:30:30.822 INFORMACIÓN [main] org.apache.catalina.startup.VersionLoggerListener.log Command line argument:             --add-opens=java.base/java.util=ALL-UNNAMED
28-Nov-2024 15:30:30.822 INFORMACIÓN [main] org.apache.catalina.startup.VersionLoggerListener.log Command line argument:             --add-opens=java.base/java.lang.ref=ALL-UNNAMED
28-Nov-2024 15:30:30.823 INFORMACIÓN [main] org.apache.catalina.startup.VersionLoggerListener.log Command line argument:             --add-opens=java.base/java.lang.reflect=ALL-UNNAMED
28-Nov-2024 15:30:30.823 INFORMACIÓN [main] org.apache.catalina.startup.VersionLoggerListener.log Command line argument:             --add-opens=java.base/sun.reflect.generics.repository=ALL-UNNAMED
28-Nov-2024 15:30:30.837 INFORMACIÓN [main] org.apache.catalina.startup.VersionLoggerListener.log Command line argument:             -Dignore.endorsed.dirs=
28-Nov-2024 15:30:30.838 INFORMACIÓN [main] org.apache.catalina.startup.VersionLoggerListener.log Command line argument:             -Dcatalina.base=/Users/mariapaz/GeneradorFacturasMasivas/apache-tomcat-9.0.97
28-Nov-2024 15:30:30.838 INFORMACIÓN [main] org.apache.catalina.startup.VersionLoggerListener.log Command line argument:             -Dcatalina.home=/Users/mariapaz/GeneradorFacturasMasivas/apache-tomcat-9.0.97
28-Nov-2024 15:30:30.839 INFORMACIÓN [main] org.apache.catalina.startup.VersionLoggerListener.log Command line argument:             -Djava.io.tmpdir=/Users/mariapaz/GeneradorFacturasMasivas/apache-tomcat-9.0.97/temp
28-Nov-2024 15:30:31.011 INFORMACIÓN [main] org.apache.catalina.core.AprLifecycleListener.lifecycleEvent La biblioteca nativa de Apache Tomcat basada en ARP que permite un rendimiento óptimo en entornos de desarrollo no ha sido hallada en java.library.path: [/Users/mariapaz/Library/Java/Extensions:/Library/Java/Extensions:/Network/Library/Java/Extensions:/System/Library/Java/Extensions:/usr/lib/java:.]
28-Nov-2024 15:30:34.826 INFORMACIÓN [main] org.apache.coyote.AbstractProtocol.init Inicializando el manejador de protocolo ["http-nio-8081"]

28-Nov-2024 15:30:35.107 INFORMACIÓN [main] org.apache.catalina.startup.Catalina.load Server initialization in [5113] milliseconds
28-Nov-2024 15:30:35.417 INFORMACIÓN [main] org.apache.catalina.core.StandardService.startInternal Arrancando servicio [Catalina]
28-Nov-2024 15:30:35.418 INFORMACIÓN [main] org.apache.catalina.core.StandardEngine.startInternal Starting Servlet engine: [Apache Tomcat/9.0.97]
28-Nov-2024 15:30:35.734 INFORMACIÓN [main] org.apache.catalina.startup.HostConfig.deployDirectory Desplegando el directorio [/Users/mariapaz/GeneradorFacturasMasivas/apache-tomcat-9.0.97/webapps/reportserver] de la aplicación web
28-Nov-2024 15:32:14.492 INFORMACIÓN [main] org.apache.jasper.servlet.TldScanner.scanJars Al menos un JAR, que se ha explorado buscando TLDs, aún no contenía TLDs. Activar historial de depuración para este historiador para una completa lista de los JARs que fueron explorados y de los que nos se halló TLDs. Saltarse JARs no necesarios durante la exploración puede dar lugar a una mejora de tiempo significativa en el arranque y compilación de JSP .
28-Nov-2024 15:32:46.217 INFORMACIÓN [main] org.apache.catalina.startup.HostConfig.deployDirectory Deployment of web application directory [/Users/mariapaz/GeneradorFacturasMasivas/apache-tomcat-9.0.97/webapps/reportserver] has finished in [130.475] ms
28-Nov-2024 15:32:46.218 INFORMACIÓN [main] org.apache.catalina.startup.HostConfig.deployDirectory Desplegando el directorio [/Users/mariapaz/GeneradorFacturasMasivas/apache-tomcat-9.0.97/webapps/docs] de la aplicación web
28-Nov-2024 15:32:50.515 INFORMACIÓN [main] org.apache.jasper.servlet.TldScanner.scanJars Al menos un JAR, que se ha explorado buscando TLDs, aún no contenía TLDs. Activar historial de depuración para este historiador para una completa lista de los JARs que fueron explorados y de los que nos se halló TLDs. Saltarse JARs no necesarios durante la exploración puede dar lugar a una mejora de tiempo significativa en el arranque y compilación de JSP .
28-Nov-2024 15:32:50.614 INFORMACIÓN [main] org.apache.catalina.startup.HostConfig.deployDirectory Deployment of web application directory [/Users/mariapaz/GeneradorFacturasMasivas/apache-tomcat-9.0.97/webapps/docs] has finished in [4.396] ms
28-Nov-2024 15:32:50.615 INFORMACIÓN [main] org.apache.catalina.startup.HostConfig.deployDirectory Desplegando el directorio [/Users/mariapaz/GeneradorFacturasMasivas/apache-tomcat-9.0.97/webapps/manager] de la aplicación web
28-Nov-2024 15:32:53.736 INFORMACIÓN [main] org.apache.jasper.servlet.TldScanner.scanJars Al menos un JAR, que se ha explorado buscando TLDs, aún no contenía TLDs. Activar historial de depuración para este historiador para una completa lista de los JARs que fueron explorados y de los que nos se halló TLDs. Saltarse JARs no necesarios durante la exploración puede dar lugar a una mejora de tiempo significativa en el arranque y compilación de JSP .
28-Nov-2024 15:32:53.794 INFORMACIÓN [main] org.apache.catalina.startup.HostConfig.deployDirectory Deployment of web application directory [/Users/mariapaz/GeneradorFacturasMasivas/apache-tomcat-9.0.97/webapps/manager] has finished in [3.179] ms
28-Nov-2024 15:32:53.795 INFORMACIÓN [main] org.apache.catalina.startup.HostConfig.deployDirectory Desplegando el directorio [/Users/mariapaz/GeneradorFacturasMasivas/apache-tomcat-9.0.97/webapps/examples] de la aplicación web
28-Nov-2024 15:32:57.507 INFORMACIÓN [main] org.apache.jasper.servlet.TldScanner.scanJars Al menos un JAR, que se ha explorado buscando TLDs, aún no contenía TLDs. Activar historial de depuración para este historiador para una completa lista de los JARs que fueron explorados y de los que nos se halló TLDs. Saltarse JARs no necesarios durante la exploración puede dar lugar a una mejora de tiempo significativa en el arranque y compilación de JSP .
28-Nov-2024 15:32:57.718 INFORMACIÓN [main] org.apache.catalina.startup.HostConfig.deployDirectory Deployment of web application directory [/Users/mariapaz/GeneradorFacturasMasivas/apache-tomcat-9.0.97/webapps/examples] has finished in [3.923] ms
28-Nov-2024 15:32:57.719 INFORMACIÓN [main] org.apache.catalina.startup.HostConfig.deployDirectory Desplegando el directorio [/Users/mariapaz/GeneradorFacturasMasivas/apache-tomcat-9.0.97/webapps/ROOT] de la aplicación web
28-Nov-2024 15:32:59.709 INFORMACIÓN [main] org.apache.jasper.servlet.TldScanner.scanJars Al menos un JAR, que se ha explorado buscando TLDs, aún no contenía TLDs. Activar historial de depuración para este historiador para una completa lista de los JARs que fueron explorados y de los que nos se halló TLDs. Saltarse JARs no necesarios durante la exploración puede dar lugar a una mejora de tiempo significativa en el arranque y compilación de JSP .
28-Nov-2024 15:32:59.720 INFORMACIÓN [main] org.apache.catalina.startup.HostConfig.deployDirectory Deployment of web application directory [/Users/mariapaz/GeneradorFacturasMasivas/apache-tomcat-9.0.97/webapps/ROOT] has finished in [1.996] ms
28-Nov-2024 15:32:59.721 INFORMACIÓN [main] org.apache.catalina.startup.HostConfig.deployDirectory Desplegando el directorio [/Users/mariapaz/GeneradorFacturasMasivas/apache-tomcat-9.0.97/webapps/host-manager] de la aplicación web
28-Nov-2024 15:33:02.122 INFORMACIÓN [main] org.apache.jasper.servlet.TldScanner.scanJars Al menos un JAR, que se ha explorado buscando TLDs, aún no contenía TLDs. Activar historial de depuración para este historiador para una completa lista de los JARs que fueron explorados y de los que nos se halló TLDs. Saltarse JARs no necesarios durante la exploración puede dar lugar a una mejora de tiempo significativa en el arranque y compilación de JSP .
28-Nov-2024 15:33:02.132 INFORMACIÓN [main] org.apache.catalina.startup.HostConfig.deployDirectory Deployment of web application directory [/Users/mariapaz/GeneradorFacturasMasivas/apache-tomcat-9.0.97/webapps/host-manager] has finished in [2.411] ms
28-Nov-2024 15:33:02.165 INFORMACIÓN [main] org.apache.coyote.AbstractProtocol.start Starting ProtocolHandler ["http-nio-8081"]
28-Nov-2024 15:33:02.325 INFORMACIÓN [main] org.apache.catalina.startup.Catalina.start Server startup in [147217] milliseconds
28-Nov-2024 15:50:30.184 INFORMACIÓN [Thread-2] org.apache.coyote.AbstractProtocol.pause Pausing ProtocolHandler ["http-nio-8081"]
28-Nov-2024 15:50:30.194 INFORMACIÓN [Thread-2] org.apache.catalina.core.StandardService.stopInternal Parando servicio [Catalina]
28-Nov-2024 15:50:30.490 ADVERTENCIA [Thread-2] org.apache.catalina.loader.WebappClassLoaderBase.clearReferencesJdbc La aplicación web [reportserver] registró el conductor JDBC [com.microsoft.sqlserver.jdbc.SQLServerDriver] pero falló al anular el registro mientras la aplicación web estaba parada. Para prevenir un fallo de memoria, se ha anulado el registro del conductor JDBC por la fuerza.
28-Nov-2024 15:50:30.493 ADVERTENCIA [Thread-2] org.apache.catalina.loader.WebappClassLoaderBase.clearReferencesThreads The web application [reportserver] appears to have started a thread named [org.apache.commons.vfs2.cache.SoftRefFilesCache$ReleaseThread] but has failed to stop it. This is very likely to create a memory leak. Stack trace of thread:
 java.base@17.0.8.1/java.lang.Object.wait(Native Method)
 java.base@17.0.8.1/java.lang.ref.ReferenceQueue.remove(ReferenceQueue.java:155)
 org.apache.commons.vfs2.cache.SoftRefFilesCache$ReleaseThread.run(SoftRefFilesCache.java:54)
28-Nov-2024 15:50:30.765 INFORMACIÓN [Thread-2] org.apache.coyote.AbstractProtocol.stop Stopping ProtocolHandler ["http-nio-8081"]
28-Nov-2024 15:50:30.834 INFORMACIÓN [Thread-2] org.apache.coyote.AbstractProtocol.destroy Destroying ProtocolHandler ["http-nio-8081"]
28-Nov-2024 15:50:41.627 INFORMACIÓN [main] org.apache.catalina.startup.VersionLoggerListener.log Nombre de la versión del servidor: Apache Tomcat/9.0.97
28-Nov-2024 15:50:41.637 INFORMACIÓN [main] org.apache.catalina.startup.VersionLoggerListener.log Server built:                      Nov 6 2024 19:55:19 UTC
28-Nov-2024 15:50:41.640 INFORMACIÓN [main] org.apache.catalina.startup.VersionLoggerListener.log Número de versión de servidor:     9.0.97.0
28-Nov-2024 15:50:41.892 INFORMACIÓN [main] org.apache.catalina.startup.VersionLoggerListener.log OS Name:                           Mac OS X
28-Nov-2024 15:50:41.893 INFORMACIÓN [main] org.apache.catalina.startup.VersionLoggerListener.log Versión de Systema Operativo:      13.6.4
28-Nov-2024 15:50:41.895 INFORMACIÓN [main] org.apache.catalina.startup.VersionLoggerListener.log Arquitectura:                      x86_64
28-Nov-2024 15:50:41.895 INFORMACIÓN [main] org.apache.catalina.startup.VersionLoggerListener.log Java Home:                         /Users/mariapaz/.sdkman/candidates/java/17.0.8.1-tem
28-Nov-2024 15:50:41.896 INFORMACIÓN [main] org.apache.catalina.startup.VersionLoggerListener.log JVM Version:                       17.0.8.1+1
28-Nov-2024 15:50:41.897 INFORMACIÓN [main] org.apache.catalina.startup.VersionLoggerListener.log Vededor JVM:                       Eclipse Adoptium
28-Nov-2024 15:50:41.904 INFORMACIÓN [main] org.apache.catalina.startup.VersionLoggerListener.log CATALINA_BASE:                     /Users/mariapaz/GeneradorFacturasMasivas/apache-tomcat-9.0.97
28-Nov-2024 15:50:41.905 INFORMACIÓN [main] org.apache.catalina.startup.VersionLoggerListener.log CATALINA_HOME:                     /Users/mariapaz/GeneradorFacturasMasivas/apache-tomcat-9.0.97
28-Nov-2024 15:50:41.908 INFORMACIÓN [main] org.apache.catalina.startup.VersionLoggerListener.log Command line argument:             --add-opens=java.base/java.lang=ALL-UNNAMED
28-Nov-2024 15:50:41.909 INFORMACIÓN [main] org.apache.catalina.startup.VersionLoggerListener.log Command line argument:             --add-opens=java.base/java.io=ALL-UNNAMED
28-Nov-2024 15:50:41.913 INFORMACIÓN [main] org.apache.catalina.startup.VersionLoggerListener.log Command line argument:             --add-opens=java.base/java.util=ALL-UNNAMED
28-Nov-2024 15:50:41.914 INFORMACIÓN [main] org.apache.catalina.startup.VersionLoggerListener.log Command line argument:             --add-opens=java.base/java.util.concurrent=ALL-UNNAMED
28-Nov-2024 15:50:41.914 INFORMACIÓN [main] org.apache.catalina.startup.VersionLoggerListener.log Command line argument:             --add-opens=java.rmi/sun.rmi.transport=ALL-UNNAMED
28-Nov-2024 15:50:41.914 INFORMACIÓN [main] org.apache.catalina.startup.VersionLoggerListener.log Command line argument:             -Djava.util.logging.config.file=/Users/mariapaz/GeneradorFacturasMasivas/apache-tomcat-9.0.97/conf/logging.properties
28-Nov-2024 15:50:41.915 INFORMACIÓN [main] org.apache.catalina.startup.VersionLoggerListener.log Command line argument:             -Djava.util.logging.manager=org.apache.juli.ClassLoaderLogManager
28-Nov-2024 15:50:41.916 INFORMACIÓN [main] org.apache.catalina.startup.VersionLoggerListener.log Command line argument:             -Djava.security.egd=file:/dev/urandom
28-Nov-2024 15:50:41.918 INFORMACIÓN [main] org.apache.catalina.startup.VersionLoggerListener.log Command line argument:             -Djdk.tls.ephemeralDHKeySize=2048
28-Nov-2024 15:50:41.924 INFORMACIÓN [main] org.apache.catalina.startup.VersionLoggerListener.log Command line argument:             -Djava.protocol.handler.pkgs=org.apache.catalina.webresources
28-Nov-2024 15:50:41.925 INFORMACIÓN [main] org.apache.catalina.startup.VersionLoggerListener.log Command line argument:             -Dorg.apache.catalina.security.SecurityListener.UMASK=0027
28-Nov-2024 15:50:41.926 INFORMACIÓN [main] org.apache.catalina.startup.VersionLoggerListener.log Command line argument:             -Drs.configdir=/Users/mariapaz/GeneradorFacturasMasivas/apache-tomcat-9.0.97/webapps/reportserver/WEB-INF
28-Nov-2024 15:50:41.926 INFORMACIÓN [main] org.apache.catalina.startup.VersionLoggerListener.log Command line argument:             -Xmx4096M
28-Nov-2024 15:50:41.927 INFORMACIÓN [main] org.apache.catalina.startup.VersionLoggerListener.log Command line argument:             -Dfile.encoding=UTF8
28-Nov-2024 15:50:41.928 INFORMACIÓN [main] org.apache.catalina.startup.VersionLoggerListener.log Command line argument:             --add-opens=java.base/java.net=ALL-UNNAMED
28-Nov-2024 15:50:41.933 INFORMACIÓN [main] org.apache.catalina.startup.VersionLoggerListener.log Command line argument:             --add-opens=java.base/jdk.internal.ref=ALL-UNNAMED
28-Nov-2024 15:50:41.937 INFORMACIÓN [main] org.apache.catalina.startup.VersionLoggerListener.log Command line argument:             --add-opens=java.base/jdk.internal.reflect=ALL-UNNAMED
28-Nov-2024 15:50:41.937 INFORMACIÓN [main] org.apache.catalina.startup.VersionLoggerListener.log Command line argument:             --add-opens=java.base/java.lang.invoke=ALL-UNNAMED
28-Nov-2024 15:50:41.938 INFORMACIÓN [main] org.apache.catalina.startup.VersionLoggerListener.log Command line argument:             --add-opens=java.base/java.util=ALL-UNNAMED
28-Nov-2024 15:50:41.941 INFORMACIÓN [main] org.apache.catalina.startup.VersionLoggerListener.log Command line argument:             --add-opens=java.base/java.lang.ref=ALL-UNNAMED
28-Nov-2024 15:50:41.942 INFORMACIÓN [main] org.apache.catalina.startup.VersionLoggerListener.log Command line argument:             --add-opens=java.base/java.lang.reflect=ALL-UNNAMED
28-Nov-2024 15:50:41.942 INFORMACIÓN [main] org.apache.catalina.startup.VersionLoggerListener.log Command line argument:             --add-opens=java.base/sun.reflect.generics.repository=ALL-UNNAMED
28-Nov-2024 15:50:41.943 INFORMACIÓN [main] org.apache.catalina.startup.VersionLoggerListener.log Command line argument:             -Dignore.endorsed.dirs=
28-Nov-2024 15:50:41.943 INFORMACIÓN [main] org.apache.catalina.startup.VersionLoggerListener.log Command line argument:             -Dcatalina.base=/Users/mariapaz/GeneradorFacturasMasivas/apache-tomcat-9.0.97
28-Nov-2024 15:50:41.944 INFORMACIÓN [main] org.apache.catalina.startup.VersionLoggerListener.log Command line argument:             -Dcatalina.home=/Users/mariapaz/GeneradorFacturasMasivas/apache-tomcat-9.0.97
28-Nov-2024 15:50:41.945 INFORMACIÓN [main] org.apache.catalina.startup.VersionLoggerListener.log Command line argument:             -Djava.io.tmpdir=/Users/mariapaz/GeneradorFacturasMasivas/apache-tomcat-9.0.97/temp
28-Nov-2024 15:50:42.114 INFORMACIÓN [main] org.apache.catalina.core.AprLifecycleListener.lifecycleEvent La biblioteca nativa de Apache Tomcat basada en ARP que permite un rendimiento óptimo en entornos de desarrollo no ha sido hallada en java.library.path: [/Users/mariapaz/Library/Java/Extensions:/Library/Java/Extensions:/Network/Library/Java/Extensions:/System/Library/Java/Extensions:/usr/lib/java:.]
28-Nov-2024 15:50:49.202 INFORMACIÓN [main] org.apache.coyote.AbstractProtocol.init Inicializando el manejador de protocolo ["http-nio-8081"]

28-Nov-2024 15:50:49.430 INFORMACIÓN [main] org.apache.catalina.startup.Catalina.load Server initialization in [10230] milliseconds
28-Nov-2024 15:50:50.466 INFORMACIÓN [main] org.apache.catalina.core.StandardService.startInternal Arrancando servicio [Catalina]
28-Nov-2024 15:50:50.468 INFORMACIÓN [main] org.apache.catalina.core.StandardEngine.startInternal Starting Servlet engine: [Apache Tomcat/9.0.97]
28-Nov-2024 15:50:50.847 INFORMACIÓN [main] org.apache.catalina.startup.HostConfig.deployDirectory Desplegando el directorio [/Users/mariapaz/GeneradorFacturasMasivas/apache-tomcat-9.0.97/webapps/reportserver] de la aplicación web
28-Nov-2024 15:53:31.045 INFORMACIÓN [main] org.apache.jasper.servlet.TldScanner.scanJars Al menos un JAR, que se ha explorado buscando TLDs, aún no contenía TLDs. Activar historial de depuración para este historiador para una completa lista de los JARs que fueron explorados y de los que nos se halló TLDs. Saltarse JARs no necesarios durante la exploración puede dar lugar a una mejora de tiempo significativa en el arranque y compilación de JSP .
28-Nov-2024 15:54:18.774 INFORMACIÓN [main] org.apache.catalina.startup.HostConfig.deployDirectory Deployment of web application directory [/Users/mariapaz/GeneradorFacturasMasivas/apache-tomcat-9.0.97/webapps/reportserver] has finished in [207.920] ms
28-Nov-2024 15:54:18.775 INFORMACIÓN [main] org.apache.catalina.startup.HostConfig.deployDirectory Desplegando el directorio [/Users/mariapaz/GeneradorFacturasMasivas/apache-tomcat-9.0.97/webapps/docs] de la aplicación web
28-Nov-2024 15:54:20.191 INFORMACIÓN [main] org.apache.jasper.servlet.TldScanner.scanJars Al menos un JAR, que se ha explorado buscando TLDs, aún no contenía TLDs. Activar historial de depuración para este historiador para una completa lista de los JARs que fueron explorados y de los que nos se halló TLDs. Saltarse JARs no necesarios durante la exploración puede dar lugar a una mejora de tiempo significativa en el arranque y compilación de JSP .
28-Nov-2024 15:54:20.194 INFORMACIÓN [main] org.apache.catalina.startup.HostConfig.deployDirectory Deployment of web application directory [/Users/mariapaz/GeneradorFacturasMasivas/apache-tomcat-9.0.97/webapps/docs] has finished in [1.419] ms
28-Nov-2024 15:54:20.195 INFORMACIÓN [main] org.apache.catalina.startup.HostConfig.deployDirectory Desplegando el directorio [/Users/mariapaz/GeneradorFacturasMasivas/apache-tomcat-9.0.97/webapps/manager] de la aplicación web
28-Nov-2024 15:54:21.537 INFORMACIÓN [main] org.apache.jasper.servlet.TldScanner.scanJars Al menos un JAR, que se ha explorado buscando TLDs, aún no contenía TLDs. Activar historial de depuración para este historiador para una completa lista de los JARs que fueron explorados y de los que nos se halló TLDs. Saltarse JARs no necesarios durante la exploración puede dar lugar a una mejora de tiempo significativa en el arranque y compilación de JSP .
28-Nov-2024 15:54:21.557 INFORMACIÓN [main] org.apache.catalina.startup.HostConfig.deployDirectory Deployment of web application directory [/Users/mariapaz/GeneradorFacturasMasivas/apache-tomcat-9.0.97/webapps/manager] has finished in [1.362] ms
28-Nov-2024 15:54:21.560 INFORMACIÓN [main] org.apache.catalina.startup.HostConfig.deployDirectory Desplegando el directorio [/Users/mariapaz/GeneradorFacturasMasivas/apache-tomcat-9.0.97/webapps/examples] de la aplicación web
28-Nov-2024 15:54:25.311 INFORMACIÓN [main] org.apache.jasper.servlet.TldScanner.scanJars Al menos un JAR, que se ha explorado buscando TLDs, aún no contenía TLDs. Activar historial de depuración para este historiador para una completa lista de los JARs que fueron explorados y de los que nos se halló TLDs. Saltarse JARs no necesarios durante la exploración puede dar lugar a una mejora de tiempo significativa en el arranque y compilación de JSP .
28-Nov-2024 15:54:25.441 INFORMACIÓN [main] org.apache.catalina.startup.HostConfig.deployDirectory Deployment of web application directory [/Users/mariapaz/GeneradorFacturasMasivas/apache-tomcat-9.0.97/webapps/examples] has finished in [3.880] ms
28-Nov-2024 15:54:25.442 INFORMACIÓN [main] org.apache.catalina.startup.HostConfig.deployDirectory Desplegando el directorio [/Users/mariapaz/GeneradorFacturasMasivas/apache-tomcat-9.0.97/webapps/ROOT] de la aplicación web
28-Nov-2024 15:54:26.573 INFORMACIÓN [main] org.apache.jasper.servlet.TldScanner.scanJars Al menos un JAR, que se ha explorado buscando TLDs, aún no contenía TLDs. Activar historial de depuración para este historiador para una completa lista de los JARs que fueron explorados y de los que nos se halló TLDs. Saltarse JARs no necesarios durante la exploración puede dar lugar a una mejora de tiempo significativa en el arranque y compilación de JSP .
28-Nov-2024 15:54:26.577 INFORMACIÓN [main] org.apache.catalina.startup.HostConfig.deployDirectory Deployment of web application directory [/Users/mariapaz/GeneradorFacturasMasivas/apache-tomcat-9.0.97/webapps/ROOT] has finished in [1.136] ms
28-Nov-2024 15:54:26.583 INFORMACIÓN [main] org.apache.catalina.startup.HostConfig.deployDirectory Desplegando el directorio [/Users/mariapaz/GeneradorFacturasMasivas/apache-tomcat-9.0.97/webapps/host-manager] de la aplicación web
28-Nov-2024 15:54:27.405 INFORMACIÓN [main] org.apache.jasper.servlet.TldScanner.scanJars Al menos un JAR, que se ha explorado buscando TLDs, aún no contenía TLDs. Activar historial de depuración para este historiador para una completa lista de los JARs que fueron explorados y de los que nos se halló TLDs. Saltarse JARs no necesarios durante la exploración puede dar lugar a una mejora de tiempo significativa en el arranque y compilación de JSP .
28-Nov-2024 15:54:27.411 INFORMACIÓN [main] org.apache.catalina.startup.HostConfig.deployDirectory Deployment of web application directory [/Users/mariapaz/GeneradorFacturasMasivas/apache-tomcat-9.0.97/webapps/host-manager] has finished in [830] ms
28-Nov-2024 15:54:27.586 INFORMACIÓN [main] org.apache.coyote.AbstractProtocol.start Starting ProtocolHandler ["http-nio-8081"]
28-Nov-2024 15:54:27.636 INFORMACIÓN [main] org.apache.catalina.startup.Catalina.start Server startup in [218210] milliseconds
28-Nov-2024 15:54:27.672 GRAVE [http-nio-8081-Acceptor] org.apache.tomcat.util.net.NioEndpoint.setSocketOptions Error setting socket options
	java.net.SocketException: Invalid argument
		at java.base/sun.nio.ch.Net.setIntOption0(Native Method)
		at java.base/sun.nio.ch.Net.setSocketOption(Net.java:455)
		at java.base/sun.nio.ch.Net.setSocketOption(Net.java:393)
		at java.base/sun.nio.ch.SocketChannelImpl.setOption(SocketChannelImpl.java:280)
		at java.base/sun.nio.ch.SocketAdaptor.setIntOption(SocketAdaptor.java:247)
		at java.base/sun.nio.ch.SocketAdaptor.setSoLinger(SocketAdaptor.java:285)
		at org.apache.tomcat.util.net.SocketProperties.setProperties(SocketProperties.java:226)
		at org.apache.tomcat.util.net.NioEndpoint.setSocketOptions(NioEndpoint.java:500)
		at org.apache.tomcat.util.net.NioEndpoint.setSocketOptions(NioEndpoint.java:71)
		at org.apache.tomcat.util.net.Acceptor.run(Acceptor.java:149)
		at java.base/java.lang.Thread.run(Thread.java:833)
28-Nov-2024 15:54:27.684 GRAVE [http-nio-8081-Acceptor] org.apache.tomcat.util.net.NioEndpoint.setSocketOptions Error setting socket options
	java.net.SocketException: Invalid argument
		at java.base/sun.nio.ch.Net.setIntOption0(Native Method)
		at java.base/sun.nio.ch.Net.setSocketOption(Net.java:455)
		at java.base/sun.nio.ch.Net.setSocketOption(Net.java:393)
		at java.base/sun.nio.ch.SocketChannelImpl.setOption(SocketChannelImpl.java:280)
		at java.base/sun.nio.ch.SocketAdaptor.setIntOption(SocketAdaptor.java:247)
		at java.base/sun.nio.ch.SocketAdaptor.setSoLinger(SocketAdaptor.java:285)
		at org.apache.tomcat.util.net.SocketProperties.setProperties(SocketProperties.java:226)
		at org.apache.tomcat.util.net.NioEndpoint.setSocketOptions(NioEndpoint.java:500)
		at org.apache.tomcat.util.net.NioEndpoint.setSocketOptions(NioEndpoint.java:71)
		at org.apache.tomcat.util.net.Acceptor.run(Acceptor.java:149)
		at java.base/java.lang.Thread.run(Thread.java:833)
28-Nov-2024 15:59:37.038 INFORMACIÓN [Thread-2] org.apache.coyote.AbstractProtocol.pause Pausing ProtocolHandler ["http-nio-8081"]
28-Nov-2024 15:59:37.057 INFORMACIÓN [Thread-2] org.apache.catalina.core.StandardService.stopInternal Parando servicio [Catalina]
28-Nov-2024 15:59:37.837 ADVERTENCIA [Thread-2] org.apache.catalina.loader.WebappClassLoaderBase.clearReferencesJdbc La aplicación web [reportserver] registró el conductor JDBC [com.microsoft.sqlserver.jdbc.SQLServerDriver] pero falló al anular el registro mientras la aplicación web estaba parada. Para prevenir un fallo de memoria, se ha anulado el registro del conductor JDBC por la fuerza.
28-Nov-2024 15:59:37.842 ADVERTENCIA [Thread-2] org.apache.catalina.loader.WebappClassLoaderBase.clearReferencesThreads The web application [reportserver] appears to have started a thread named [org.apache.commons.vfs2.cache.SoftRefFilesCache$ReleaseThread] but has failed to stop it. This is very likely to create a memory leak. Stack trace of thread:
 java.base@17.0.8.1/java.lang.Object.wait(Native Method)
 java.base@17.0.8.1/java.lang.ref.ReferenceQueue.remove(ReferenceQueue.java:155)
 org.apache.commons.vfs2.cache.SoftRefFilesCache$ReleaseThread.run(SoftRefFilesCache.java:54)
28-Nov-2024 15:59:38.376 INFORMACIÓN [Thread-2] org.apache.coyote.AbstractProtocol.stop Stopping ProtocolHandler ["http-nio-8081"]
28-Nov-2024 15:59:38.553 INFORMACIÓN [Thread-2] org.apache.coyote.AbstractProtocol.destroy Destroying ProtocolHandler ["http-nio-8081"]
28-Nov-2024 15:59:47.664 INFORMACIÓN [main] org.apache.catalina.startup.VersionLoggerListener.log Nombre de la versión del servidor: Apache Tomcat/9.0.97
28-Nov-2024 15:59:47.719 INFORMACIÓN [main] org.apache.catalina.startup.VersionLoggerListener.log Server built:                      Nov 6 2024 19:55:19 UTC
28-Nov-2024 15:59:47.796 INFORMACIÓN [main] org.apache.catalina.startup.VersionLoggerListener.log Número de versión de servidor:     9.0.97.0
28-Nov-2024 15:59:47.821 INFORMACIÓN [main] org.apache.catalina.startup.VersionLoggerListener.log OS Name:                           Mac OS X
28-Nov-2024 15:59:47.822 INFORMACIÓN [main] org.apache.catalina.startup.VersionLoggerListener.log Versión de Systema Operativo:      13.6.4
28-Nov-2024 15:59:47.825 INFORMACIÓN [main] org.apache.catalina.startup.VersionLoggerListener.log Arquitectura:                      x86_64
28-Nov-2024 15:59:47.830 INFORMACIÓN [main] org.apache.catalina.startup.VersionLoggerListener.log Java Home:                         /Users/mariapaz/.sdkman/candidates/java/17.0.8.1-tem
28-Nov-2024 15:59:47.834 INFORMACIÓN [main] org.apache.catalina.startup.VersionLoggerListener.log JVM Version:                       17.0.8.1+1
28-Nov-2024 15:59:47.836 INFORMACIÓN [main] org.apache.catalina.startup.VersionLoggerListener.log Vededor JVM:                       Eclipse Adoptium
28-Nov-2024 15:59:47.837 INFORMACIÓN [main] org.apache.catalina.startup.VersionLoggerListener.log CATALINA_BASE:                     /Users/mariapaz/GeneradorFacturasMasivas/apache-tomcat-9.0.97
28-Nov-2024 15:59:47.875 INFORMACIÓN [main] org.apache.catalina.startup.VersionLoggerListener.log CATALINA_HOME:                     /Users/mariapaz/GeneradorFacturasMasivas/apache-tomcat-9.0.97
28-Nov-2024 15:59:47.897 INFORMACIÓN [main] org.apache.catalina.startup.VersionLoggerListener.log Command line argument:             --add-opens=java.base/java.lang=ALL-UNNAMED
28-Nov-2024 15:59:47.897 INFORMACIÓN [main] org.apache.catalina.startup.VersionLoggerListener.log Command line argument:             --add-opens=java.base/java.io=ALL-UNNAMED
28-Nov-2024 15:59:47.897 INFORMACIÓN [main] org.apache.catalina.startup.VersionLoggerListener.log Command line argument:             --add-opens=java.base/java.util=ALL-UNNAMED
28-Nov-2024 15:59:47.897 INFORMACIÓN [main] org.apache.catalina.startup.VersionLoggerListener.log Command line argument:             --add-opens=java.base/java.util.concurrent=ALL-UNNAMED
28-Nov-2024 15:59:47.897 INFORMACIÓN [main] org.apache.catalina.startup.VersionLoggerListener.log Command line argument:             --add-opens=java.rmi/sun.rmi.transport=ALL-UNNAMED
28-Nov-2024 15:59:47.898 INFORMACIÓN [main] org.apache.catalina.startup.VersionLoggerListener.log Command line argument:             -Djava.util.logging.config.file=/Users/mariapaz/GeneradorFacturasMasivas/apache-tomcat-9.0.97/conf/logging.properties
28-Nov-2024 15:59:47.921 INFORMACIÓN [main] org.apache.catalina.startup.VersionLoggerListener.log Command line argument:             -Djava.util.logging.manager=org.apache.juli.ClassLoaderLogManager
28-Nov-2024 15:59:47.923 INFORMACIÓN [main] org.apache.catalina.startup.VersionLoggerListener.log Command line argument:             -Djava.security.egd=file:/dev/urandom
28-Nov-2024 15:59:47.923 INFORMACIÓN [main] org.apache.catalina.startup.VersionLoggerListener.log Command line argument:             -Djdk.tls.ephemeralDHKeySize=2048
28-Nov-2024 15:59:47.925 INFORMACIÓN [main] org.apache.catalina.startup.VersionLoggerListener.log Command line argument:             -Djava.protocol.handler.pkgs=org.apache.catalina.webresources
28-Nov-2024 15:59:47.926 INFORMACIÓN [main] org.apache.catalina.startup.VersionLoggerListener.log Command line argument:             -Dorg.apache.catalina.security.SecurityListener.UMASK=0027
28-Nov-2024 15:59:47.927 INFORMACIÓN [main] org.apache.catalina.startup.VersionLoggerListener.log Command line argument:             -Drs.configdir=/Users/mariapaz/GeneradorFacturasMasivas/apache-tomcat-9.0.97/webapps/reportserver/WEB-INF
28-Nov-2024 15:59:47.929 INFORMACIÓN [main] org.apache.catalina.startup.VersionLoggerListener.log Command line argument:             -Xmx4096M
28-Nov-2024 15:59:47.930 INFORMACIÓN [main] org.apache.catalina.startup.VersionLoggerListener.log Command line argument:             -Dfile.encoding=UTF8
28-Nov-2024 15:59:47.931 INFORMACIÓN [main] org.apache.catalina.startup.VersionLoggerListener.log Command line argument:             --add-opens=java.base/java.net=ALL-UNNAMED
28-Nov-2024 15:59:47.931 INFORMACIÓN [main] org.apache.catalina.startup.VersionLoggerListener.log Command line argument:             --add-opens=java.base/jdk.internal.ref=ALL-UNNAMED
28-Nov-2024 15:59:47.932 INFORMACIÓN [main] org.apache.catalina.startup.VersionLoggerListener.log Command line argument:             --add-opens=java.base/jdk.internal.reflect=ALL-UNNAMED
28-Nov-2024 15:59:47.932 INFORMACIÓN [main] org.apache.catalina.startup.VersionLoggerListener.log Command line argument:             --add-opens=java.base/java.lang.invoke=ALL-UNNAMED
28-Nov-2024 15:59:47.932 INFORMACIÓN [main] org.apache.catalina.startup.VersionLoggerListener.log Command line argument:             --add-opens=java.base/java.util=ALL-UNNAMED
28-Nov-2024 15:59:47.932 INFORMACIÓN [main] org.apache.catalina.startup.VersionLoggerListener.log Command line argument:             --add-opens=java.base/java.lang.ref=ALL-UNNAMED
28-Nov-2024 15:59:47.933 INFORMACIÓN [main] org.apache.catalina.startup.VersionLoggerListener.log Command line argument:             --add-opens=java.base/java.lang.reflect=ALL-UNNAMED
28-Nov-2024 15:59:47.933 INFORMACIÓN [main] org.apache.catalina.startup.VersionLoggerListener.log Command line argument:             --add-opens=java.base/sun.reflect.generics.repository=ALL-UNNAMED
28-Nov-2024 15:59:47.933 INFORMACIÓN [main] org.apache.catalina.startup.VersionLoggerListener.log Command line argument:             -Dignore.endorsed.dirs=
28-Nov-2024 15:59:47.933 INFORMACIÓN [main] org.apache.catalina.startup.VersionLoggerListener.log Command line argument:             -Dcatalina.base=/Users/mariapaz/GeneradorFacturasMasivas/apache-tomcat-9.0.97
28-Nov-2024 15:59:47.935 INFORMACIÓN [main] org.apache.catalina.startup.VersionLoggerListener.log Command line argument:             -Dcatalina.home=/Users/mariapaz/GeneradorFacturasMasivas/apache-tomcat-9.0.97
28-Nov-2024 15:59:47.936 INFORMACIÓN [main] org.apache.catalina.startup.VersionLoggerListener.log Command line argument:             -Djava.io.tmpdir=/Users/mariapaz/GeneradorFacturasMasivas/apache-tomcat-9.0.97/temp
28-Nov-2024 15:59:47.979 INFORMACIÓN [main] org.apache.catalina.core.AprLifecycleListener.lifecycleEvent La biblioteca nativa de Apache Tomcat basada en ARP que permite un rendimiento óptimo en entornos de desarrollo no ha sido hallada en java.library.path: [/Users/mariapaz/Library/Java/Extensions:/Library/Java/Extensions:/Network/Library/Java/Extensions:/System/Library/Java/Extensions:/usr/lib/java:.]
28-Nov-2024 15:59:53.602 INFORMACIÓN [main] org.apache.coyote.AbstractProtocol.init Inicializando el manejador de protocolo ["http-nio-8081"]

28-Nov-2024 15:59:54.677 INFORMACIÓN [main] org.apache.catalina.startup.Catalina.load Server initialization in [8968] milliseconds
28-Nov-2024 15:59:55.158 INFORMACIÓN [main] org.apache.catalina.core.StandardService.startInternal Arrancando servicio [Catalina]
28-Nov-2024 15:59:55.159 INFORMACIÓN [main] org.apache.catalina.core.StandardEngine.startInternal Starting Servlet engine: [Apache Tomcat/9.0.97]
28-Nov-2024 15:59:55.323 INFORMACIÓN [main] org.apache.catalina.startup.HostConfig.deployDirectory Desplegando el directorio [/Users/mariapaz/GeneradorFacturasMasivas/apache-tomcat-9.0.97/webapps/reportserver] de la aplicación web
28-Nov-2024 16:02:02.746 INFORMACIÓN [main] org.apache.jasper.servlet.TldScanner.scanJars Al menos un JAR, que se ha explorado buscando TLDs, aún no contenía TLDs. Activar historial de depuración para este historiador para una completa lista de los JARs que fueron explorados y de los que nos se halló TLDs. Saltarse JARs no necesarios durante la exploración puede dar lugar a una mejora de tiempo significativa en el arranque y compilación de JSP .
28-Nov-2024 16:02:24.185 INFORMACIÓN [main] org.apache.catalina.startup.HostConfig.deployDirectory Deployment of web application directory [/Users/mariapaz/GeneradorFacturasMasivas/apache-tomcat-9.0.97/webapps/reportserver] has finished in [148.840] ms
28-Nov-2024 16:02:24.186 INFORMACIÓN [main] org.apache.catalina.startup.HostConfig.deployDirectory Desplegando el directorio [/Users/mariapaz/GeneradorFacturasMasivas/apache-tomcat-9.0.97/webapps/docs] de la aplicación web
28-Nov-2024 16:02:26.855 INFORMACIÓN [main] org.apache.jasper.servlet.TldScanner.scanJars Al menos un JAR, que se ha explorado buscando TLDs, aún no contenía TLDs. Activar historial de depuración para este historiador para una completa lista de los JARs que fueron explorados y de los que nos se halló TLDs. Saltarse JARs no necesarios durante la exploración puede dar lugar a una mejora de tiempo significativa en el arranque y compilación de JSP .
28-Nov-2024 16:02:26.860 INFORMACIÓN [main] org.apache.catalina.startup.HostConfig.deployDirectory Deployment of web application directory [/Users/mariapaz/GeneradorFacturasMasivas/apache-tomcat-9.0.97/webapps/docs] has finished in [2.674] ms
28-Nov-2024 16:02:26.939 INFORMACIÓN [main] org.apache.catalina.startup.HostConfig.deployDirectory Desplegando el directorio [/Users/mariapaz/GeneradorFacturasMasivas/apache-tomcat-9.0.97/webapps/manager] de la aplicación web
28-Nov-2024 16:02:28.370 INFORMACIÓN [main] org.apache.jasper.servlet.TldScanner.scanJars Al menos un JAR, que se ha explorado buscando TLDs, aún no contenía TLDs. Activar historial de depuración para este historiador para una completa lista de los JARs que fueron explorados y de los que nos se halló TLDs. Saltarse JARs no necesarios durante la exploración puede dar lugar a una mejora de tiempo significativa en el arranque y compilación de JSP .
28-Nov-2024 16:02:28.395 INFORMACIÓN [main] org.apache.catalina.startup.HostConfig.deployDirectory Deployment of web application directory [/Users/mariapaz/GeneradorFacturasMasivas/apache-tomcat-9.0.97/webapps/manager] has finished in [1.456] ms
28-Nov-2024 16:02:28.396 INFORMACIÓN [main] org.apache.catalina.startup.HostConfig.deployDirectory Desplegando el directorio [/Users/mariapaz/GeneradorFacturasMasivas/apache-tomcat-9.0.97/webapps/examples] de la aplicación web
28-Nov-2024 16:02:32.280 INFORMACIÓN [main] org.apache.jasper.servlet.TldScanner.scanJars Al menos un JAR, que se ha explorado buscando TLDs, aún no contenía TLDs. Activar historial de depuración para este historiador para una completa lista de los JARs que fueron explorados y de los que nos se halló TLDs. Saltarse JARs no necesarios durante la exploración puede dar lugar a una mejora de tiempo significativa en el arranque y compilación de JSP .
28-Nov-2024 16:02:32.464 INFORMACIÓN [main] org.apache.catalina.startup.HostConfig.deployDirectory Deployment of web application directory [/Users/mariapaz/GeneradorFacturasMasivas/apache-tomcat-9.0.97/webapps/examples] has finished in [4.068] ms
28-Nov-2024 16:02:32.465 INFORMACIÓN [main] org.apache.catalina.startup.HostConfig.deployDirectory Desplegando el directorio [/Users/mariapaz/GeneradorFacturasMasivas/apache-tomcat-9.0.97/webapps/ROOT] de la aplicación web
28-Nov-2024 16:02:34.267 INFORMACIÓN [main] org.apache.jasper.servlet.TldScanner.scanJars Al menos un JAR, que se ha explorado buscando TLDs, aún no contenía TLDs. Activar historial de depuración para este historiador para una completa lista de los JARs que fueron explorados y de los que nos se halló TLDs. Saltarse JARs no necesarios durante la exploración puede dar lugar a una mejora de tiempo significativa en el arranque y compilación de JSP .
28-Nov-2024 16:02:34.272 INFORMACIÓN [main] org.apache.catalina.startup.HostConfig.deployDirectory Deployment of web application directory [/Users/mariapaz/GeneradorFacturasMasivas/apache-tomcat-9.0.97/webapps/ROOT] has finished in [1.807] ms
28-Nov-2024 16:02:34.278 INFORMACIÓN [main] org.apache.catalina.startup.HostConfig.deployDirectory Desplegando el directorio [/Users/mariapaz/GeneradorFacturasMasivas/apache-tomcat-9.0.97/webapps/host-manager] de la aplicación web
28-Nov-2024 16:02:37.118 INFORMACIÓN [main] org.apache.jasper.servlet.TldScanner.scanJars Al menos un JAR, que se ha explorado buscando TLDs, aún no contenía TLDs. Activar historial de depuración para este historiador para una completa lista de los JARs que fueron explorados y de los que nos se halló TLDs. Saltarse JARs no necesarios durante la exploración puede dar lugar a una mejora de tiempo significativa en el arranque y compilación de JSP .
28-Nov-2024 16:02:37.143 INFORMACIÓN [main] org.apache.catalina.startup.HostConfig.deployDirectory Deployment of web application directory [/Users/mariapaz/GeneradorFacturasMasivas/apache-tomcat-9.0.97/webapps/host-manager] has finished in [2.865] ms
28-Nov-2024 16:02:37.190 INFORMACIÓN [main] org.apache.coyote.AbstractProtocol.start Starting ProtocolHandler ["http-nio-8081"]
28-Nov-2024 16:02:37.473 INFORMACIÓN [main] org.apache.catalina.startup.Catalina.start Server startup in [162799] milliseconds
28-Nov-2024 16:02:37.493 GRAVE [http-nio-8081-Acceptor] org.apache.tomcat.util.net.NioEndpoint.setSocketOptions Error setting socket options
	java.net.SocketException: Invalid argument
		at java.base/sun.nio.ch.Net.setIntOption0(Native Method)
		at java.base/sun.nio.ch.Net.setSocketOption(Net.java:455)
		at java.base/sun.nio.ch.Net.setSocketOption(Net.java:393)
		at java.base/sun.nio.ch.SocketChannelImpl.setOption(SocketChannelImpl.java:280)
		at java.base/sun.nio.ch.SocketAdaptor.setIntOption(SocketAdaptor.java:247)
		at java.base/sun.nio.ch.SocketAdaptor.setSoLinger(SocketAdaptor.java:285)
		at org.apache.tomcat.util.net.SocketProperties.setProperties(SocketProperties.java:226)
		at org.apache.tomcat.util.net.NioEndpoint.setSocketOptions(NioEndpoint.java:500)
		at org.apache.tomcat.util.net.NioEndpoint.setSocketOptions(NioEndpoint.java:71)
		at org.apache.tomcat.util.net.Acceptor.run(Acceptor.java:149)
		at java.base/java.lang.Thread.run(Thread.java:833)
28-Nov-2024 16:02:37.495 GRAVE [http-nio-8081-Acceptor] org.apache.tomcat.util.net.NioEndpoint.setSocketOptions Error setting socket options
	java.net.SocketException: Invalid argument
		at java.base/sun.nio.ch.Net.setIntOption0(Native Method)
		at java.base/sun.nio.ch.Net.setSocketOption(Net.java:455)
		at java.base/sun.nio.ch.Net.setSocketOption(Net.java:393)
		at java.base/sun.nio.ch.SocketChannelImpl.setOption(SocketChannelImpl.java:280)
		at java.base/sun.nio.ch.SocketAdaptor.setIntOption(SocketAdaptor.java:247)
		at java.base/sun.nio.ch.SocketAdaptor.setSoLinger(SocketAdaptor.java:285)
		at org.apache.tomcat.util.net.SocketProperties.setProperties(SocketProperties.java:226)
		at org.apache.tomcat.util.net.NioEndpoint.setSocketOptions(NioEndpoint.java:500)
		at org.apache.tomcat.util.net.NioEndpoint.setSocketOptions(NioEndpoint.java:71)
		at org.apache.tomcat.util.net.Acceptor.run(Acceptor.java:149)
		at java.base/java.lang.Thread.run(Thread.java:833)
28-Nov-2024 16:15:32.824 INFORMACIÓN [Thread-2] org.apache.coyote.AbstractProtocol.pause Pausing ProtocolHandler ["http-nio-8081"]
28-Nov-2024 16:15:32.859 INFORMACIÓN [Thread-2] org.apache.catalina.core.StandardService.stopInternal Parando servicio [Catalina]
28-Nov-2024 16:15:33.433 ADVERTENCIA [Thread-2] org.apache.catalina.loader.WebappClassLoaderBase.clearReferencesJdbc La aplicación web [reportserver] registró el conductor JDBC [com.microsoft.sqlserver.jdbc.SQLServerDriver] pero falló al anular el registro mientras la aplicación web estaba parada. Para prevenir un fallo de memoria, se ha anulado el registro del conductor JDBC por la fuerza.
28-Nov-2024 16:15:33.435 ADVERTENCIA [Thread-2] org.apache.catalina.loader.WebappClassLoaderBase.clearReferencesThreads The web application [reportserver] appears to have started a thread named [org.apache.commons.vfs2.cache.SoftRefFilesCache$ReleaseThread] but has failed to stop it. This is very likely to create a memory leak. Stack trace of thread:
 java.base@17.0.8.1/java.lang.Object.wait(Native Method)
 java.base@17.0.8.1/java.lang.ref.ReferenceQueue.remove(ReferenceQueue.java:155)
 org.apache.commons.vfs2.cache.SoftRefFilesCache$ReleaseThread.run(SoftRefFilesCache.java:54)
28-Nov-2024 16:15:33.675 INFORMACIÓN [Thread-2] org.apache.coyote.AbstractProtocol.stop Stopping ProtocolHandler ["http-nio-8081"]
28-Nov-2024 16:15:34.180 INFORMACIÓN [Thread-2] org.apache.coyote.AbstractProtocol.destroy Destroying ProtocolHandler ["http-nio-8081"]
28-Nov-2024 16:15:43.002 INFORMACIÓN [main] org.apache.catalina.startup.VersionLoggerListener.log Nombre de la versión del servidor: Apache Tomcat/9.0.97
28-Nov-2024 16:15:43.010 INFORMACIÓN [main] org.apache.catalina.startup.VersionLoggerListener.log Server built:                      Nov 6 2024 19:55:19 UTC
28-Nov-2024 16:15:43.011 INFORMACIÓN [main] org.apache.catalina.startup.VersionLoggerListener.log Número de versión de servidor:     9.0.97.0
28-Nov-2024 16:15:43.012 INFORMACIÓN [main] org.apache.catalina.startup.VersionLoggerListener.log OS Name:                           Mac OS X
28-Nov-2024 16:15:43.012 INFORMACIÓN [main] org.apache.catalina.startup.VersionLoggerListener.log Versión de Systema Operativo:      13.6.4
28-Nov-2024 16:15:43.013 INFORMACIÓN [main] org.apache.catalina.startup.VersionLoggerListener.log Arquitectura:                      x86_64
28-Nov-2024 16:15:43.013 INFORMACIÓN [main] org.apache.catalina.startup.VersionLoggerListener.log Java Home:                         /Users/mariapaz/.sdkman/candidates/java/17.0.8.1-tem
28-Nov-2024 16:15:43.014 INFORMACIÓN [main] org.apache.catalina.startup.VersionLoggerListener.log JVM Version:                       17.0.8.1+1
28-Nov-2024 16:15:43.015 INFORMACIÓN [main] org.apache.catalina.startup.VersionLoggerListener.log Vededor JVM:                       Eclipse Adoptium
28-Nov-2024 16:15:43.015 INFORMACIÓN [main] org.apache.catalina.startup.VersionLoggerListener.log CATALINA_BASE:                     /Users/mariapaz/GeneradorFacturasMasivas/apache-tomcat-9.0.97
28-Nov-2024 16:15:43.175 INFORMACIÓN [main] org.apache.catalina.startup.VersionLoggerListener.log CATALINA_HOME:                     /Users/mariapaz/GeneradorFacturasMasivas/apache-tomcat-9.0.97
28-Nov-2024 16:15:43.209 INFORMACIÓN [main] org.apache.catalina.startup.VersionLoggerListener.log Command line argument:             --add-opens=java.base/java.lang=ALL-UNNAMED
28-Nov-2024 16:15:43.219 INFORMACIÓN [main] org.apache.catalina.startup.VersionLoggerListener.log Command line argument:             --add-opens=java.base/java.io=ALL-UNNAMED
28-Nov-2024 16:15:43.231 INFORMACIÓN [main] org.apache.catalina.startup.VersionLoggerListener.log Command line argument:             --add-opens=java.base/java.util=ALL-UNNAMED
28-Nov-2024 16:15:43.232 INFORMACIÓN [main] org.apache.catalina.startup.VersionLoggerListener.log Command line argument:             --add-opens=java.base/java.util.concurrent=ALL-UNNAMED
28-Nov-2024 16:15:43.233 INFORMACIÓN [main] org.apache.catalina.startup.VersionLoggerListener.log Command line argument:             --add-opens=java.rmi/sun.rmi.transport=ALL-UNNAMED
28-Nov-2024 16:15:43.234 INFORMACIÓN [main] org.apache.catalina.startup.VersionLoggerListener.log Command line argument:             -Djava.util.logging.config.file=/Users/mariapaz/GeneradorFacturasMasivas/apache-tomcat-9.0.97/conf/logging.properties
28-Nov-2024 16:15:43.235 INFORMACIÓN [main] org.apache.catalina.startup.VersionLoggerListener.log Command line argument:             -Djava.util.logging.manager=org.apache.juli.ClassLoaderLogManager
28-Nov-2024 16:15:43.235 INFORMACIÓN [main] org.apache.catalina.startup.VersionLoggerListener.log Command line argument:             -Djava.security.egd=file:/dev/urandom
28-Nov-2024 16:15:43.251 INFORMACIÓN [main] org.apache.catalina.startup.VersionLoggerListener.log Command line argument:             -Djdk.tls.ephemeralDHKeySize=2048
28-Nov-2024 16:15:43.252 INFORMACIÓN [main] org.apache.catalina.startup.VersionLoggerListener.log Command line argument:             -Djava.protocol.handler.pkgs=org.apache.catalina.webresources
28-Nov-2024 16:15:43.252 INFORMACIÓN [main] org.apache.catalina.startup.VersionLoggerListener.log Command line argument:             -Dorg.apache.catalina.security.SecurityListener.UMASK=0027
28-Nov-2024 16:15:43.252 INFORMACIÓN [main] org.apache.catalina.startup.VersionLoggerListener.log Command line argument:             -Drs.configdir=/Users/mariapaz/GeneradorFacturasMasivas/apache-tomcat-9.0.97/webapps/reportserver/WEB-INF
28-Nov-2024 16:15:43.252 INFORMACIÓN [main] org.apache.catalina.startup.VersionLoggerListener.log Command line argument:             -Xmx4096M
28-Nov-2024 16:15:43.253 INFORMACIÓN [main] org.apache.catalina.startup.VersionLoggerListener.log Command line argument:             -Dfile.encoding=UTF8
28-Nov-2024 16:15:43.253 INFORMACIÓN [main] org.apache.catalina.startup.VersionLoggerListener.log Command line argument:             --add-opens=java.base/java.net=ALL-UNNAMED
28-Nov-2024 16:15:43.253 INFORMACIÓN [main] org.apache.catalina.startup.VersionLoggerListener.log Command line argument:             --add-opens=java.base/jdk.internal.ref=ALL-UNNAMED
28-Nov-2024 16:15:43.264 INFORMACIÓN [main] org.apache.catalina.startup.VersionLoggerListener.log Command line argument:             --add-opens=java.base/jdk.internal.reflect=ALL-UNNAMED
28-Nov-2024 16:15:43.265 INFORMACIÓN [main] org.apache.catalina.startup.VersionLoggerListener.log Command line argument:             --add-opens=java.base/java.lang.invoke=ALL-UNNAMED
28-Nov-2024 16:15:43.266 INFORMACIÓN [main] org.apache.catalina.startup.VersionLoggerListener.log Command line argument:             --add-opens=java.base/java.util=ALL-UNNAMED
28-Nov-2024 16:15:43.266 INFORMACIÓN [main] org.apache.catalina.startup.VersionLoggerListener.log Command line argument:             --add-opens=java.base/java.lang.ref=ALL-UNNAMED
28-Nov-2024 16:15:43.266 INFORMACIÓN [main] org.apache.catalina.startup.VersionLoggerListener.log Command line argument:             --add-opens=java.base/java.lang.reflect=ALL-UNNAMED
28-Nov-2024 16:15:43.267 INFORMACIÓN [main] org.apache.catalina.startup.VersionLoggerListener.log Command line argument:             --add-opens=java.base/sun.reflect.generics.repository=ALL-UNNAMED
28-Nov-2024 16:15:43.267 INFORMACIÓN [main] org.apache.catalina.startup.VersionLoggerListener.log Command line argument:             -Dignore.endorsed.dirs=
28-Nov-2024 16:15:43.267 INFORMACIÓN [main] org.apache.catalina.startup.VersionLoggerListener.log Command line argument:             -Dcatalina.base=/Users/mariapaz/GeneradorFacturasMasivas/apache-tomcat-9.0.97
28-Nov-2024 16:15:43.267 INFORMACIÓN [main] org.apache.catalina.startup.VersionLoggerListener.log Command line argument:             -Dcatalina.home=/Users/mariapaz/GeneradorFacturasMasivas/apache-tomcat-9.0.97
28-Nov-2024 16:15:43.268 INFORMACIÓN [main] org.apache.catalina.startup.VersionLoggerListener.log Command line argument:             -Djava.io.tmpdir=/Users/mariapaz/GeneradorFacturasMasivas/apache-tomcat-9.0.97/temp
28-Nov-2024 16:15:43.505 INFORMACIÓN [main] org.apache.catalina.core.AprLifecycleListener.lifecycleEvent La biblioteca nativa de Apache Tomcat basada en ARP que permite un rendimiento óptimo en entornos de desarrollo no ha sido hallada en java.library.path: [/Users/mariapaz/Library/Java/Extensions:/Library/Java/Extensions:/Network/Library/Java/Extensions:/System/Library/Java/Extensions:/usr/lib/java:.]
28-Nov-2024 16:15:48.029 INFORMACIÓN [main] org.apache.coyote.AbstractProtocol.init Inicializando el manejador de protocolo ["http-nio-8081"]

28-Nov-2024 16:15:48.387 INFORMACIÓN [main] org.apache.catalina.startup.Catalina.load Server initialization in [7518] milliseconds
28-Nov-2024 16:15:48.699 INFORMACIÓN [main] org.apache.catalina.core.StandardService.startInternal Arrancando servicio [Catalina]
28-Nov-2024 16:15:48.700 INFORMACIÓN [main] org.apache.catalina.core.StandardEngine.startInternal Starting Servlet engine: [Apache Tomcat/9.0.97]
28-Nov-2024 16:15:48.764 INFORMACIÓN [main] org.apache.catalina.startup.HostConfig.deployDirectory Desplegando el directorio [/Users/mariapaz/GeneradorFacturasMasivas/apache-tomcat-9.0.97/webapps/reportserver] de la aplicación web
28-Nov-2024 16:17:20.058 INFORMACIÓN [main] org.apache.jasper.servlet.TldScanner.scanJars Al menos un JAR, que se ha explorado buscando TLDs, aún no contenía TLDs. Activar historial de depuración para este historiador para una completa lista de los JARs que fueron explorados y de los que nos se halló TLDs. Saltarse JARs no necesarios durante la exploración puede dar lugar a una mejora de tiempo significativa en el arranque y compilación de JSP .
28-Nov-2024 16:17:46.453 INFORMACIÓN [main] org.apache.catalina.startup.HostConfig.deployDirectory Deployment of web application directory [/Users/mariapaz/GeneradorFacturasMasivas/apache-tomcat-9.0.97/webapps/reportserver] has finished in [117.690] ms
28-Nov-2024 16:17:46.455 INFORMACIÓN [main] org.apache.catalina.startup.HostConfig.deployDirectory Desplegando el directorio [/Users/mariapaz/GeneradorFacturasMasivas/apache-tomcat-9.0.97/webapps/docs] de la aplicación web
28-Nov-2024 16:17:48.906 INFORMACIÓN [main] org.apache.jasper.servlet.TldScanner.scanJars Al menos un JAR, que se ha explorado buscando TLDs, aún no contenía TLDs. Activar historial de depuración para este historiador para una completa lista de los JARs que fueron explorados y de los que nos se halló TLDs. Saltarse JARs no necesarios durante la exploración puede dar lugar a una mejora de tiempo significativa en el arranque y compilación de JSP .
28-Nov-2024 16:17:48.910 INFORMACIÓN [main] org.apache.catalina.startup.HostConfig.deployDirectory Deployment of web application directory [/Users/mariapaz/GeneradorFacturasMasivas/apache-tomcat-9.0.97/webapps/docs] has finished in [2.455] ms
28-Nov-2024 16:17:48.914 INFORMACIÓN [main] org.apache.catalina.startup.HostConfig.deployDirectory Desplegando el directorio [/Users/mariapaz/GeneradorFacturasMasivas/apache-tomcat-9.0.97/webapps/manager] de la aplicación web
28-Nov-2024 16:17:50.933 INFORMACIÓN [main] org.apache.jasper.servlet.TldScanner.scanJars Al menos un JAR, que se ha explorado buscando TLDs, aún no contenía TLDs. Activar historial de depuración para este historiador para una completa lista de los JARs que fueron explorados y de los que nos se halló TLDs. Saltarse JARs no necesarios durante la exploración puede dar lugar a una mejora de tiempo significativa en el arranque y compilación de JSP .
28-Nov-2024 16:17:50.986 INFORMACIÓN [main] org.apache.catalina.startup.HostConfig.deployDirectory Deployment of web application directory [/Users/mariapaz/GeneradorFacturasMasivas/apache-tomcat-9.0.97/webapps/manager] has finished in [2.072] ms
28-Nov-2024 16:17:51.035 INFORMACIÓN [main] org.apache.catalina.startup.HostConfig.deployDirectory Desplegando el directorio [/Users/mariapaz/GeneradorFacturasMasivas/apache-tomcat-9.0.97/webapps/examples] de la aplicación web
28-Nov-2024 16:17:55.148 INFORMACIÓN [main] org.apache.jasper.servlet.TldScanner.scanJars Al menos un JAR, que se ha explorado buscando TLDs, aún no contenía TLDs. Activar historial de depuración para este historiador para una completa lista de los JARs que fueron explorados y de los que nos se halló TLDs. Saltarse JARs no necesarios durante la exploración puede dar lugar a una mejora de tiempo significativa en el arranque y compilación de JSP .
28-Nov-2024 16:17:55.258 INFORMACIÓN [main] org.apache.catalina.startup.HostConfig.deployDirectory Deployment of web application directory [/Users/mariapaz/GeneradorFacturasMasivas/apache-tomcat-9.0.97/webapps/examples] has finished in [4.270] ms
28-Nov-2024 16:17:55.258 INFORMACIÓN [main] org.apache.catalina.startup.HostConfig.deployDirectory Desplegando el directorio [/Users/mariapaz/GeneradorFacturasMasivas/apache-tomcat-9.0.97/webapps/ROOT] de la aplicación web
28-Nov-2024 16:17:57.276 INFORMACIÓN [main] org.apache.jasper.servlet.TldScanner.scanJars Al menos un JAR, que se ha explorado buscando TLDs, aún no contenía TLDs. Activar historial de depuración para este historiador para una completa lista de los JARs que fueron explorados y de los que nos se halló TLDs. Saltarse JARs no necesarios durante la exploración puede dar lugar a una mejora de tiempo significativa en el arranque y compilación de JSP .
28-Nov-2024 16:17:57.288 INFORMACIÓN [main] org.apache.catalina.startup.HostConfig.deployDirectory Deployment of web application directory [/Users/mariapaz/GeneradorFacturasMasivas/apache-tomcat-9.0.97/webapps/ROOT] has finished in [2.029] ms
28-Nov-2024 16:17:57.289 INFORMACIÓN [main] org.apache.catalina.startup.HostConfig.deployDirectory Desplegando el directorio [/Users/mariapaz/GeneradorFacturasMasivas/apache-tomcat-9.0.97/webapps/host-manager] de la aplicación web
28-Nov-2024 16:17:59.029 INFORMACIÓN [main] org.apache.jasper.servlet.TldScanner.scanJars Al menos un JAR, que se ha explorado buscando TLDs, aún no contenía TLDs. Activar historial de depuración para este historiador para una completa lista de los JARs que fueron explorados y de los que nos se halló TLDs. Saltarse JARs no necesarios durante la exploración puede dar lugar a una mejora de tiempo significativa en el arranque y compilación de JSP .
28-Nov-2024 16:17:59.065 INFORMACIÓN [main] org.apache.catalina.startup.HostConfig.deployDirectory Deployment of web application directory [/Users/mariapaz/GeneradorFacturasMasivas/apache-tomcat-9.0.97/webapps/host-manager] has finished in [1.775] ms
28-Nov-2024 16:17:59.082 INFORMACIÓN [main] org.apache.coyote.AbstractProtocol.start Starting ProtocolHandler ["http-nio-8081"]
28-Nov-2024 16:17:59.136 INFORMACIÓN [main] org.apache.catalina.startup.Catalina.start Server startup in [130748] milliseconds
