13-Dec-2024 08:30:47.915 INFORMACIÓN [main] org.apache.catalina.startup.VersionLoggerListener.log Nombre de la versión del servidor: Apache Tomcat/9.0.97
13-Dec-2024 08:30:47.929 INFORMACIÓN [main] org.apache.catalina.startup.VersionLoggerListener.log Server built:                      Nov 6 2024 19:55:19 UTC
13-Dec-2024 08:30:47.929 INFORMACIÓN [main] org.apache.catalina.startup.VersionLoggerListener.log Número de versión de servidor:     9.0.97.0
13-Dec-2024 08:30:47.930 INFORMACIÓN [main] org.apache.catalina.startup.VersionLoggerListener.log OS Name:                           Mac OS X
13-Dec-2024 08:30:47.930 INFORMACIÓN [main] org.apache.catalina.startup.VersionLoggerListener.log Versión de Systema Operativo:      13.6.4
13-Dec-2024 08:30:47.930 INFORMACIÓN [main] org.apache.catalina.startup.VersionLoggerListener.log Arquitectura:                      x86_64
13-Dec-2024 08:30:47.931 INFORMACIÓN [main] org.apache.catalina.startup.VersionLoggerListener.log Java Home:                         /Users/mariapaz/.sdkman/candidates/java/17.0.8.1-tem
13-Dec-2024 08:30:47.932 INFORMACIÓN [main] org.apache.catalina.startup.VersionLoggerListener.log JVM Version:                       17.0.8.1+1
13-Dec-2024 08:30:47.933 INFORMACIÓN [main] org.apache.catalina.startup.VersionLoggerListener.log Vededor JVM:                       Eclipse Adoptium
13-Dec-2024 08:30:47.933 INFORMACIÓN [main] org.apache.catalina.startup.VersionLoggerListener.log CATALINA_BASE:                     /Users/mariapaz/GeneradorFacturasMasivas/apache-tomcat-9.0.97
13-Dec-2024 08:30:47.933 INFORMACIÓN [main] org.apache.catalina.startup.VersionLoggerListener.log CATALINA_HOME:                     /Users/mariapaz/GeneradorFacturasMasivas/apache-tomcat-9.0.97
13-Dec-2024 08:30:47.964 INFORMACIÓN [main] org.apache.catalina.startup.VersionLoggerListener.log Command line argument:             --add-opens=java.base/java.lang=ALL-UNNAMED
13-Dec-2024 08:30:47.964 INFORMACIÓN [main] org.apache.catalina.startup.VersionLoggerListener.log Command line argument:             --add-opens=java.base/java.io=ALL-UNNAMED
13-Dec-2024 08:30:47.965 INFORMACIÓN [main] org.apache.catalina.startup.VersionLoggerListener.log Command line argument:             --add-opens=java.base/java.util=ALL-UNNAMED
13-Dec-2024 08:30:47.965 INFORMACIÓN [main] org.apache.catalina.startup.VersionLoggerListener.log Command line argument:             --add-opens=java.base/java.util.concurrent=ALL-UNNAMED
13-Dec-2024 08:30:47.965 INFORMACIÓN [main] org.apache.catalina.startup.VersionLoggerListener.log Command line argument:             --add-opens=java.rmi/sun.rmi.transport=ALL-UNNAMED
13-Dec-2024 08:30:47.965 INFORMACIÓN [main] org.apache.catalina.startup.VersionLoggerListener.log Command line argument:             -Djava.util.logging.config.file=/Users/mariapaz/GeneradorFacturasMasivas/apache-tomcat-9.0.97/conf/logging.properties
13-Dec-2024 08:30:47.965 INFORMACIÓN [main] org.apache.catalina.startup.VersionLoggerListener.log Command line argument:             -Djava.util.logging.manager=org.apache.juli.ClassLoaderLogManager
13-Dec-2024 08:30:47.965 INFORMACIÓN [main] org.apache.catalina.startup.VersionLoggerListener.log Command line argument:             -Djava.security.egd=file:/dev/urandom
13-Dec-2024 08:30:47.966 INFORMACIÓN [main] org.apache.catalina.startup.VersionLoggerListener.log Command line argument:             -Djdk.tls.ephemeralDHKeySize=2048
13-Dec-2024 08:30:47.966 INFORMACIÓN [main] org.apache.catalina.startup.VersionLoggerListener.log Command line argument:             -Djava.protocol.handler.pkgs=org.apache.catalina.webresources
13-Dec-2024 08:30:47.966 INFORMACIÓN [main] org.apache.catalina.startup.VersionLoggerListener.log Command line argument:             -Dorg.apache.catalina.security.SecurityListener.UMASK=0027
13-Dec-2024 08:30:47.966 INFORMACIÓN [main] org.apache.catalina.startup.VersionLoggerListener.log Command line argument:             -Drs.configdir=/Users/mariapaz/GeneradorFacturasMasivas/apache-tomcat-9.0.97/webapps/reportserver/WEB-INF
13-Dec-2024 08:30:47.966 INFORMACIÓN [main] org.apache.catalina.startup.VersionLoggerListener.log Command line argument:             -Xmx4096M
13-Dec-2024 08:30:47.966 INFORMACIÓN [main] org.apache.catalina.startup.VersionLoggerListener.log Command line argument:             -Dfile.encoding=UTF8
13-Dec-2024 08:30:47.967 INFORMACIÓN [main] org.apache.catalina.startup.VersionLoggerListener.log Command line argument:             --add-opens=java.base/java.net=ALL-UNNAMED
13-Dec-2024 08:30:47.967 INFORMACIÓN [main] org.apache.catalina.startup.VersionLoggerListener.log Command line argument:             --add-opens=java.base/jdk.internal.ref=ALL-UNNAMED
13-Dec-2024 08:30:47.967 INFORMACIÓN [main] org.apache.catalina.startup.VersionLoggerListener.log Command line argument:             --add-opens=java.base/jdk.internal.reflect=ALL-UNNAMED
13-Dec-2024 08:30:47.967 INFORMACIÓN [main] org.apache.catalina.startup.VersionLoggerListener.log Command line argument:             --add-opens=java.base/java.lang.invoke=ALL-UNNAMED
13-Dec-2024 08:30:47.967 INFORMACIÓN [main] org.apache.catalina.startup.VersionLoggerListener.log Command line argument:             --add-opens=java.base/java.util=ALL-UNNAMED
13-Dec-2024 08:30:47.967 INFORMACIÓN [main] org.apache.catalina.startup.VersionLoggerListener.log Command line argument:             --add-opens=java.base/java.lang.ref=ALL-UNNAMED
13-Dec-2024 08:30:47.968 INFORMACIÓN [main] org.apache.catalina.startup.VersionLoggerListener.log Command line argument:             --add-opens=java.base/java.lang.reflect=ALL-UNNAMED
13-Dec-2024 08:30:47.968 INFORMACIÓN [main] org.apache.catalina.startup.VersionLoggerListener.log Command line argument:             --add-opens=java.base/sun.reflect.generics.repository=ALL-UNNAMED
13-Dec-2024 08:30:47.968 INFORMACIÓN [main] org.apache.catalina.startup.VersionLoggerListener.log Command line argument:             -Dignore.endorsed.dirs=
13-Dec-2024 08:30:48.024 INFORMACIÓN [main] org.apache.catalina.startup.VersionLoggerListener.log Command line argument:             -Dcatalina.base=/Users/mariapaz/GeneradorFacturasMasivas/apache-tomcat-9.0.97
13-Dec-2024 08:30:48.024 INFORMACIÓN [main] org.apache.catalina.startup.VersionLoggerListener.log Command line argument:             -Dcatalina.home=/Users/mariapaz/GeneradorFacturasMasivas/apache-tomcat-9.0.97
13-Dec-2024 08:30:48.025 INFORMACIÓN [main] org.apache.catalina.startup.VersionLoggerListener.log Command line argument:             -Djava.io.tmpdir=/Users/mariapaz/GeneradorFacturasMasivas/apache-tomcat-9.0.97/temp
13-Dec-2024 08:30:48.079 INFORMACIÓN [main] org.apache.catalina.core.AprLifecycleListener.lifecycleEvent La biblioteca nativa de Apache Tomcat basada en ARP que permite un rendimiento óptimo en entornos de desarrollo no ha sido hallada en java.library.path: [/Users/mariapaz/Library/Java/Extensions:/Library/Java/Extensions:/Network/Library/Java/Extensions:/System/Library/Java/Extensions:/usr/lib/java:.]
13-Dec-2024 08:30:52.400 INFORMACIÓN [main] org.apache.coyote.AbstractProtocol.init Inicializando el manejador de protocolo ["http-nio-8081"]

13-Dec-2024 08:30:52.651 INFORMACIÓN [main] org.apache.catalina.startup.Catalina.load Server initialization in [6807] milliseconds
13-Dec-2024 08:30:52.898 INFORMACIÓN [main] org.apache.catalina.core.StandardService.startInternal Arrancando servicio [Catalina]
13-Dec-2024 08:30:52.898 INFORMACIÓN [main] org.apache.catalina.core.StandardEngine.startInternal Starting Servlet engine: [Apache Tomcat/9.0.97]
13-Dec-2024 08:30:52.940 INFORMACIÓN [main] org.apache.catalina.startup.HostConfig.deployDirectory Desplegando el directorio [/Users/mariapaz/GeneradorFacturasMasivas/apache-tomcat-9.0.97/webapps/reportserver] de la aplicación web
13-Dec-2024 08:33:02.688 INFORMACIÓN [main] org.apache.jasper.servlet.TldScanner.scanJars Al menos un JAR, que se ha explorado buscando TLDs, aún no contenía TLDs. Activar historial de depuración para este historiador para una completa lista de los JARs que fueron explorados y de los que nos se halló TLDs. Saltarse JARs no necesarios durante la exploración puede dar lugar a una mejora de tiempo significativa en el arranque y compilación de JSP .
13-Dec-2024 08:35:41.572 INFORMACIÓN [main] org.apache.catalina.startup.HostConfig.deployDirectory Deployment of web application directory [/Users/mariapaz/GeneradorFacturasMasivas/apache-tomcat-9.0.97/webapps/reportserver] has finished in [288.632] ms
13-Dec-2024 08:35:41.573 INFORMACIÓN [main] org.apache.catalina.startup.HostConfig.deployDirectory Desplegando el directorio [/Users/mariapaz/GeneradorFacturasMasivas/apache-tomcat-9.0.97/webapps/docs] de la aplicación web
13-Dec-2024 08:35:44.958 INFORMACIÓN [main] org.apache.jasper.servlet.TldScanner.scanJars Al menos un JAR, que se ha explorado buscando TLDs, aún no contenía TLDs. Activar historial de depuración para este historiador para una completa lista de los JARs que fueron explorados y de los que nos se halló TLDs. Saltarse JARs no necesarios durante la exploración puede dar lugar a una mejora de tiempo significativa en el arranque y compilación de JSP .
13-Dec-2024 08:35:45.290 INFORMACIÓN [main] org.apache.catalina.startup.HostConfig.deployDirectory Deployment of web application directory [/Users/mariapaz/GeneradorFacturasMasivas/apache-tomcat-9.0.97/webapps/docs] has finished in [3.717] ms
13-Dec-2024 08:35:45.328 INFORMACIÓN [main] org.apache.catalina.startup.HostConfig.deployDirectory Desplegando el directorio [/Users/mariapaz/GeneradorFacturasMasivas/apache-tomcat-9.0.97/webapps/manager] de la aplicación web
13-Dec-2024 08:35:47.073 INFORMACIÓN [main] org.apache.jasper.servlet.TldScanner.scanJars Al menos un JAR, que se ha explorado buscando TLDs, aún no contenía TLDs. Activar historial de depuración para este historiador para una completa lista de los JARs que fueron explorados y de los que nos se halló TLDs. Saltarse JARs no necesarios durante la exploración puede dar lugar a una mejora de tiempo significativa en el arranque y compilación de JSP .
13-Dec-2024 08:35:47.119 INFORMACIÓN [main] org.apache.catalina.startup.HostConfig.deployDirectory Deployment of web application directory [/Users/mariapaz/GeneradorFacturasMasivas/apache-tomcat-9.0.97/webapps/manager] has finished in [1.790] ms
13-Dec-2024 08:35:47.120 INFORMACIÓN [main] org.apache.catalina.startup.HostConfig.deployDirectory Desplegando el directorio [/Users/mariapaz/GeneradorFacturasMasivas/apache-tomcat-9.0.97/webapps/examples] de la aplicación web
13-Dec-2024 08:35:50.071 INFORMACIÓN [main] org.apache.jasper.servlet.TldScanner.scanJars Al menos un JAR, que se ha explorado buscando TLDs, aún no contenía TLDs. Activar historial de depuración para este historiador para una completa lista de los JARs que fueron explorados y de los que nos se halló TLDs. Saltarse JARs no necesarios durante la exploración puede dar lugar a una mejora de tiempo significativa en el arranque y compilación de JSP .
13-Dec-2024 08:35:50.223 INFORMACIÓN [main] org.apache.catalina.startup.HostConfig.deployDirectory Deployment of web application directory [/Users/mariapaz/GeneradorFacturasMasivas/apache-tomcat-9.0.97/webapps/examples] has finished in [3.102] ms
13-Dec-2024 08:35:50.224 INFORMACIÓN [main] org.apache.catalina.startup.HostConfig.deployDirectory Desplegando el directorio [/Users/mariapaz/GeneradorFacturasMasivas/apache-tomcat-9.0.97/webapps/ROOT] de la aplicación web
13-Dec-2024 08:35:51.574 INFORMACIÓN [main] org.apache.jasper.servlet.TldScanner.scanJars Al menos un JAR, que se ha explorado buscando TLDs, aún no contenía TLDs. Activar historial de depuración para este historiador para una completa lista de los JARs que fueron explorados y de los que nos se halló TLDs. Saltarse JARs no necesarios durante la exploración puede dar lugar a una mejora de tiempo significativa en el arranque y compilación de JSP .
13-Dec-2024 08:35:51.577 INFORMACIÓN [main] org.apache.catalina.startup.HostConfig.deployDirectory Deployment of web application directory [/Users/mariapaz/GeneradorFacturasMasivas/apache-tomcat-9.0.97/webapps/ROOT] has finished in [1.353] ms
13-Dec-2024 08:35:51.578 INFORMACIÓN [main] org.apache.catalina.startup.HostConfig.deployDirectory Desplegando el directorio [/Users/mariapaz/GeneradorFacturasMasivas/apache-tomcat-9.0.97/webapps/host-manager] de la aplicación web
13-Dec-2024 08:35:52.489 INFORMACIÓN [main] org.apache.jasper.servlet.TldScanner.scanJars Al menos un JAR, que se ha explorado buscando TLDs, aún no contenía TLDs. Activar historial de depuración para este historiador para una completa lista de los JARs que fueron explorados y de los que nos se halló TLDs. Saltarse JARs no necesarios durante la exploración puede dar lugar a una mejora de tiempo significativa en el arranque y compilación de JSP .
13-Dec-2024 08:35:52.499 INFORMACIÓN [main] org.apache.catalina.startup.HostConfig.deployDirectory Deployment of web application directory [/Users/mariapaz/GeneradorFacturasMasivas/apache-tomcat-9.0.97/webapps/host-manager] has finished in [922] ms
13-Dec-2024 08:35:52.528 INFORMACIÓN [main] org.apache.coyote.AbstractProtocol.start Starting ProtocolHandler ["http-nio-8081"]
13-Dec-2024 08:35:52.585 INFORMACIÓN [main] org.apache.catalina.startup.Catalina.start Server startup in [299939] milliseconds
13-Dec-2024 08:35:52.586 GRAVE [http-nio-8081-Acceptor] org.apache.tomcat.util.net.NioEndpoint.setSocketOptions Error setting socket options
	java.net.SocketException: Invalid argument
		at java.base/sun.nio.ch.Net.setIntOption0(Native Method)
		at java.base/sun.nio.ch.Net.setSocketOption(Net.java:455)
		at java.base/sun.nio.ch.Net.setSocketOption(Net.java:393)
		at java.base/sun.nio.ch.SocketChannelImpl.setOption(SocketChannelImpl.java:280)
		at java.base/sun.nio.ch.SocketAdaptor.setIntOption(SocketAdaptor.java:247)
		at java.base/sun.nio.ch.SocketAdaptor.setSoLinger(SocketAdaptor.java:285)
		at org.apache.tomcat.util.net.SocketProperties.setProperties(SocketProperties.java:226)
		at org.apache.tomcat.util.net.NioEndpoint.setSocketOptions(NioEndpoint.java:500)
		at org.apache.tomcat.util.net.NioEndpoint.setSocketOptions(NioEndpoint.java:71)
		at org.apache.tomcat.util.net.Acceptor.run(Acceptor.java:149)
		at java.base/java.lang.Thread.run(Thread.java:833)
13-Dec-2024 08:35:52.593 GRAVE [http-nio-8081-Acceptor] org.apache.tomcat.util.net.NioEndpoint.setSocketOptions Error setting socket options
	java.net.SocketException: Invalid argument
		at java.base/sun.nio.ch.Net.setIntOption0(Native Method)
		at java.base/sun.nio.ch.Net.setSocketOption(Net.java:455)
		at java.base/sun.nio.ch.Net.setSocketOption(Net.java:393)
		at java.base/sun.nio.ch.SocketChannelImpl.setOption(SocketChannelImpl.java:280)
		at java.base/sun.nio.ch.SocketAdaptor.setIntOption(SocketAdaptor.java:247)
		at java.base/sun.nio.ch.SocketAdaptor.setSoLinger(SocketAdaptor.java:285)
		at org.apache.tomcat.util.net.SocketProperties.setProperties(SocketProperties.java:226)
		at org.apache.tomcat.util.net.NioEndpoint.setSocketOptions(NioEndpoint.java:500)
		at org.apache.tomcat.util.net.NioEndpoint.setSocketOptions(NioEndpoint.java:71)
		at org.apache.tomcat.util.net.Acceptor.run(Acceptor.java:149)
		at java.base/java.lang.Thread.run(Thread.java:833)
13-Dec-2024 08:35:52.594 GRAVE [http-nio-8081-Acceptor] org.apache.tomcat.util.net.NioEndpoint.setSocketOptions Error setting socket options
	java.net.SocketException: Invalid argument
		at java.base/sun.nio.ch.Net.setIntOption0(Native Method)
		at java.base/sun.nio.ch.Net.setSocketOption(Net.java:455)
		at java.base/sun.nio.ch.Net.setSocketOption(Net.java:393)
		at java.base/sun.nio.ch.SocketChannelImpl.setOption(SocketChannelImpl.java:280)
		at java.base/sun.nio.ch.SocketAdaptor.setIntOption(SocketAdaptor.java:247)
		at java.base/sun.nio.ch.SocketAdaptor.setSoLinger(SocketAdaptor.java:285)
		at org.apache.tomcat.util.net.SocketProperties.setProperties(SocketProperties.java:226)
		at org.apache.tomcat.util.net.NioEndpoint.setSocketOptions(NioEndpoint.java:500)
		at org.apache.tomcat.util.net.NioEndpoint.setSocketOptions(NioEndpoint.java:71)
		at org.apache.tomcat.util.net.Acceptor.run(Acceptor.java:149)
		at java.base/java.lang.Thread.run(Thread.java:833)
13-Dec-2024 11:37:53.587 INFORMACIÓN [main] org.apache.catalina.core.StandardServer.await Se ha recibido un comando de apagado a través del puerto de apagado. Parando la instancia del Servidor.
13-Dec-2024 11:37:53.595 INFORMACIÓN [main] org.apache.coyote.AbstractProtocol.pause Pausing ProtocolHandler ["http-nio-8081"]
13-Dec-2024 11:37:53.608 INFORMACIÓN [main] org.apache.catalina.core.StandardService.stopInternal Parando servicio [Catalina]
13-Dec-2024 11:37:54.670 ADVERTENCIA [main] org.apache.catalina.loader.WebappClassLoaderBase.clearReferencesJdbc La aplicación web [reportserver] registró el conductor JDBC [com.microsoft.sqlserver.jdbc.SQLServerDriver] pero falló al anular el registro mientras la aplicación web estaba parada. Para prevenir un fallo de memoria, se ha anulado el registro del conductor JDBC por la fuerza.
13-Dec-2024 11:37:54.673 ADVERTENCIA [main] org.apache.catalina.loader.WebappClassLoaderBase.clearReferencesJdbc La aplicación web [reportserver] registró el conductor JDBC [org.postgresql.Driver] pero falló al anular el registro mientras la aplicación web estaba parada. Para prevenir un fallo de memoria, se ha anulado el registro del conductor JDBC por la fuerza.
13-Dec-2024 11:37:54.675 ADVERTENCIA [main] org.apache.catalina.loader.WebappClassLoaderBase.clearReferencesJdbc La aplicación web [reportserver] registró el conductor JDBC [org.h2.Driver] pero falló al anular el registro mientras la aplicación web estaba parada. Para prevenir un fallo de memoria, se ha anulado el registro del conductor JDBC por la fuerza.
13-Dec-2024 11:37:54.676 ADVERTENCIA [main] org.apache.catalina.loader.WebappClassLoaderBase.clearReferencesJdbc La aplicación web [reportserver] registró el conductor JDBC [org.hsqldb.jdbc.JDBCDriver] pero falló al anular el registro mientras la aplicación web estaba parada. Para prevenir un fallo de memoria, se ha anulado el registro del conductor JDBC por la fuerza.
13-Dec-2024 11:37:54.677 ADVERTENCIA [main] org.apache.catalina.loader.WebappClassLoaderBase.clearReferencesJdbc La aplicación web [reportserver] registró el conductor JDBC [org.mariadb.jdbc.Driver] pero falló al anular el registro mientras la aplicación web estaba parada. Para prevenir un fallo de memoria, se ha anulado el registro del conductor JDBC por la fuerza.
13-Dec-2024 11:37:54.678 ADVERTENCIA [main] org.apache.catalina.loader.WebappClassLoaderBase.clearReferencesJdbc La aplicación web [reportserver] registró el conductor JDBC [com.mysql.cj.jdbc.Driver] pero falló al anular el registro mientras la aplicación web estaba parada. Para prevenir un fallo de memoria, se ha anulado el registro del conductor JDBC por la fuerza.
13-Dec-2024 11:37:54.681 ADVERTENCIA [main] org.apache.catalina.loader.WebappClassLoaderBase.clearReferencesJdbc La aplicación web [reportserver] registró el conductor JDBC [org.sqlite.JDBC] pero falló al anular el registro mientras la aplicación web estaba parada. Para prevenir un fallo de memoria, se ha anulado el registro del conductor JDBC por la fuerza.
13-Dec-2024 11:37:54.713 ADVERTENCIA [main] org.apache.catalina.loader.WebappClassLoaderBase.clearReferencesThreads The web application [reportserver] appears to have started a thread named [C3P0PooledConnectionPoolManager[identityToken->z8kfltb71hc2j8o1d3h435|270884d5]-AdminTaskTimer] but has failed to stop it. This is very likely to create a memory leak. Stack trace of thread:
 java.base@17.0.8.1/java.lang.Object.wait(Native Method)
 java.base@17.0.8.1/java.util.TimerThread.mainLoop(Timer.java:563)
 java.base@17.0.8.1/java.util.TimerThread.run(Timer.java:516)
13-Dec-2024 11:37:54.718 ADVERTENCIA [main] org.apache.catalina.loader.WebappClassLoaderBase.clearReferencesThreads The web application [reportserver] appears to have started a thread named [C3P0PooledConnectionPoolManager[identityToken->z8kfltb71hc2j8o1d3h435|270884d5]-HelperThread-#0] but has failed to stop it. This is very likely to create a memory leak. Stack trace of thread:
 java.base@17.0.8.1/java.lang.Object.wait(Native Method)
 com.mchange.v2.async.ThreadPoolAsynchronousRunner$PoolThread.run(ThreadPoolAsynchronousRunner.java:683)
13-Dec-2024 11:37:54.718 ADVERTENCIA [main] org.apache.catalina.loader.WebappClassLoaderBase.clearReferencesThreads The web application [reportserver] appears to have started a thread named [C3P0PooledConnectionPoolManager[identityToken->z8kfltb71hc2j8o1d3h435|270884d5]-HelperThread-#1] but has failed to stop it. This is very likely to create a memory leak. Stack trace of thread:
 java.base@17.0.8.1/java.lang.Object.wait(Native Method)
 com.mchange.v2.async.ThreadPoolAsynchronousRunner$PoolThread.run(ThreadPoolAsynchronousRunner.java:683)
13-Dec-2024 11:37:54.719 ADVERTENCIA [main] org.apache.catalina.loader.WebappClassLoaderBase.clearReferencesThreads The web application [reportserver] appears to have started a thread named [C3P0PooledConnectionPoolManager[identityToken->z8kfltb71hc2j8o1d3h435|270884d5]-HelperThread-#2] but has failed to stop it. This is very likely to create a memory leak. Stack trace of thread:
 java.base@17.0.8.1/java.lang.Object.wait(Native Method)
 com.mchange.v2.async.ThreadPoolAsynchronousRunner$PoolThread.run(ThreadPoolAsynchronousRunner.java:683)
13-Dec-2024 11:37:54.721 ADVERTENCIA [main] org.apache.catalina.loader.WebappClassLoaderBase.clearReferencesThreads The web application [reportserver] appears to have started a thread named [dwdaemon-JpaEventLoggerServiceImpl-1] but has failed to stop it. This is very likely to create a memory leak. Stack trace of thread:
 java.base@17.0.8.1/java.lang.Thread.sleep(Native Method)
 net.datenwerke.rs.utils.daemon.DwDaemonImpl.run(DwDaemonImpl.java:52)
 java.base@17.0.8.1/java.lang.Thread.run(Thread.java:833)
13-Dec-2024 11:37:55.294 ADVERTENCIA [main] org.apache.catalina.loader.WebappClassLoaderBase.clearReferencesThreads The web application [reportserver] appears to have started a thread named [dwdaemon-watchdog-JpaEventLoggerServiceImpl] but has failed to stop it. This is very likely to create a memory leak. Stack trace of thread:
 java.base@17.0.8.1/java.lang.Thread.sleep(Native Method)
 net.datenwerke.rs.utils.daemon.DwDaemonWatchdog.run(DwDaemonWatchdog.java:30)
 java.base@17.0.8.1/java.lang.Thread.run(Thread.java:833)
13-Dec-2024 11:37:55.314 ADVERTENCIA [main] org.apache.catalina.loader.WebappClassLoaderBase.clearReferencesThreads The web application [reportserver] appears to have started a thread named [Thread-21] but has failed to stop it. This is very likely to create a memory leak. Stack trace of thread:
 java.base@17.0.8.1/sun.nio.ch.KQueue.poll(Native Method)
 java.base@17.0.8.1/sun.nio.ch.KQueuePort$EventHandlerTask.poll(KQueuePort.java:200)
 java.base@17.0.8.1/sun.nio.ch.KQueuePort$EventHandlerTask.run(KQueuePort.java:287)
 java.base@17.0.8.1/java.lang.Thread.run(Thread.java:833)
13-Dec-2024 11:37:55.334 ADVERTENCIA [main] org.apache.catalina.loader.WebappClassLoaderBase.clearReferencesThreads The web application [reportserver] appears to have started a thread named [sshd-SshServer[15546e3](port=8022)-timer-thread-1] but has failed to stop it. This is very likely to create a memory leak. Stack trace of thread:
 java.base@17.0.8.1/jdk.internal.misc.Unsafe.park(Native Method)
 java.base@17.0.8.1/java.util.concurrent.locks.LockSupport.parkNanos(LockSupport.java:252)
 java.base@17.0.8.1/java.util.concurrent.locks.AbstractQueuedSynchronizer$ConditionObject.awaitNanos(AbstractQueuedSynchronizer.java:1672)
 java.base@17.0.8.1/java.util.concurrent.ScheduledThreadPoolExecutor$DelayedWorkQueue.take(ScheduledThreadPoolExecutor.java:1182)
 java.base@17.0.8.1/java.util.concurrent.ScheduledThreadPoolExecutor$DelayedWorkQueue.take(ScheduledThreadPoolExecutor.java:899)
 java.base@17.0.8.1/java.util.concurrent.ThreadPoolExecutor.getTask(ThreadPoolExecutor.java:1062)
 java.base@17.0.8.1/java.util.concurrent.ThreadPoolExecutor.runWorker(ThreadPoolExecutor.java:1122)
 java.base@17.0.8.1/java.util.concurrent.ThreadPoolExecutor$Worker.run(ThreadPoolExecutor.java:635)
 java.base@17.0.8.1/java.lang.Thread.run(Thread.java:833)
13-Dec-2024 11:37:55.337 ADVERTENCIA [main] org.apache.catalina.loader.WebappClassLoaderBase.clearReferencesThreads The web application [reportserver] appears to have started a thread named [dwdaemon-MaintenanceServiceImpl-1] but has failed to stop it. This is very likely to create a memory leak. Stack trace of thread:
 java.base@17.0.8.1/java.lang.Thread.sleep(Native Method)
 net.datenwerke.rs.utils.daemon.DwDaemonImpl.run(DwDaemonImpl.java:52)
 java.base@17.0.8.1/java.lang.Thread.run(Thread.java:833)
13-Dec-2024 11:37:55.338 ADVERTENCIA [main] org.apache.catalina.loader.WebappClassLoaderBase.clearReferencesThreads The web application [reportserver] appears to have started a thread named [dwdaemon-watchdog-MaintenanceServiceImpl] but has failed to stop it. This is very likely to create a memory leak. Stack trace of thread:
 java.base@17.0.8.1/java.lang.Thread.sleep(Native Method)
 net.datenwerke.rs.utils.daemon.DwDaemonWatchdog.run(DwDaemonWatchdog.java:30)
 java.base@17.0.8.1/java.lang.Thread.run(Thread.java:833)
13-Dec-2024 11:37:55.343 ADVERTENCIA [main] org.apache.catalina.loader.WebappClassLoaderBase.clearReferencesThreads The web application [reportserver] appears to have started a thread named [mysql-cj-abandoned-connection-cleanup] but has failed to stop it. This is very likely to create a memory leak. Stack trace of thread:
 java.base@17.0.8.1/java.lang.Object.wait(Native Method)
 java.base@17.0.8.1/java.lang.ref.ReferenceQueue.remove(ReferenceQueue.java:155)
 com.mysql.cj.jdbc.AbandonedConnectionCleanupThread.run(AbandonedConnectionCleanupThread.java:84)
 java.base@17.0.8.1/java.util.concurrent.ThreadPoolExecutor.runWorker(ThreadPoolExecutor.java:1136)
 java.base@17.0.8.1/java.util.concurrent.ThreadPoolExecutor$Worker.run(ThreadPoolExecutor.java:635)
 java.base@17.0.8.1/java.lang.Thread.run(Thread.java:833)
13-Dec-2024 11:37:55.345 ADVERTENCIA [main] org.apache.catalina.loader.WebappClassLoaderBase.clearReferencesThreads The web application [reportserver] appears to have started a thread named [scheduler-watchdog] but has failed to stop it. This is very likely to create a memory leak. Stack trace of thread:
 java.base@17.0.8.1/java.lang.Thread.sleep(Native Method)
 net.datenwerke.scheduler.service.scheduler.SchedulerWatchdog.run(SchedulerWatchdog.java:32)
 java.base@17.0.8.1/java.lang.Thread.run(Thread.java:833)
13-Dec-2024 11:37:55.348 ADVERTENCIA [main] org.apache.catalina.loader.WebappClassLoaderBase.clearReferencesThreads The web application [reportserver] appears to have started a thread named [PrinterListener] but has failed to stop it. This is very likely to create a memory leak. Stack trace of thread:
 java.base@17.0.8.1/java.lang.Thread.sleep(Native Method)
 java.desktop@17.0.8.1/sun.print.PrintServiceLookupProvider$PrinterChangeListener.run(PrintServiceLookupProvider.java:961)
 java.base@17.0.8.1/java.lang.Thread.run(Thread.java:833)
13-Dec-2024 11:37:55.736 INFORMACIÓN [main] org.apache.coyote.AbstractProtocol.stop Stopping ProtocolHandler ["http-nio-8081"]
13-Dec-2024 11:37:55.997 INFORMACIÓN [main] org.apache.coyote.AbstractProtocol.destroy Destroying ProtocolHandler ["http-nio-8081"]
13-Dec-2024 11:37:57.542 INFORMACIÓN [main] org.apache.catalina.startup.VersionLoggerListener.log Nombre de la versión del servidor: Apache Tomcat/9.0.97
13-Dec-2024 11:37:57.555 INFORMACIÓN [main] org.apache.catalina.startup.VersionLoggerListener.log Server built:                      Nov 6 2024 19:55:19 UTC
13-Dec-2024 11:37:57.555 INFORMACIÓN [main] org.apache.catalina.startup.VersionLoggerListener.log Número de versión de servidor:     9.0.97.0
13-Dec-2024 11:37:57.557 INFORMACIÓN [main] org.apache.catalina.startup.VersionLoggerListener.log OS Name:                           Mac OS X
13-Dec-2024 11:37:57.557 INFORMACIÓN [main] org.apache.catalina.startup.VersionLoggerListener.log Versión de Systema Operativo:      13.6.4
13-Dec-2024 11:37:57.557 INFORMACIÓN [main] org.apache.catalina.startup.VersionLoggerListener.log Arquitectura:                      x86_64
13-Dec-2024 11:37:57.558 INFORMACIÓN [main] org.apache.catalina.startup.VersionLoggerListener.log Java Home:                         /Users/mariapaz/.sdkman/candidates/java/17.0.8.1-tem
13-Dec-2024 11:37:57.558 INFORMACIÓN [main] org.apache.catalina.startup.VersionLoggerListener.log JVM Version:                       17.0.8.1+1
13-Dec-2024 11:37:57.558 INFORMACIÓN [main] org.apache.catalina.startup.VersionLoggerListener.log Vededor JVM:                       Eclipse Adoptium
13-Dec-2024 11:37:57.559 INFORMACIÓN [main] org.apache.catalina.startup.VersionLoggerListener.log CATALINA_BASE:                     /Users/mariapaz/GeneradorFacturasMasivas/apache-tomcat-9.0.97
13-Dec-2024 11:37:57.559 INFORMACIÓN [main] org.apache.catalina.startup.VersionLoggerListener.log CATALINA_HOME:                     /Users/mariapaz/GeneradorFacturasMasivas/apache-tomcat-9.0.97
13-Dec-2024 11:37:57.580 INFORMACIÓN [main] org.apache.catalina.startup.VersionLoggerListener.log Command line argument:             --add-opens=java.base/java.lang=ALL-UNNAMED
13-Dec-2024 11:37:57.580 INFORMACIÓN [main] org.apache.catalina.startup.VersionLoggerListener.log Command line argument:             --add-opens=java.base/java.io=ALL-UNNAMED
13-Dec-2024 11:37:57.580 INFORMACIÓN [main] org.apache.catalina.startup.VersionLoggerListener.log Command line argument:             --add-opens=java.base/java.util=ALL-UNNAMED
13-Dec-2024 11:37:57.581 INFORMACIÓN [main] org.apache.catalina.startup.VersionLoggerListener.log Command line argument:             --add-opens=java.base/java.util.concurrent=ALL-UNNAMED
13-Dec-2024 11:37:57.581 INFORMACIÓN [main] org.apache.catalina.startup.VersionLoggerListener.log Command line argument:             --add-opens=java.rmi/sun.rmi.transport=ALL-UNNAMED
13-Dec-2024 11:37:57.581 INFORMACIÓN [main] org.apache.catalina.startup.VersionLoggerListener.log Command line argument:             -Djava.util.logging.config.file=/Users/mariapaz/GeneradorFacturasMasivas/apache-tomcat-9.0.97/conf/logging.properties
13-Dec-2024 11:37:57.581 INFORMACIÓN [main] org.apache.catalina.startup.VersionLoggerListener.log Command line argument:             -Djava.util.logging.manager=org.apache.juli.ClassLoaderLogManager
13-Dec-2024 11:37:57.582 INFORMACIÓN [main] org.apache.catalina.startup.VersionLoggerListener.log Command line argument:             -Djava.security.egd=file:/dev/urandom
13-Dec-2024 11:37:57.582 INFORMACIÓN [main] org.apache.catalina.startup.VersionLoggerListener.log Command line argument:             -Djdk.tls.ephemeralDHKeySize=2048
13-Dec-2024 11:37:57.583 INFORMACIÓN [main] org.apache.catalina.startup.VersionLoggerListener.log Command line argument:             -Djava.protocol.handler.pkgs=org.apache.catalina.webresources
13-Dec-2024 11:37:57.583 INFORMACIÓN [main] org.apache.catalina.startup.VersionLoggerListener.log Command line argument:             -Dorg.apache.catalina.security.SecurityListener.UMASK=0027
13-Dec-2024 11:37:57.583 INFORMACIÓN [main] org.apache.catalina.startup.VersionLoggerListener.log Command line argument:             -Drs.configdir=/Users/mariapaz/GeneradorFacturasMasivas/apache-tomcat-9.0.97/webapps/reportserver/WEB-INF
13-Dec-2024 11:37:57.583 INFORMACIÓN [main] org.apache.catalina.startup.VersionLoggerListener.log Command line argument:             -Xmx4096M
13-Dec-2024 11:37:57.584 INFORMACIÓN [main] org.apache.catalina.startup.VersionLoggerListener.log Command line argument:             -Dfile.encoding=UTF8
13-Dec-2024 11:37:57.584 INFORMACIÓN [main] org.apache.catalina.startup.VersionLoggerListener.log Command line argument:             --add-opens=java.base/java.net=ALL-UNNAMED
13-Dec-2024 11:37:57.586 INFORMACIÓN [main] org.apache.catalina.startup.VersionLoggerListener.log Command line argument:             --add-opens=java.base/jdk.internal.ref=ALL-UNNAMED
13-Dec-2024 11:37:57.586 INFORMACIÓN [main] org.apache.catalina.startup.VersionLoggerListener.log Command line argument:             --add-opens=java.base/jdk.internal.reflect=ALL-UNNAMED
13-Dec-2024 11:37:57.586 INFORMACIÓN [main] org.apache.catalina.startup.VersionLoggerListener.log Command line argument:             --add-opens=java.base/java.lang.invoke=ALL-UNNAMED
13-Dec-2024 11:37:57.586 INFORMACIÓN [main] org.apache.catalina.startup.VersionLoggerListener.log Command line argument:             --add-opens=java.base/java.util=ALL-UNNAMED
13-Dec-2024 11:37:57.587 INFORMACIÓN [main] org.apache.catalina.startup.VersionLoggerListener.log Command line argument:             --add-opens=java.base/java.lang.ref=ALL-UNNAMED
13-Dec-2024 11:37:57.587 INFORMACIÓN [main] org.apache.catalina.startup.VersionLoggerListener.log Command line argument:             --add-opens=java.base/java.lang.reflect=ALL-UNNAMED
13-Dec-2024 11:37:57.587 INFORMACIÓN [main] org.apache.catalina.startup.VersionLoggerListener.log Command line argument:             --add-opens=java.base/sun.reflect.generics.repository=ALL-UNNAMED
13-Dec-2024 11:37:57.588 INFORMACIÓN [main] org.apache.catalina.startup.VersionLoggerListener.log Command line argument:             -Dignore.endorsed.dirs=
13-Dec-2024 11:37:57.588 INFORMACIÓN [main] org.apache.catalina.startup.VersionLoggerListener.log Command line argument:             -Dcatalina.base=/Users/mariapaz/GeneradorFacturasMasivas/apache-tomcat-9.0.97
13-Dec-2024 11:37:57.589 INFORMACIÓN [main] org.apache.catalina.startup.VersionLoggerListener.log Command line argument:             -Dcatalina.home=/Users/mariapaz/GeneradorFacturasMasivas/apache-tomcat-9.0.97
13-Dec-2024 11:37:57.590 INFORMACIÓN [main] org.apache.catalina.startup.VersionLoggerListener.log Command line argument:             -Djava.io.tmpdir=/Users/mariapaz/GeneradorFacturasMasivas/apache-tomcat-9.0.97/temp
13-Dec-2024 11:37:57.736 INFORMACIÓN [main] org.apache.catalina.core.AprLifecycleListener.lifecycleEvent La biblioteca nativa de Apache Tomcat basada en ARP que permite un rendimiento óptimo en entornos de desarrollo no ha sido hallada en java.library.path: [/Users/mariapaz/Library/Java/Extensions:/Library/Java/Extensions:/Network/Library/Java/Extensions:/System/Library/Java/Extensions:/usr/lib/java:.]
13-Dec-2024 11:38:00.952 INFORMACIÓN [main] org.apache.coyote.AbstractProtocol.init Inicializando el manejador de protocolo ["http-nio-8081"]

13-Dec-2024 11:38:01.439 INFORMACIÓN [main] org.apache.catalina.startup.Catalina.load Server initialization in [5863] milliseconds
13-Dec-2024 11:38:01.722 INFORMACIÓN [main] org.apache.catalina.core.StandardService.startInternal Arrancando servicio [Catalina]
13-Dec-2024 11:38:01.723 INFORMACIÓN [main] org.apache.catalina.core.StandardEngine.startInternal Starting Servlet engine: [Apache Tomcat/9.0.97]
13-Dec-2024 11:38:01.755 INFORMACIÓN [main] org.apache.catalina.startup.HostConfig.deployDirectory Desplegando el directorio [/Users/mariapaz/GeneradorFacturasMasivas/apache-tomcat-9.0.97/webapps/reportserver] de la aplicación web
13-Dec-2024 11:38:45.171 INFORMACIÓN [main] org.apache.jasper.servlet.TldScanner.scanJars Al menos un JAR, que se ha explorado buscando TLDs, aún no contenía TLDs. Activar historial de depuración para este historiador para una completa lista de los JARs que fueron explorados y de los que nos se halló TLDs. Saltarse JARs no necesarios durante la exploración puede dar lugar a una mejora de tiempo significativa en el arranque y compilación de JSP .
13-Dec-2024 11:41:13.954 INFORMACIÓN [main] org.apache.catalina.startup.HostConfig.deployDirectory Deployment of web application directory [/Users/mariapaz/GeneradorFacturasMasivas/apache-tomcat-9.0.97/webapps/reportserver] has finished in [192.198] ms
13-Dec-2024 11:41:14.016 INFORMACIÓN [main] org.apache.catalina.startup.HostConfig.deployDirectory Desplegando el directorio [/Users/mariapaz/GeneradorFacturasMasivas/apache-tomcat-9.0.97/webapps/docs] de la aplicación web
13-Dec-2024 11:41:14.950 INFORMACIÓN [main] org.apache.jasper.servlet.TldScanner.scanJars Al menos un JAR, que se ha explorado buscando TLDs, aún no contenía TLDs. Activar historial de depuración para este historiador para una completa lista de los JARs que fueron explorados y de los que nos se halló TLDs. Saltarse JARs no necesarios durante la exploración puede dar lugar a una mejora de tiempo significativa en el arranque y compilación de JSP .
13-Dec-2024 11:41:14.959 INFORMACIÓN [main] org.apache.catalina.startup.HostConfig.deployDirectory Deployment of web application directory [/Users/mariapaz/GeneradorFacturasMasivas/apache-tomcat-9.0.97/webapps/docs] has finished in [942] ms
13-Dec-2024 11:41:14.961 INFORMACIÓN [main] org.apache.catalina.startup.HostConfig.deployDirectory Desplegando el directorio [/Users/mariapaz/GeneradorFacturasMasivas/apache-tomcat-9.0.97/webapps/manager] de la aplicación web
13-Dec-2024 11:41:15.848 INFORMACIÓN [main] org.apache.jasper.servlet.TldScanner.scanJars Al menos un JAR, que se ha explorado buscando TLDs, aún no contenía TLDs. Activar historial de depuración para este historiador para una completa lista de los JARs que fueron explorados y de los que nos se halló TLDs. Saltarse JARs no necesarios durante la exploración puede dar lugar a una mejora de tiempo significativa en el arranque y compilación de JSP .
13-Dec-2024 11:41:15.875 INFORMACIÓN [main] org.apache.catalina.startup.HostConfig.deployDirectory Deployment of web application directory [/Users/mariapaz/GeneradorFacturasMasivas/apache-tomcat-9.0.97/webapps/manager] has finished in [914] ms
13-Dec-2024 11:41:15.875 INFORMACIÓN [main] org.apache.catalina.startup.HostConfig.deployDirectory Desplegando el directorio [/Users/mariapaz/GeneradorFacturasMasivas/apache-tomcat-9.0.97/webapps/examples] de la aplicación web
13-Dec-2024 11:41:18.416 INFORMACIÓN [main] org.apache.jasper.servlet.TldScanner.scanJars Al menos un JAR, que se ha explorado buscando TLDs, aún no contenía TLDs. Activar historial de depuración para este historiador para una completa lista de los JARs que fueron explorados y de los que nos se halló TLDs. Saltarse JARs no necesarios durante la exploración puede dar lugar a una mejora de tiempo significativa en el arranque y compilación de JSP .
13-Dec-2024 11:41:18.541 INFORMACIÓN [main] org.apache.catalina.startup.HostConfig.deployDirectory Deployment of web application directory [/Users/mariapaz/GeneradorFacturasMasivas/apache-tomcat-9.0.97/webapps/examples] has finished in [2.666] ms
13-Dec-2024 11:41:18.542 INFORMACIÓN [main] org.apache.catalina.startup.HostConfig.deployDirectory Desplegando el directorio [/Users/mariapaz/GeneradorFacturasMasivas/apache-tomcat-9.0.97/webapps/ROOT] de la aplicación web
13-Dec-2024 11:41:20.628 INFORMACIÓN [main] org.apache.jasper.servlet.TldScanner.scanJars Al menos un JAR, que se ha explorado buscando TLDs, aún no contenía TLDs. Activar historial de depuración para este historiador para una completa lista de los JARs que fueron explorados y de los que nos se halló TLDs. Saltarse JARs no necesarios durante la exploración puede dar lugar a una mejora de tiempo significativa en el arranque y compilación de JSP .
13-Dec-2024 11:41:20.652 INFORMACIÓN [main] org.apache.catalina.startup.HostConfig.deployDirectory Deployment of web application directory [/Users/mariapaz/GeneradorFacturasMasivas/apache-tomcat-9.0.97/webapps/ROOT] has finished in [2.109] ms
13-Dec-2024 11:41:20.652 INFORMACIÓN [main] org.apache.catalina.startup.HostConfig.deployDirectory Desplegando el directorio [/Users/mariapaz/GeneradorFacturasMasivas/apache-tomcat-9.0.97/webapps/host-manager] de la aplicación web
13-Dec-2024 11:41:21.494 INFORMACIÓN [main] org.apache.jasper.servlet.TldScanner.scanJars Al menos un JAR, que se ha explorado buscando TLDs, aún no contenía TLDs. Activar historial de depuración para este historiador para una completa lista de los JARs que fueron explorados y de los que nos se halló TLDs. Saltarse JARs no necesarios durante la exploración puede dar lugar a una mejora de tiempo significativa en el arranque y compilación de JSP .
13-Dec-2024 11:41:21.499 INFORMACIÓN [main] org.apache.catalina.startup.HostConfig.deployDirectory Deployment of web application directory [/Users/mariapaz/GeneradorFacturasMasivas/apache-tomcat-9.0.97/webapps/host-manager] has finished in [847] ms
13-Dec-2024 11:41:21.507 INFORMACIÓN [main] org.apache.coyote.AbstractProtocol.start Starting ProtocolHandler ["http-nio-8081"]
13-Dec-2024 11:41:21.540 INFORMACIÓN [main] org.apache.catalina.startup.Catalina.start Server startup in [200104] milliseconds
13-Dec-2024 11:51:25.297 INFORMACIÓN [main] org.apache.catalina.core.StandardServer.await Se ha recibido un comando de apagado a través del puerto de apagado. Parando la instancia del Servidor.
13-Dec-2024 11:51:25.302 INFORMACIÓN [main] org.apache.coyote.AbstractProtocol.pause Pausing ProtocolHandler ["http-nio-8081"]
13-Dec-2024 11:51:25.311 INFORMACIÓN [main] org.apache.catalina.core.StandardService.stopInternal Parando servicio [Catalina]
13-Dec-2024 11:51:26.470 ADVERTENCIA [main] org.apache.catalina.loader.WebappClassLoaderBase.clearReferencesJdbc La aplicación web [reportserver] registró el conductor JDBC [com.microsoft.sqlserver.jdbc.SQLServerDriver] pero falló al anular el registro mientras la aplicación web estaba parada. Para prevenir un fallo de memoria, se ha anulado el registro del conductor JDBC por la fuerza.
13-Dec-2024 11:51:26.479 ADVERTENCIA [main] org.apache.catalina.loader.WebappClassLoaderBase.clearReferencesJdbc La aplicación web [reportserver] registró el conductor JDBC [org.postgresql.Driver] pero falló al anular el registro mientras la aplicación web estaba parada. Para prevenir un fallo de memoria, se ha anulado el registro del conductor JDBC por la fuerza.
13-Dec-2024 11:51:26.492 ADVERTENCIA [main] org.apache.catalina.loader.WebappClassLoaderBase.clearReferencesJdbc La aplicación web [reportserver] registró el conductor JDBC [org.h2.Driver] pero falló al anular el registro mientras la aplicación web estaba parada. Para prevenir un fallo de memoria, se ha anulado el registro del conductor JDBC por la fuerza.
13-Dec-2024 11:51:26.493 ADVERTENCIA [main] org.apache.catalina.loader.WebappClassLoaderBase.clearReferencesJdbc La aplicación web [reportserver] registró el conductor JDBC [org.hsqldb.jdbc.JDBCDriver] pero falló al anular el registro mientras la aplicación web estaba parada. Para prevenir un fallo de memoria, se ha anulado el registro del conductor JDBC por la fuerza.
13-Dec-2024 11:51:26.493 ADVERTENCIA [main] org.apache.catalina.loader.WebappClassLoaderBase.clearReferencesJdbc La aplicación web [reportserver] registró el conductor JDBC [org.mariadb.jdbc.Driver] pero falló al anular el registro mientras la aplicación web estaba parada. Para prevenir un fallo de memoria, se ha anulado el registro del conductor JDBC por la fuerza.
13-Dec-2024 11:51:26.495 ADVERTENCIA [main] org.apache.catalina.loader.WebappClassLoaderBase.clearReferencesJdbc La aplicación web [reportserver] registró el conductor JDBC [com.mysql.cj.jdbc.Driver] pero falló al anular el registro mientras la aplicación web estaba parada. Para prevenir un fallo de memoria, se ha anulado el registro del conductor JDBC por la fuerza.
13-Dec-2024 11:51:26.495 ADVERTENCIA [main] org.apache.catalina.loader.WebappClassLoaderBase.clearReferencesJdbc La aplicación web [reportserver] registró el conductor JDBC [org.sqlite.JDBC] pero falló al anular el registro mientras la aplicación web estaba parada. Para prevenir un fallo de memoria, se ha anulado el registro del conductor JDBC por la fuerza.
13-Dec-2024 11:51:26.514 ADVERTENCIA [main] org.apache.catalina.loader.WebappClassLoaderBase.clearReferencesThreads The web application [reportserver] appears to have started a thread named [org.apache.commons.vfs2.cache.SoftRefFilesCache$ReleaseThread] but has failed to stop it. This is very likely to create a memory leak. Stack trace of thread:
 java.base@17.0.8.1/java.lang.Object.wait(Native Method)
 java.base@17.0.8.1/java.lang.ref.ReferenceQueue.remove(ReferenceQueue.java:155)
 org.apache.commons.vfs2.cache.SoftRefFilesCache$ReleaseThread.run(SoftRefFilesCache.java:54)
13-Dec-2024 11:51:26.533 ADVERTENCIA [main] org.apache.catalina.loader.WebappClassLoaderBase.clearReferencesThreads The web application [reportserver] appears to have started a thread named [C3P0PooledConnectionPoolManager[identityToken->z8kfltb71hip9mf1j5mof9|c25fe28]-AdminTaskTimer] but has failed to stop it. This is very likely to create a memory leak. Stack trace of thread:
 java.base@17.0.8.1/java.lang.Object.wait(Native Method)
 java.base@17.0.8.1/java.util.TimerThread.mainLoop(Timer.java:563)
 java.base@17.0.8.1/java.util.TimerThread.run(Timer.java:516)
13-Dec-2024 11:51:26.543 ADVERTENCIA [main] org.apache.catalina.loader.WebappClassLoaderBase.clearReferencesThreads The web application [reportserver] appears to have started a thread named [C3P0PooledConnectionPoolManager[identityToken->z8kfltb71hip9mf1j5mof9|c25fe28]-HelperThread-#0] but has failed to stop it. This is very likely to create a memory leak. Stack trace of thread:
 java.base@17.0.8.1/java.lang.Object.wait(Native Method)
 com.mchange.v2.async.ThreadPoolAsynchronousRunner$PoolThread.run(ThreadPoolAsynchronousRunner.java:683)
13-Dec-2024 11:51:26.553 ADVERTENCIA [main] org.apache.catalina.loader.WebappClassLoaderBase.clearReferencesThreads The web application [reportserver] appears to have started a thread named [C3P0PooledConnectionPoolManager[identityToken->z8kfltb71hip9mf1j5mof9|c25fe28]-HelperThread-#1] but has failed to stop it. This is very likely to create a memory leak. Stack trace of thread:
 java.base@17.0.8.1/java.lang.Object.wait(Native Method)
 com.mchange.v2.async.ThreadPoolAsynchronousRunner$PoolThread.run(ThreadPoolAsynchronousRunner.java:683)
13-Dec-2024 11:51:26.554 ADVERTENCIA [main] org.apache.catalina.loader.WebappClassLoaderBase.clearReferencesThreads The web application [reportserver] appears to have started a thread named [C3P0PooledConnectionPoolManager[identityToken->z8kfltb71hip9mf1j5mof9|c25fe28]-HelperThread-#2] but has failed to stop it. This is very likely to create a memory leak. Stack trace of thread:
 java.base@17.0.8.1/java.lang.Object.wait(Native Method)
 com.mchange.v2.async.ThreadPoolAsynchronousRunner$PoolThread.run(ThreadPoolAsynchronousRunner.java:683)
13-Dec-2024 11:51:26.559 ADVERTENCIA [main] org.apache.catalina.loader.WebappClassLoaderBase.clearReferencesThreads The web application [reportserver] appears to have started a thread named [dwdaemon-JpaEventLoggerServiceImpl-1] but has failed to stop it. This is very likely to create a memory leak. Stack trace of thread:
 java.base@17.0.8.1/java.lang.Thread.sleep(Native Method)
 net.datenwerke.rs.utils.daemon.DwDaemonImpl.run(DwDaemonImpl.java:52)
 java.base@17.0.8.1/java.lang.Thread.run(Thread.java:833)
13-Dec-2024 11:51:26.564 ADVERTENCIA [main] org.apache.catalina.loader.WebappClassLoaderBase.clearReferencesThreads The web application [reportserver] appears to have started a thread named [dwdaemon-watchdog-JpaEventLoggerServiceImpl] but has failed to stop it. This is very likely to create a memory leak. Stack trace of thread:
 java.base@17.0.8.1/java.lang.Thread.sleep(Native Method)
 net.datenwerke.rs.utils.daemon.DwDaemonWatchdog.run(DwDaemonWatchdog.java:30)
 java.base@17.0.8.1/java.lang.Thread.run(Thread.java:833)
13-Dec-2024 11:51:26.567 ADVERTENCIA [main] org.apache.catalina.loader.WebappClassLoaderBase.clearReferencesThreads The web application [reportserver] appears to have started a thread named [Thread-21] but has failed to stop it. This is very likely to create a memory leak. Stack trace of thread:
 java.base@17.0.8.1/sun.nio.ch.KQueue.poll(Native Method)
 java.base@17.0.8.1/sun.nio.ch.KQueuePort$EventHandlerTask.poll(KQueuePort.java:200)
 java.base@17.0.8.1/sun.nio.ch.KQueuePort$EventHandlerTask.run(KQueuePort.java:287)
 java.base@17.0.8.1/java.lang.Thread.run(Thread.java:833)
13-Dec-2024 11:51:26.571 ADVERTENCIA [main] org.apache.catalina.loader.WebappClassLoaderBase.clearReferencesThreads The web application [reportserver] appears to have started a thread named [sshd-SshServer[5a314fb2](port=8022)-timer-thread-1] but has failed to stop it. This is very likely to create a memory leak. Stack trace of thread:
 java.base@17.0.8.1/jdk.internal.misc.Unsafe.park(Native Method)
 java.base@17.0.8.1/java.util.concurrent.locks.LockSupport.parkNanos(LockSupport.java:252)
 java.base@17.0.8.1/java.util.concurrent.locks.AbstractQueuedSynchronizer$ConditionObject.awaitNanos(AbstractQueuedSynchronizer.java:1672)
 java.base@17.0.8.1/java.util.concurrent.ScheduledThreadPoolExecutor$DelayedWorkQueue.take(ScheduledThreadPoolExecutor.java:1182)
 java.base@17.0.8.1/java.util.concurrent.ScheduledThreadPoolExecutor$DelayedWorkQueue.take(ScheduledThreadPoolExecutor.java:899)
 java.base@17.0.8.1/java.util.concurrent.ThreadPoolExecutor.getTask(ThreadPoolExecutor.java:1062)
 java.base@17.0.8.1/java.util.concurrent.ThreadPoolExecutor.runWorker(ThreadPoolExecutor.java:1122)
 java.base@17.0.8.1/java.util.concurrent.ThreadPoolExecutor$Worker.run(ThreadPoolExecutor.java:635)
 java.base@17.0.8.1/java.lang.Thread.run(Thread.java:833)
13-Dec-2024 11:51:26.634 ADVERTENCIA [main] org.apache.catalina.loader.WebappClassLoaderBase.clearReferencesThreads The web application [reportserver] appears to have started a thread named [dwdaemon-MaintenanceServiceImpl-1] but has failed to stop it. This is very likely to create a memory leak. Stack trace of thread:
 java.base@17.0.8.1/java.lang.Thread.sleep(Native Method)
 net.datenwerke.rs.utils.daemon.DwDaemonImpl.run(DwDaemonImpl.java:52)
 java.base@17.0.8.1/java.lang.Thread.run(Thread.java:833)
13-Dec-2024 11:51:26.648 ADVERTENCIA [main] org.apache.catalina.loader.WebappClassLoaderBase.clearReferencesThreads The web application [reportserver] appears to have started a thread named [dwdaemon-watchdog-MaintenanceServiceImpl] but has failed to stop it. This is very likely to create a memory leak. Stack trace of thread:
 java.base@17.0.8.1/java.lang.Thread.sleep(Native Method)
 net.datenwerke.rs.utils.daemon.DwDaemonWatchdog.run(DwDaemonWatchdog.java:30)
 java.base@17.0.8.1/java.lang.Thread.run(Thread.java:833)
13-Dec-2024 11:51:26.649 ADVERTENCIA [main] org.apache.catalina.loader.WebappClassLoaderBase.clearReferencesThreads The web application [reportserver] appears to have started a thread named [scheduler-watchdog] but has failed to stop it. This is very likely to create a memory leak. Stack trace of thread:
 java.base@17.0.8.1/java.lang.Thread.sleep(Native Method)
 net.datenwerke.scheduler.service.scheduler.SchedulerWatchdog.run(SchedulerWatchdog.java:32)
 java.base@17.0.8.1/java.lang.Thread.run(Thread.java:833)
13-Dec-2024 11:51:26.653 ADVERTENCIA [main] org.apache.catalina.loader.WebappClassLoaderBase.clearReferencesThreads The web application [reportserver] appears to have started a thread named [mysql-cj-abandoned-connection-cleanup] but has failed to stop it. This is very likely to create a memory leak. Stack trace of thread:
 java.base@17.0.8.1/java.lang.Object.wait(Native Method)
 java.base@17.0.8.1/java.lang.ref.ReferenceQueue.remove(ReferenceQueue.java:155)
 com.mysql.cj.jdbc.AbandonedConnectionCleanupThread.run(AbandonedConnectionCleanupThread.java:84)
 java.base@17.0.8.1/java.util.concurrent.ThreadPoolExecutor.runWorker(ThreadPoolExecutor.java:1136)
 java.base@17.0.8.1/java.util.concurrent.ThreadPoolExecutor$Worker.run(ThreadPoolExecutor.java:635)
 java.base@17.0.8.1/java.lang.Thread.run(Thread.java:833)
13-Dec-2024 11:51:26.665 ADVERTENCIA [main] org.apache.catalina.loader.WebappClassLoaderBase.clearReferencesThreads The web application [reportserver] appears to have started a thread named [PrinterListener] but has failed to stop it. This is very likely to create a memory leak. Stack trace of thread:
 java.base@17.0.8.1/java.lang.Thread.sleep(Native Method)
 java.desktop@17.0.8.1/sun.print.PrintServiceLookupProvider$PrinterChangeListener.run(PrintServiceLookupProvider.java:961)
 java.base@17.0.8.1/java.lang.Thread.run(Thread.java:833)
13-Dec-2024 11:51:26.806 INFORMACIÓN [main] org.apache.coyote.AbstractProtocol.stop Stopping ProtocolHandler ["http-nio-8081"]
13-Dec-2024 11:51:27.074 INFORMACIÓN [main] org.apache.coyote.AbstractProtocol.destroy Destroying ProtocolHandler ["http-nio-8081"]
13-Dec-2024 11:51:30.094 INFORMACIÓN [main] org.apache.catalina.startup.VersionLoggerListener.log Nombre de la versión del servidor: Apache Tomcat/9.0.97
13-Dec-2024 11:51:30.107 INFORMACIÓN [main] org.apache.catalina.startup.VersionLoggerListener.log Server built:                      Nov 6 2024 19:55:19 UTC
13-Dec-2024 11:51:30.107 INFORMACIÓN [main] org.apache.catalina.startup.VersionLoggerListener.log Número de versión de servidor:     9.0.97.0
13-Dec-2024 11:51:30.107 INFORMACIÓN [main] org.apache.catalina.startup.VersionLoggerListener.log OS Name:                           Mac OS X
13-Dec-2024 11:51:30.108 INFORMACIÓN [main] org.apache.catalina.startup.VersionLoggerListener.log Versión de Systema Operativo:      13.6.4
13-Dec-2024 11:51:30.108 INFORMACIÓN [main] org.apache.catalina.startup.VersionLoggerListener.log Arquitectura:                      x86_64
13-Dec-2024 11:51:30.108 INFORMACIÓN [main] org.apache.catalina.startup.VersionLoggerListener.log Java Home:                         /Users/mariapaz/.sdkman/candidates/java/17.0.8.1-tem
13-Dec-2024 11:51:30.108 INFORMACIÓN [main] org.apache.catalina.startup.VersionLoggerListener.log JVM Version:                       17.0.8.1+1
13-Dec-2024 11:51:30.109 INFORMACIÓN [main] org.apache.catalina.startup.VersionLoggerListener.log Vededor JVM:                       Eclipse Adoptium
13-Dec-2024 11:51:30.109 INFORMACIÓN [main] org.apache.catalina.startup.VersionLoggerListener.log CATALINA_BASE:                     /Users/mariapaz/GeneradorFacturasMasivas/apache-tomcat-9.0.97
13-Dec-2024 11:51:30.110 INFORMACIÓN [main] org.apache.catalina.startup.VersionLoggerListener.log CATALINA_HOME:                     /Users/mariapaz/GeneradorFacturasMasivas/apache-tomcat-9.0.97
13-Dec-2024 11:51:30.166 INFORMACIÓN [main] org.apache.catalina.startup.VersionLoggerListener.log Command line argument:             --add-opens=java.base/java.lang=ALL-UNNAMED
13-Dec-2024 11:51:30.167 INFORMACIÓN [main] org.apache.catalina.startup.VersionLoggerListener.log Command line argument:             --add-opens=java.base/java.io=ALL-UNNAMED
13-Dec-2024 11:51:30.169 INFORMACIÓN [main] org.apache.catalina.startup.VersionLoggerListener.log Command line argument:             --add-opens=java.base/java.util=ALL-UNNAMED
13-Dec-2024 11:51:30.171 INFORMACIÓN [main] org.apache.catalina.startup.VersionLoggerListener.log Command line argument:             --add-opens=java.base/java.util.concurrent=ALL-UNNAMED
13-Dec-2024 11:51:30.171 INFORMACIÓN [main] org.apache.catalina.startup.VersionLoggerListener.log Command line argument:             --add-opens=java.rmi/sun.rmi.transport=ALL-UNNAMED
13-Dec-2024 11:51:30.172 INFORMACIÓN [main] org.apache.catalina.startup.VersionLoggerListener.log Command line argument:             -Djava.util.logging.config.file=/Users/mariapaz/GeneradorFacturasMasivas/apache-tomcat-9.0.97/conf/logging.properties
13-Dec-2024 11:51:30.172 INFORMACIÓN [main] org.apache.catalina.startup.VersionLoggerListener.log Command line argument:             -Djava.util.logging.manager=org.apache.juli.ClassLoaderLogManager
13-Dec-2024 11:51:30.173 INFORMACIÓN [main] org.apache.catalina.startup.VersionLoggerListener.log Command line argument:             -Djava.security.egd=file:/dev/urandom
13-Dec-2024 11:51:30.174 INFORMACIÓN [main] org.apache.catalina.startup.VersionLoggerListener.log Command line argument:             -Djdk.tls.ephemeralDHKeySize=2048
13-Dec-2024 11:51:30.175 INFORMACIÓN [main] org.apache.catalina.startup.VersionLoggerListener.log Command line argument:             -Djava.protocol.handler.pkgs=org.apache.catalina.webresources
13-Dec-2024 11:51:30.175 INFORMACIÓN [main] org.apache.catalina.startup.VersionLoggerListener.log Command line argument:             -Dorg.apache.catalina.security.SecurityListener.UMASK=0027
13-Dec-2024 11:51:30.175 INFORMACIÓN [main] org.apache.catalina.startup.VersionLoggerListener.log Command line argument:             -Drs.configdir=/Users/mariapaz/GeneradorFacturasMasivas/apache-tomcat-9.0.97/webapps/reportserver/WEB-INF
13-Dec-2024 11:51:30.176 INFORMACIÓN [main] org.apache.catalina.startup.VersionLoggerListener.log Command line argument:             -Xmx4096M
13-Dec-2024 11:51:30.176 INFORMACIÓN [main] org.apache.catalina.startup.VersionLoggerListener.log Command line argument:             -Dfile.encoding=UTF8
13-Dec-2024 11:51:30.176 INFORMACIÓN [main] org.apache.catalina.startup.VersionLoggerListener.log Command line argument:             --add-opens=java.base/java.net=ALL-UNNAMED
13-Dec-2024 11:51:30.176 INFORMACIÓN [main] org.apache.catalina.startup.VersionLoggerListener.log Command line argument:             --add-opens=java.base/jdk.internal.ref=ALL-UNNAMED
13-Dec-2024 11:51:30.177 INFORMACIÓN [main] org.apache.catalina.startup.VersionLoggerListener.log Command line argument:             --add-opens=java.base/jdk.internal.reflect=ALL-UNNAMED
13-Dec-2024 11:51:30.177 INFORMACIÓN [main] org.apache.catalina.startup.VersionLoggerListener.log Command line argument:             --add-opens=java.base/java.lang.invoke=ALL-UNNAMED
13-Dec-2024 11:51:30.177 INFORMACIÓN [main] org.apache.catalina.startup.VersionLoggerListener.log Command line argument:             --add-opens=java.base/java.util=ALL-UNNAMED
13-Dec-2024 11:51:30.177 INFORMACIÓN [main] org.apache.catalina.startup.VersionLoggerListener.log Command line argument:             --add-opens=java.base/java.lang.ref=ALL-UNNAMED
13-Dec-2024 11:51:30.178 INFORMACIÓN [main] org.apache.catalina.startup.VersionLoggerListener.log Command line argument:             --add-opens=java.base/java.lang.reflect=ALL-UNNAMED
13-Dec-2024 11:51:30.178 INFORMACIÓN [main] org.apache.catalina.startup.VersionLoggerListener.log Command line argument:             --add-opens=java.base/sun.reflect.generics.repository=ALL-UNNAMED
13-Dec-2024 11:51:30.178 INFORMACIÓN [main] org.apache.catalina.startup.VersionLoggerListener.log Command line argument:             -Dignore.endorsed.dirs=
13-Dec-2024 11:51:30.178 INFORMACIÓN [main] org.apache.catalina.startup.VersionLoggerListener.log Command line argument:             -Dcatalina.base=/Users/mariapaz/GeneradorFacturasMasivas/apache-tomcat-9.0.97
13-Dec-2024 11:51:30.179 INFORMACIÓN [main] org.apache.catalina.startup.VersionLoggerListener.log Command line argument:             -Dcatalina.home=/Users/mariapaz/GeneradorFacturasMasivas/apache-tomcat-9.0.97
13-Dec-2024 11:51:30.179 INFORMACIÓN [main] org.apache.catalina.startup.VersionLoggerListener.log Command line argument:             -Djava.io.tmpdir=/Users/mariapaz/GeneradorFacturasMasivas/apache-tomcat-9.0.97/temp
13-Dec-2024 11:51:30.258 INFORMACIÓN [main] org.apache.catalina.core.AprLifecycleListener.lifecycleEvent La biblioteca nativa de Apache Tomcat basada en ARP que permite un rendimiento óptimo en entornos de desarrollo no ha sido hallada en java.library.path: [/Users/mariapaz/Library/Java/Extensions:/Library/Java/Extensions:/Network/Library/Java/Extensions:/System/Library/Java/Extensions:/usr/lib/java:.]
13-Dec-2024 11:51:33.315 INFORMACIÓN [main] org.apache.coyote.AbstractProtocol.init Inicializando el manejador de protocolo ["http-nio-8081"]

13-Dec-2024 11:51:33.415 INFORMACIÓN [main] org.apache.catalina.startup.Catalina.load Server initialization in [5150] milliseconds
13-Dec-2024 11:51:33.854 INFORMACIÓN [main] org.apache.catalina.core.StandardService.startInternal Arrancando servicio [Catalina]
13-Dec-2024 11:51:33.854 INFORMACIÓN [main] org.apache.catalina.core.StandardEngine.startInternal Starting Servlet engine: [Apache Tomcat/9.0.97]
13-Dec-2024 11:51:33.874 INFORMACIÓN [main] org.apache.catalina.startup.HostConfig.deployDirectory Desplegando el directorio [/Users/mariapaz/GeneradorFacturasMasivas/apache-tomcat-9.0.97/webapps/reportserver] de la aplicación web
13-Dec-2024 11:52:11.989 INFORMACIÓN [main] org.apache.jasper.servlet.TldScanner.scanJars Al menos un JAR, que se ha explorado buscando TLDs, aún no contenía TLDs. Activar historial de depuración para este historiador para una completa lista de los JARs que fueron explorados y de los que nos se halló TLDs. Saltarse JARs no necesarios durante la exploración puede dar lugar a una mejora de tiempo significativa en el arranque y compilación de JSP .
13-Dec-2024 11:54:32.170 INFORMACIÓN [main] org.apache.catalina.startup.HostConfig.deployDirectory Deployment of web application directory [/Users/mariapaz/GeneradorFacturasMasivas/apache-tomcat-9.0.97/webapps/reportserver] has finished in [178.295] ms
13-Dec-2024 11:54:32.226 INFORMACIÓN [main] org.apache.catalina.startup.HostConfig.deployDirectory Desplegando el directorio [/Users/mariapaz/GeneradorFacturasMasivas/apache-tomcat-9.0.97/webapps/docs] de la aplicación web
13-Dec-2024 11:54:33.258 INFORMACIÓN [main] org.apache.jasper.servlet.TldScanner.scanJars Al menos un JAR, que se ha explorado buscando TLDs, aún no contenía TLDs. Activar historial de depuración para este historiador para una completa lista de los JARs que fueron explorados y de los que nos se halló TLDs. Saltarse JARs no necesarios durante la exploración puede dar lugar a una mejora de tiempo significativa en el arranque y compilación de JSP .
13-Dec-2024 11:54:33.427 INFORMACIÓN [main] org.apache.catalina.startup.HostConfig.deployDirectory Deployment of web application directory [/Users/mariapaz/GeneradorFacturasMasivas/apache-tomcat-9.0.97/webapps/docs] has finished in [1.200] ms
13-Dec-2024 11:54:33.427 INFORMACIÓN [main] org.apache.catalina.startup.HostConfig.deployDirectory Desplegando el directorio [/Users/mariapaz/GeneradorFacturasMasivas/apache-tomcat-9.0.97/webapps/manager] de la aplicación web
13-Dec-2024 11:54:35.449 INFORMACIÓN [main] org.apache.jasper.servlet.TldScanner.scanJars Al menos un JAR, que se ha explorado buscando TLDs, aún no contenía TLDs. Activar historial de depuración para este historiador para una completa lista de los JARs que fueron explorados y de los que nos se halló TLDs. Saltarse JARs no necesarios durante la exploración puede dar lugar a una mejora de tiempo significativa en el arranque y compilación de JSP .
13-Dec-2024 11:54:35.479 INFORMACIÓN [main] org.apache.catalina.startup.HostConfig.deployDirectory Deployment of web application directory [/Users/mariapaz/GeneradorFacturasMasivas/apache-tomcat-9.0.97/webapps/manager] has finished in [2.051] ms
13-Dec-2024 11:54:35.479 INFORMACIÓN [main] org.apache.catalina.startup.HostConfig.deployDirectory Desplegando el directorio [/Users/mariapaz/GeneradorFacturasMasivas/apache-tomcat-9.0.97/webapps/examples] de la aplicación web
13-Dec-2024 11:54:38.890 INFORMACIÓN [main] org.apache.jasper.servlet.TldScanner.scanJars Al menos un JAR, que se ha explorado buscando TLDs, aún no contenía TLDs. Activar historial de depuración para este historiador para una completa lista de los JARs que fueron explorados y de los que nos se halló TLDs. Saltarse JARs no necesarios durante la exploración puede dar lugar a una mejora de tiempo significativa en el arranque y compilación de JSP .
13-Dec-2024 11:54:38.924 INFORMACIÓN [main] org.apache.catalina.startup.HostConfig.deployDirectory Deployment of web application directory [/Users/mariapaz/GeneradorFacturasMasivas/apache-tomcat-9.0.97/webapps/examples] has finished in [3.445] ms
13-Dec-2024 11:54:38.924 INFORMACIÓN [main] org.apache.catalina.startup.HostConfig.deployDirectory Desplegando el directorio [/Users/mariapaz/GeneradorFacturasMasivas/apache-tomcat-9.0.97/webapps/ROOT] de la aplicación web
13-Dec-2024 11:54:39.453 INFORMACIÓN [main] org.apache.jasper.servlet.TldScanner.scanJars Al menos un JAR, que se ha explorado buscando TLDs, aún no contenía TLDs. Activar historial de depuración para este historiador para una completa lista de los JARs que fueron explorados y de los que nos se halló TLDs. Saltarse JARs no necesarios durante la exploración puede dar lugar a una mejora de tiempo significativa en el arranque y compilación de JSP .
13-Dec-2024 11:54:39.457 INFORMACIÓN [main] org.apache.catalina.startup.HostConfig.deployDirectory Deployment of web application directory [/Users/mariapaz/GeneradorFacturasMasivas/apache-tomcat-9.0.97/webapps/ROOT] has finished in [532] ms
13-Dec-2024 11:54:39.457 INFORMACIÓN [main] org.apache.catalina.startup.HostConfig.deployDirectory Desplegando el directorio [/Users/mariapaz/GeneradorFacturasMasivas/apache-tomcat-9.0.97/webapps/host-manager] de la aplicación web
13-Dec-2024 11:54:40.315 INFORMACIÓN [main] org.apache.jasper.servlet.TldScanner.scanJars Al menos un JAR, que se ha explorado buscando TLDs, aún no contenía TLDs. Activar historial de depuración para este historiador para una completa lista de los JARs que fueron explorados y de los que nos se halló TLDs. Saltarse JARs no necesarios durante la exploración puede dar lugar a una mejora de tiempo significativa en el arranque y compilación de JSP .
13-Dec-2024 11:54:40.319 INFORMACIÓN [main] org.apache.catalina.startup.HostConfig.deployDirectory Deployment of web application directory [/Users/mariapaz/GeneradorFacturasMasivas/apache-tomcat-9.0.97/webapps/host-manager] has finished in [861] ms
13-Dec-2024 11:54:40.334 INFORMACIÓN [main] org.apache.coyote.AbstractProtocol.start Starting ProtocolHandler ["http-nio-8081"]
13-Dec-2024 11:54:40.366 INFORMACIÓN [main] org.apache.catalina.startup.Catalina.start Server startup in [186950] milliseconds
13-Dec-2024 12:03:46.913 INFORMACIÓN [main] org.apache.catalina.core.StandardServer.await Se ha recibido un comando de apagado a través del puerto de apagado. Parando la instancia del Servidor.
13-Dec-2024 12:03:46.916 INFORMACIÓN [main] org.apache.coyote.AbstractProtocol.pause Pausing ProtocolHandler ["http-nio-8081"]
13-Dec-2024 12:03:46.921 INFORMACIÓN [main] org.apache.catalina.core.StandardService.stopInternal Parando servicio [Catalina]
13-Dec-2024 12:03:47.584 ADVERTENCIA [main] org.apache.catalina.loader.WebappClassLoaderBase.clearReferencesJdbc La aplicación web [reportserver] registró el conductor JDBC [com.microsoft.sqlserver.jdbc.SQLServerDriver] pero falló al anular el registro mientras la aplicación web estaba parada. Para prevenir un fallo de memoria, se ha anulado el registro del conductor JDBC por la fuerza.
13-Dec-2024 12:03:47.584 ADVERTENCIA [main] org.apache.catalina.loader.WebappClassLoaderBase.clearReferencesJdbc La aplicación web [reportserver] registró el conductor JDBC [org.postgresql.Driver] pero falló al anular el registro mientras la aplicación web estaba parada. Para prevenir un fallo de memoria, se ha anulado el registro del conductor JDBC por la fuerza.
13-Dec-2024 12:03:47.585 ADVERTENCIA [main] org.apache.catalina.loader.WebappClassLoaderBase.clearReferencesJdbc La aplicación web [reportserver] registró el conductor JDBC [org.h2.Driver] pero falló al anular el registro mientras la aplicación web estaba parada. Para prevenir un fallo de memoria, se ha anulado el registro del conductor JDBC por la fuerza.
13-Dec-2024 12:03:47.585 ADVERTENCIA [main] org.apache.catalina.loader.WebappClassLoaderBase.clearReferencesJdbc La aplicación web [reportserver] registró el conductor JDBC [org.hsqldb.jdbc.JDBCDriver] pero falló al anular el registro mientras la aplicación web estaba parada. Para prevenir un fallo de memoria, se ha anulado el registro del conductor JDBC por la fuerza.
13-Dec-2024 12:03:47.585 ADVERTENCIA [main] org.apache.catalina.loader.WebappClassLoaderBase.clearReferencesJdbc La aplicación web [reportserver] registró el conductor JDBC [org.mariadb.jdbc.Driver] pero falló al anular el registro mientras la aplicación web estaba parada. Para prevenir un fallo de memoria, se ha anulado el registro del conductor JDBC por la fuerza.
13-Dec-2024 12:03:47.585 ADVERTENCIA [main] org.apache.catalina.loader.WebappClassLoaderBase.clearReferencesJdbc La aplicación web [reportserver] registró el conductor JDBC [com.mysql.cj.jdbc.Driver] pero falló al anular el registro mientras la aplicación web estaba parada. Para prevenir un fallo de memoria, se ha anulado el registro del conductor JDBC por la fuerza.
13-Dec-2024 12:03:47.586 ADVERTENCIA [main] org.apache.catalina.loader.WebappClassLoaderBase.clearReferencesJdbc La aplicación web [reportserver] registró el conductor JDBC [org.sqlite.JDBC] pero falló al anular el registro mientras la aplicación web estaba parada. Para prevenir un fallo de memoria, se ha anulado el registro del conductor JDBC por la fuerza.
13-Dec-2024 12:03:47.618 ADVERTENCIA [main] org.apache.catalina.loader.WebappClassLoaderBase.clearReferencesThreads The web application [reportserver] appears to have started a thread named [org.apache.commons.vfs2.cache.SoftRefFilesCache$ReleaseThread] but has failed to stop it. This is very likely to create a memory leak. Stack trace of thread:
 java.base@17.0.8.1/java.lang.Object.wait(Native Method)
 java.base@17.0.8.1/java.lang.ref.ReferenceQueue.remove(ReferenceQueue.java:155)
 org.apache.commons.vfs2.cache.SoftRefFilesCache$ReleaseThread.run(SoftRefFilesCache.java:54)
13-Dec-2024 12:03:47.621 ADVERTENCIA [main] org.apache.catalina.loader.WebappClassLoaderBase.clearReferencesThreads The web application [reportserver] appears to have started a thread named [C3P0PooledConnectionPoolManager[identityToken->z8kfltb71hj6j6ctffg3d|1fefdec6]-AdminTaskTimer] but has failed to stop it. This is very likely to create a memory leak. Stack trace of thread:
 java.base@17.0.8.1/java.lang.Object.wait(Native Method)
 java.base@17.0.8.1/java.util.TimerThread.mainLoop(Timer.java:563)
 java.base@17.0.8.1/java.util.TimerThread.run(Timer.java:516)
13-Dec-2024 12:03:47.633 ADVERTENCIA [main] org.apache.catalina.loader.WebappClassLoaderBase.clearReferencesThreads The web application [reportserver] appears to have started a thread named [C3P0PooledConnectionPoolManager[identityToken->z8kfltb71hj6j6ctffg3d|1fefdec6]-HelperThread-#0] but has failed to stop it. This is very likely to create a memory leak. Stack trace of thread:
 java.base@17.0.8.1/java.lang.Object.wait(Native Method)
 com.mchange.v2.async.ThreadPoolAsynchronousRunner$PoolThread.run(ThreadPoolAsynchronousRunner.java:683)
13-Dec-2024 12:03:47.634 ADVERTENCIA [main] org.apache.catalina.loader.WebappClassLoaderBase.clearReferencesThreads The web application [reportserver] appears to have started a thread named [C3P0PooledConnectionPoolManager[identityToken->z8kfltb71hj6j6ctffg3d|1fefdec6]-HelperThread-#1] but has failed to stop it. This is very likely to create a memory leak. Stack trace of thread:
 java.base@17.0.8.1/java.lang.Object.wait(Native Method)
 com.mchange.v2.async.ThreadPoolAsynchronousRunner$PoolThread.run(ThreadPoolAsynchronousRunner.java:683)
13-Dec-2024 12:03:47.635 ADVERTENCIA [main] org.apache.catalina.loader.WebappClassLoaderBase.clearReferencesThreads The web application [reportserver] appears to have started a thread named [C3P0PooledConnectionPoolManager[identityToken->z8kfltb71hj6j6ctffg3d|1fefdec6]-HelperThread-#2] but has failed to stop it. This is very likely to create a memory leak. Stack trace of thread:
 java.base@17.0.8.1/java.lang.Object.wait(Native Method)
 com.mchange.v2.async.ThreadPoolAsynchronousRunner$PoolThread.run(ThreadPoolAsynchronousRunner.java:683)
13-Dec-2024 12:03:47.636 ADVERTENCIA [main] org.apache.catalina.loader.WebappClassLoaderBase.clearReferencesThreads The web application [reportserver] appears to have started a thread named [dwdaemon-JpaEventLoggerServiceImpl-1] but has failed to stop it. This is very likely to create a memory leak. Stack trace of thread:
 java.base@17.0.8.1/java.lang.Thread.sleep(Native Method)
 net.datenwerke.rs.utils.daemon.DwDaemonImpl.run(DwDaemonImpl.java:52)
 java.base@17.0.8.1/java.lang.Thread.run(Thread.java:833)
13-Dec-2024 12:03:47.637 ADVERTENCIA [main] org.apache.catalina.loader.WebappClassLoaderBase.clearReferencesThreads The web application [reportserver] appears to have started a thread named [dwdaemon-watchdog-JpaEventLoggerServiceImpl] but has failed to stop it. This is very likely to create a memory leak. Stack trace of thread:
 java.base@17.0.8.1/java.lang.Thread.sleep(Native Method)
 net.datenwerke.rs.utils.daemon.DwDaemonWatchdog.run(DwDaemonWatchdog.java:30)
 java.base@17.0.8.1/java.lang.Thread.run(Thread.java:833)
13-Dec-2024 12:03:47.640 ADVERTENCIA [main] org.apache.catalina.loader.WebappClassLoaderBase.clearReferencesThreads The web application [reportserver] appears to have started a thread named [Thread-21] but has failed to stop it. This is very likely to create a memory leak. Stack trace of thread:
 java.base@17.0.8.1/sun.nio.ch.KQueue.poll(Native Method)
 java.base@17.0.8.1/sun.nio.ch.KQueuePort$EventHandlerTask.poll(KQueuePort.java:200)
 java.base@17.0.8.1/sun.nio.ch.KQueuePort$EventHandlerTask.run(KQueuePort.java:287)
 java.base@17.0.8.1/java.lang.Thread.run(Thread.java:833)
13-Dec-2024 12:03:47.647 ADVERTENCIA [main] org.apache.catalina.loader.WebappClassLoaderBase.clearReferencesThreads The web application [reportserver] appears to have started a thread named [sshd-SshServer[431a45a8](port=8022)-timer-thread-1] but has failed to stop it. This is very likely to create a memory leak. Stack trace of thread:
 java.base@17.0.8.1/jdk.internal.misc.Unsafe.park(Native Method)
 java.base@17.0.8.1/java.util.concurrent.locks.LockSupport.parkNanos(LockSupport.java:252)
 java.base@17.0.8.1/java.util.concurrent.locks.AbstractQueuedSynchronizer$ConditionObject.awaitNanos(AbstractQueuedSynchronizer.java:1672)
 java.base@17.0.8.1/java.util.concurrent.ScheduledThreadPoolExecutor$DelayedWorkQueue.take(ScheduledThreadPoolExecutor.java:1182)
 java.base@17.0.8.1/java.util.concurrent.ScheduledThreadPoolExecutor$DelayedWorkQueue.take(ScheduledThreadPoolExecutor.java:899)
 java.base@17.0.8.1/java.util.concurrent.ThreadPoolExecutor.getTask(ThreadPoolExecutor.java:1062)
 java.base@17.0.8.1/java.util.concurrent.ThreadPoolExecutor.runWorker(ThreadPoolExecutor.java:1122)
 java.base@17.0.8.1/java.util.concurrent.ThreadPoolExecutor$Worker.run(ThreadPoolExecutor.java:635)
 java.base@17.0.8.1/java.lang.Thread.run(Thread.java:833)
13-Dec-2024 12:03:47.649 ADVERTENCIA [main] org.apache.catalina.loader.WebappClassLoaderBase.clearReferencesThreads The web application [reportserver] appears to have started a thread named [dwdaemon-MaintenanceServiceImpl-1] but has failed to stop it. This is very likely to create a memory leak. Stack trace of thread:
 java.base@17.0.8.1/java.lang.Thread.sleep(Native Method)
 net.datenwerke.rs.utils.daemon.DwDaemonImpl.run(DwDaemonImpl.java:52)
 java.base@17.0.8.1/java.lang.Thread.run(Thread.java:833)
13-Dec-2024 12:03:47.651 ADVERTENCIA [main] org.apache.catalina.loader.WebappClassLoaderBase.clearReferencesThreads The web application [reportserver] appears to have started a thread named [dwdaemon-watchdog-MaintenanceServiceImpl] but has failed to stop it. This is very likely to create a memory leak. Stack trace of thread:
 java.base@17.0.8.1/java.lang.Thread.sleep(Native Method)
 net.datenwerke.rs.utils.daemon.DwDaemonWatchdog.run(DwDaemonWatchdog.java:30)
 java.base@17.0.8.1/java.lang.Thread.run(Thread.java:833)
13-Dec-2024 12:03:47.653 ADVERTENCIA [main] org.apache.catalina.loader.WebappClassLoaderBase.clearReferencesThreads The web application [reportserver] appears to have started a thread named [mysql-cj-abandoned-connection-cleanup] but has failed to stop it. This is very likely to create a memory leak. Stack trace of thread:
 java.base@17.0.8.1/java.lang.Object.wait(Native Method)
 java.base@17.0.8.1/java.lang.ref.ReferenceQueue.remove(ReferenceQueue.java:155)
 com.mysql.cj.jdbc.AbandonedConnectionCleanupThread.run(AbandonedConnectionCleanupThread.java:84)
 java.base@17.0.8.1/java.util.concurrent.ThreadPoolExecutor.runWorker(ThreadPoolExecutor.java:1136)
 java.base@17.0.8.1/java.util.concurrent.ThreadPoolExecutor$Worker.run(ThreadPoolExecutor.java:635)
 java.base@17.0.8.1/java.lang.Thread.run(Thread.java:833)
13-Dec-2024 12:03:47.654 ADVERTENCIA [main] org.apache.catalina.loader.WebappClassLoaderBase.clearReferencesThreads The web application [reportserver] appears to have started a thread named [PrinterListener] but has failed to stop it. This is very likely to create a memory leak. Stack trace of thread:
 java.base@17.0.8.1/java.lang.Thread.sleep(Native Method)
 java.desktop@17.0.8.1/sun.print.PrintServiceLookupProvider$PrinterChangeListener.run(PrintServiceLookupProvider.java:961)
 java.base@17.0.8.1/java.lang.Thread.run(Thread.java:833)
13-Dec-2024 12:03:47.654 ADVERTENCIA [main] org.apache.catalina.loader.WebappClassLoaderBase.clearReferencesThreads The web application [reportserver] appears to have started a thread named [scheduler-watchdog] but has failed to stop it. This is very likely to create a memory leak. Stack trace of thread:
 java.base@17.0.8.1/java.lang.Thread.sleep(Native Method)
 net.datenwerke.scheduler.service.scheduler.SchedulerWatchdog.run(SchedulerWatchdog.java:32)
 java.base@17.0.8.1/java.lang.Thread.run(Thread.java:833)
13-Dec-2024 12:03:47.736 INFORMACIÓN [main] org.apache.coyote.AbstractProtocol.stop Stopping ProtocolHandler ["http-nio-8081"]
13-Dec-2024 12:03:47.790 INFORMACIÓN [main] org.apache.coyote.AbstractProtocol.destroy Destroying ProtocolHandler ["http-nio-8081"]
13-Dec-2024 12:03:48.846 INFORMACIÓN [main] org.apache.catalina.startup.VersionLoggerListener.log Nombre de la versión del servidor: Apache Tomcat/9.0.97
13-Dec-2024 12:03:48.866 INFORMACIÓN [main] org.apache.catalina.startup.VersionLoggerListener.log Server built:                      Nov 6 2024 19:55:19 UTC
13-Dec-2024 12:03:48.866 INFORMACIÓN [main] org.apache.catalina.startup.VersionLoggerListener.log Número de versión de servidor:     9.0.97.0
13-Dec-2024 12:03:48.866 INFORMACIÓN [main] org.apache.catalina.startup.VersionLoggerListener.log OS Name:                           Mac OS X
13-Dec-2024 12:03:48.867 INFORMACIÓN [main] org.apache.catalina.startup.VersionLoggerListener.log Versión de Systema Operativo:      13.6.4
13-Dec-2024 12:03:48.869 INFORMACIÓN [main] org.apache.catalina.startup.VersionLoggerListener.log Arquitectura:                      x86_64
13-Dec-2024 12:03:48.870 INFORMACIÓN [main] org.apache.catalina.startup.VersionLoggerListener.log Java Home:                         /Users/mariapaz/.sdkman/candidates/java/17.0.8.1-tem
13-Dec-2024 12:03:48.870 INFORMACIÓN [main] org.apache.catalina.startup.VersionLoggerListener.log JVM Version:                       17.0.8.1+1
13-Dec-2024 12:03:48.870 INFORMACIÓN [main] org.apache.catalina.startup.VersionLoggerListener.log Vededor JVM:                       Eclipse Adoptium
13-Dec-2024 12:03:48.870 INFORMACIÓN [main] org.apache.catalina.startup.VersionLoggerListener.log CATALINA_BASE:                     /Users/mariapaz/GeneradorFacturasMasivas/apache-tomcat-9.0.97
13-Dec-2024 12:03:48.871 INFORMACIÓN [main] org.apache.catalina.startup.VersionLoggerListener.log CATALINA_HOME:                     /Users/mariapaz/GeneradorFacturasMasivas/apache-tomcat-9.0.97
13-Dec-2024 12:03:48.883 INFORMACIÓN [main] org.apache.catalina.startup.VersionLoggerListener.log Command line argument:             --add-opens=java.base/java.lang=ALL-UNNAMED
13-Dec-2024 12:03:48.883 INFORMACIÓN [main] org.apache.catalina.startup.VersionLoggerListener.log Command line argument:             --add-opens=java.base/java.io=ALL-UNNAMED
13-Dec-2024 12:03:48.884 INFORMACIÓN [main] org.apache.catalina.startup.VersionLoggerListener.log Command line argument:             --add-opens=java.base/java.util=ALL-UNNAMED
13-Dec-2024 12:03:48.884 INFORMACIÓN [main] org.apache.catalina.startup.VersionLoggerListener.log Command line argument:             --add-opens=java.base/java.util.concurrent=ALL-UNNAMED
13-Dec-2024 12:03:48.884 INFORMACIÓN [main] org.apache.catalina.startup.VersionLoggerListener.log Command line argument:             --add-opens=java.rmi/sun.rmi.transport=ALL-UNNAMED
13-Dec-2024 12:03:48.884 INFORMACIÓN [main] org.apache.catalina.startup.VersionLoggerListener.log Command line argument:             -Djava.util.logging.config.file=/Users/mariapaz/GeneradorFacturasMasivas/apache-tomcat-9.0.97/conf/logging.properties
13-Dec-2024 12:03:48.884 INFORMACIÓN [main] org.apache.catalina.startup.VersionLoggerListener.log Command line argument:             -Djava.util.logging.manager=org.apache.juli.ClassLoaderLogManager
13-Dec-2024 12:03:48.885 INFORMACIÓN [main] org.apache.catalina.startup.VersionLoggerListener.log Command line argument:             -Djava.security.egd=file:/dev/urandom
13-Dec-2024 12:03:48.885 INFORMACIÓN [main] org.apache.catalina.startup.VersionLoggerListener.log Command line argument:             -Djdk.tls.ephemeralDHKeySize=2048
13-Dec-2024 12:03:48.885 INFORMACIÓN [main] org.apache.catalina.startup.VersionLoggerListener.log Command line argument:             -Djava.protocol.handler.pkgs=org.apache.catalina.webresources
13-Dec-2024 12:03:48.885 INFORMACIÓN [main] org.apache.catalina.startup.VersionLoggerListener.log Command line argument:             -Dorg.apache.catalina.security.SecurityListener.UMASK=0027
13-Dec-2024 12:03:48.885 INFORMACIÓN [main] org.apache.catalina.startup.VersionLoggerListener.log Command line argument:             -Drs.configdir=/Users/mariapaz/GeneradorFacturasMasivas/apache-tomcat-9.0.97/webapps/reportserver/WEB-INF
13-Dec-2024 12:03:48.886 INFORMACIÓN [main] org.apache.catalina.startup.VersionLoggerListener.log Command line argument:             -Xmx4096M
13-Dec-2024 12:03:48.886 INFORMACIÓN [main] org.apache.catalina.startup.VersionLoggerListener.log Command line argument:             -Dfile.encoding=UTF8
13-Dec-2024 12:03:48.887 INFORMACIÓN [main] org.apache.catalina.startup.VersionLoggerListener.log Command line argument:             --add-opens=java.base/java.net=ALL-UNNAMED
13-Dec-2024 12:03:48.887 INFORMACIÓN [main] org.apache.catalina.startup.VersionLoggerListener.log Command line argument:             --add-opens=java.base/jdk.internal.ref=ALL-UNNAMED
13-Dec-2024 12:03:48.888 INFORMACIÓN [main] org.apache.catalina.startup.VersionLoggerListener.log Command line argument:             --add-opens=java.base/jdk.internal.reflect=ALL-UNNAMED
13-Dec-2024 12:03:48.888 INFORMACIÓN [main] org.apache.catalina.startup.VersionLoggerListener.log Command line argument:             --add-opens=java.base/java.lang.invoke=ALL-UNNAMED
13-Dec-2024 12:03:48.888 INFORMACIÓN [main] org.apache.catalina.startup.VersionLoggerListener.log Command line argument:             --add-opens=java.base/java.util=ALL-UNNAMED
13-Dec-2024 12:03:48.888 INFORMACIÓN [main] org.apache.catalina.startup.VersionLoggerListener.log Command line argument:             --add-opens=java.base/java.lang.ref=ALL-UNNAMED
13-Dec-2024 12:03:48.889 INFORMACIÓN [main] org.apache.catalina.startup.VersionLoggerListener.log Command line argument:             --add-opens=java.base/java.lang.reflect=ALL-UNNAMED
13-Dec-2024 12:03:48.889 INFORMACIÓN [main] org.apache.catalina.startup.VersionLoggerListener.log Command line argument:             --add-opens=java.base/sun.reflect.generics.repository=ALL-UNNAMED
13-Dec-2024 12:03:48.889 INFORMACIÓN [main] org.apache.catalina.startup.VersionLoggerListener.log Command line argument:             -Dignore.endorsed.dirs=
13-Dec-2024 12:03:48.891 INFORMACIÓN [main] org.apache.catalina.startup.VersionLoggerListener.log Command line argument:             -Dcatalina.base=/Users/mariapaz/GeneradorFacturasMasivas/apache-tomcat-9.0.97
13-Dec-2024 12:03:48.892 INFORMACIÓN [main] org.apache.catalina.startup.VersionLoggerListener.log Command line argument:             -Dcatalina.home=/Users/mariapaz/GeneradorFacturasMasivas/apache-tomcat-9.0.97
13-Dec-2024 12:03:48.892 INFORMACIÓN [main] org.apache.catalina.startup.VersionLoggerListener.log Command line argument:             -Djava.io.tmpdir=/Users/mariapaz/GeneradorFacturasMasivas/apache-tomcat-9.0.97/temp
13-Dec-2024 12:03:48.945 INFORMACIÓN [main] org.apache.catalina.core.AprLifecycleListener.lifecycleEvent La biblioteca nativa de Apache Tomcat basada en ARP que permite un rendimiento óptimo en entornos de desarrollo no ha sido hallada en java.library.path: [/Users/mariapaz/Library/Java/Extensions:/Library/Java/Extensions:/Network/Library/Java/Extensions:/System/Library/Java/Extensions:/usr/lib/java:.]
13-Dec-2024 12:03:51.129 INFORMACIÓN [main] org.apache.coyote.AbstractProtocol.init Inicializando el manejador de protocolo ["http-nio-8081"]

13-Dec-2024 12:03:51.249 INFORMACIÓN [main] org.apache.catalina.startup.Catalina.load Server initialization in [3112] milliseconds
13-Dec-2024 12:03:51.494 INFORMACIÓN [main] org.apache.catalina.core.StandardService.startInternal Arrancando servicio [Catalina]
13-Dec-2024 12:03:51.495 INFORMACIÓN [main] org.apache.catalina.core.StandardEngine.startInternal Starting Servlet engine: [Apache Tomcat/9.0.97]
13-Dec-2024 12:03:51.520 INFORMACIÓN [main] org.apache.catalina.startup.HostConfig.deployDirectory Desplegando el directorio [/Users/mariapaz/GeneradorFacturasMasivas/apache-tomcat-9.0.97/webapps/reportserver] de la aplicación web
13-Dec-2024 12:04:23.679 INFORMACIÓN [main] org.apache.jasper.servlet.TldScanner.scanJars Al menos un JAR, que se ha explorado buscando TLDs, aún no contenía TLDs. Activar historial de depuración para este historiador para una completa lista de los JARs que fueron explorados y de los que nos se halló TLDs. Saltarse JARs no necesarios durante la exploración puede dar lugar a una mejora de tiempo significativa en el arranque y compilación de JSP .
13-Dec-2024 12:06:27.832 INFORMACIÓN [main] org.apache.catalina.startup.HostConfig.deployDirectory Deployment of web application directory [/Users/mariapaz/GeneradorFacturasMasivas/apache-tomcat-9.0.97/webapps/reportserver] has finished in [156.312] ms
13-Dec-2024 12:06:27.853 INFORMACIÓN [main] org.apache.catalina.startup.HostConfig.deployDirectory Desplegando el directorio [/Users/mariapaz/GeneradorFacturasMasivas/apache-tomcat-9.0.97/webapps/docs] de la aplicación web
13-Dec-2024 12:06:28.540 INFORMACIÓN [main] org.apache.jasper.servlet.TldScanner.scanJars Al menos un JAR, que se ha explorado buscando TLDs, aún no contenía TLDs. Activar historial de depuración para este historiador para una completa lista de los JARs que fueron explorados y de los que nos se halló TLDs. Saltarse JARs no necesarios durante la exploración puede dar lugar a una mejora de tiempo significativa en el arranque y compilación de JSP .
13-Dec-2024 12:06:28.543 INFORMACIÓN [main] org.apache.catalina.startup.HostConfig.deployDirectory Deployment of web application directory [/Users/mariapaz/GeneradorFacturasMasivas/apache-tomcat-9.0.97/webapps/docs] has finished in [691] ms
13-Dec-2024 12:06:28.544 INFORMACIÓN [main] org.apache.catalina.startup.HostConfig.deployDirectory Desplegando el directorio [/Users/mariapaz/GeneradorFacturasMasivas/apache-tomcat-9.0.97/webapps/manager] de la aplicación web
13-Dec-2024 12:06:29.212 INFORMACIÓN [main] org.apache.jasper.servlet.TldScanner.scanJars Al menos un JAR, que se ha explorado buscando TLDs, aún no contenía TLDs. Activar historial de depuración para este historiador para una completa lista de los JARs que fueron explorados y de los que nos se halló TLDs. Saltarse JARs no necesarios durante la exploración puede dar lugar a una mejora de tiempo significativa en el arranque y compilación de JSP .
13-Dec-2024 12:06:29.225 INFORMACIÓN [main] org.apache.catalina.startup.HostConfig.deployDirectory Deployment of web application directory [/Users/mariapaz/GeneradorFacturasMasivas/apache-tomcat-9.0.97/webapps/manager] has finished in [681] ms
13-Dec-2024 12:06:29.226 INFORMACIÓN [main] org.apache.catalina.startup.HostConfig.deployDirectory Desplegando el directorio [/Users/mariapaz/GeneradorFacturasMasivas/apache-tomcat-9.0.97/webapps/examples] de la aplicación web
13-Dec-2024 12:06:30.757 INFORMACIÓN [main] org.apache.jasper.servlet.TldScanner.scanJars Al menos un JAR, que se ha explorado buscando TLDs, aún no contenía TLDs. Activar historial de depuración para este historiador para una completa lista de los JARs que fueron explorados y de los que nos se halló TLDs. Saltarse JARs no necesarios durante la exploración puede dar lugar a una mejora de tiempo significativa en el arranque y compilación de JSP .
13-Dec-2024 12:06:30.791 INFORMACIÓN [main] org.apache.catalina.startup.HostConfig.deployDirectory Deployment of web application directory [/Users/mariapaz/GeneradorFacturasMasivas/apache-tomcat-9.0.97/webapps/examples] has finished in [1.565] ms
13-Dec-2024 12:06:30.792 INFORMACIÓN [main] org.apache.catalina.startup.HostConfig.deployDirectory Desplegando el directorio [/Users/mariapaz/GeneradorFacturasMasivas/apache-tomcat-9.0.97/webapps/ROOT] de la aplicación web
13-Dec-2024 12:06:31.307 INFORMACIÓN [main] org.apache.jasper.servlet.TldScanner.scanJars Al menos un JAR, que se ha explorado buscando TLDs, aún no contenía TLDs. Activar historial de depuración para este historiador para una completa lista de los JARs que fueron explorados y de los que nos se halló TLDs. Saltarse JARs no necesarios durante la exploración puede dar lugar a una mejora de tiempo significativa en el arranque y compilación de JSP .
13-Dec-2024 12:06:31.311 INFORMACIÓN [main] org.apache.catalina.startup.HostConfig.deployDirectory Deployment of web application directory [/Users/mariapaz/GeneradorFacturasMasivas/apache-tomcat-9.0.97/webapps/ROOT] has finished in [518] ms
13-Dec-2024 12:06:31.311 INFORMACIÓN [main] org.apache.catalina.startup.HostConfig.deployDirectory Desplegando el directorio [/Users/mariapaz/GeneradorFacturasMasivas/apache-tomcat-9.0.97/webapps/host-manager] de la aplicación web
13-Dec-2024 12:06:31.876 INFORMACIÓN [main] org.apache.jasper.servlet.TldScanner.scanJars Al menos un JAR, que se ha explorado buscando TLDs, aún no contenía TLDs. Activar historial de depuración para este historiador para una completa lista de los JARs que fueron explorados y de los que nos se halló TLDs. Saltarse JARs no necesarios durante la exploración puede dar lugar a una mejora de tiempo significativa en el arranque y compilación de JSP .
13-Dec-2024 12:06:31.907 INFORMACIÓN [main] org.apache.catalina.startup.HostConfig.deployDirectory Deployment of web application directory [/Users/mariapaz/GeneradorFacturasMasivas/apache-tomcat-9.0.97/webapps/host-manager] has finished in [596] ms
13-Dec-2024 12:06:31.914 INFORMACIÓN [main] org.apache.coyote.AbstractProtocol.start Starting ProtocolHandler ["http-nio-8081"]
13-Dec-2024 12:06:31.931 INFORMACIÓN [main] org.apache.catalina.startup.Catalina.start Server startup in [160685] milliseconds
13-Dec-2024 12:10:58.169 INFORMACIÓN [main] org.apache.catalina.core.StandardServer.await Se ha recibido un comando de apagado a través del puerto de apagado. Parando la instancia del Servidor.
13-Dec-2024 12:10:58.170 INFORMACIÓN [main] org.apache.coyote.AbstractProtocol.pause Pausing ProtocolHandler ["http-nio-8081"]
13-Dec-2024 12:10:58.174 INFORMACIÓN [main] org.apache.catalina.core.StandardService.stopInternal Parando servicio [Catalina]
13-Dec-2024 12:10:59.054 ADVERTENCIA [main] org.apache.catalina.loader.WebappClassLoaderBase.clearReferencesJdbc La aplicación web [reportserver] registró el conductor JDBC [com.microsoft.sqlserver.jdbc.SQLServerDriver] pero falló al anular el registro mientras la aplicación web estaba parada. Para prevenir un fallo de memoria, se ha anulado el registro del conductor JDBC por la fuerza.
13-Dec-2024 12:10:59.055 ADVERTENCIA [main] org.apache.catalina.loader.WebappClassLoaderBase.clearReferencesThreads The web application [reportserver] appears to have started a thread named [org.apache.commons.vfs2.cache.SoftRefFilesCache$ReleaseThread] but has failed to stop it. This is very likely to create a memory leak. Stack trace of thread:
 java.base@17.0.8.1/java.lang.Object.wait(Native Method)
 java.base@17.0.8.1/java.lang.ref.ReferenceQueue.remove(ReferenceQueue.java:155)
 org.apache.commons.vfs2.cache.SoftRefFilesCache$ReleaseThread.run(SoftRefFilesCache.java:54)
13-Dec-2024 12:10:59.143 ADVERTENCIA [main] org.apache.catalina.loader.WebappClassLoaderBase.clearReferencesThreads The web application [reportserver] appears to have started a thread named [C3P0PooledConnectionPoolManager[identityToken->z8kfltb71hjm7uh1ityelv|45518455]-AdminTaskTimer] but has failed to stop it. This is very likely to create a memory leak. Stack trace of thread:
 java.base@17.0.8.1/java.lang.Object.wait(Native Method)
 java.base@17.0.8.1/java.util.TimerThread.mainLoop(Timer.java:563)
 java.base@17.0.8.1/java.util.TimerThread.run(Timer.java:516)
13-Dec-2024 12:10:59.144 ADVERTENCIA [main] org.apache.catalina.loader.WebappClassLoaderBase.clearReferencesThreads The web application [reportserver] appears to have started a thread named [C3P0PooledConnectionPoolManager[identityToken->z8kfltb71hjm7uh1ityelv|45518455]-HelperThread-#0] but has failed to stop it. This is very likely to create a memory leak. Stack trace of thread:
 java.base@17.0.8.1/java.lang.Object.wait(Native Method)
 com.mchange.v2.async.ThreadPoolAsynchronousRunner$PoolThread.run(ThreadPoolAsynchronousRunner.java:683)
13-Dec-2024 12:10:59.150 ADVERTENCIA [main] org.apache.catalina.loader.WebappClassLoaderBase.clearReferencesThreads The web application [reportserver] appears to have started a thread named [C3P0PooledConnectionPoolManager[identityToken->z8kfltb71hjm7uh1ityelv|45518455]-HelperThread-#1] but has failed to stop it. This is very likely to create a memory leak. Stack trace of thread:
 java.base@17.0.8.1/java.lang.Object.wait(Native Method)
 com.mchange.v2.async.ThreadPoolAsynchronousRunner$PoolThread.run(ThreadPoolAsynchronousRunner.java:683)
13-Dec-2024 12:10:59.153 ADVERTENCIA [main] org.apache.catalina.loader.WebappClassLoaderBase.clearReferencesThreads The web application [reportserver] appears to have started a thread named [C3P0PooledConnectionPoolManager[identityToken->z8kfltb71hjm7uh1ityelv|45518455]-HelperThread-#2] but has failed to stop it. This is very likely to create a memory leak. Stack trace of thread:
 java.base@17.0.8.1/java.lang.Object.wait(Native Method)
 com.mchange.v2.async.ThreadPoolAsynchronousRunner$PoolThread.run(ThreadPoolAsynchronousRunner.java:683)
13-Dec-2024 12:10:59.154 ADVERTENCIA [main] org.apache.catalina.loader.WebappClassLoaderBase.clearReferencesThreads The web application [reportserver] appears to have started a thread named [dwdaemon-JpaEventLoggerServiceImpl-1] but has failed to stop it. This is very likely to create a memory leak. Stack trace of thread:
 java.base@17.0.8.1/java.lang.Thread.sleep(Native Method)
 net.datenwerke.rs.utils.daemon.DwDaemonImpl.run(DwDaemonImpl.java:52)
 java.base@17.0.8.1/java.lang.Thread.run(Thread.java:833)
13-Dec-2024 12:10:59.166 ADVERTENCIA [main] org.apache.catalina.loader.WebappClassLoaderBase.clearReferencesThreads The web application [reportserver] appears to have started a thread named [dwdaemon-watchdog-JpaEventLoggerServiceImpl] but has failed to stop it. This is very likely to create a memory leak. Stack trace of thread:
 java.base@17.0.8.1/java.lang.Thread.sleep(Native Method)
 net.datenwerke.rs.utils.daemon.DwDaemonWatchdog.run(DwDaemonWatchdog.java:30)
 java.base@17.0.8.1/java.lang.Thread.run(Thread.java:833)
13-Dec-2024 12:10:59.166 ADVERTENCIA [main] org.apache.catalina.loader.WebappClassLoaderBase.clearReferencesThreads The web application [reportserver] appears to have started a thread named [Thread-21] but has failed to stop it. This is very likely to create a memory leak. Stack trace of thread:
 java.base@17.0.8.1/sun.nio.ch.KQueue.poll(Native Method)
 java.base@17.0.8.1/sun.nio.ch.KQueuePort$EventHandlerTask.poll(KQueuePort.java:200)
 java.base@17.0.8.1/sun.nio.ch.KQueuePort$EventHandlerTask.run(KQueuePort.java:287)
 java.base@17.0.8.1/java.lang.Thread.run(Thread.java:833)
13-Dec-2024 12:10:59.167 ADVERTENCIA [main] org.apache.catalina.loader.WebappClassLoaderBase.clearReferencesThreads The web application [reportserver] appears to have started a thread named [sshd-SshServer[6dc18bc3](port=8022)-timer-thread-1] but has failed to stop it. This is very likely to create a memory leak. Stack trace of thread:
 java.base@17.0.8.1/jdk.internal.misc.Unsafe.park(Native Method)
 java.base@17.0.8.1/java.util.concurrent.locks.LockSupport.parkNanos(LockSupport.java:252)
 java.base@17.0.8.1/java.util.concurrent.locks.AbstractQueuedSynchronizer$ConditionObject.awaitNanos(AbstractQueuedSynchronizer.java:1672)
 java.base@17.0.8.1/java.util.concurrent.ScheduledThreadPoolExecutor$DelayedWorkQueue.take(ScheduledThreadPoolExecutor.java:1182)
 java.base@17.0.8.1/java.util.concurrent.ScheduledThreadPoolExecutor$DelayedWorkQueue.take(ScheduledThreadPoolExecutor.java:899)
 java.base@17.0.8.1/java.util.concurrent.ThreadPoolExecutor.getTask(ThreadPoolExecutor.java:1062)
 java.base@17.0.8.1/java.util.concurrent.ThreadPoolExecutor.runWorker(ThreadPoolExecutor.java:1122)
 java.base@17.0.8.1/java.util.concurrent.ThreadPoolExecutor$Worker.run(ThreadPoolExecutor.java:635)
 java.base@17.0.8.1/java.lang.Thread.run(Thread.java:833)
13-Dec-2024 12:10:59.168 ADVERTENCIA [main] org.apache.catalina.loader.WebappClassLoaderBase.clearReferencesThreads The web application [reportserver] appears to have started a thread named [dwdaemon-MaintenanceServiceImpl-1] but has failed to stop it. This is very likely to create a memory leak. Stack trace of thread:
 java.base@17.0.8.1/java.lang.Thread.sleep(Native Method)
 net.datenwerke.rs.utils.daemon.DwDaemonImpl.run(DwDaemonImpl.java:52)
 java.base@17.0.8.1/java.lang.Thread.run(Thread.java:833)
13-Dec-2024 12:10:59.169 ADVERTENCIA [main] org.apache.catalina.loader.WebappClassLoaderBase.clearReferencesThreads The web application [reportserver] appears to have started a thread named [dwdaemon-watchdog-MaintenanceServiceImpl] but has failed to stop it. This is very likely to create a memory leak. Stack trace of thread:
 java.base@17.0.8.1/java.lang.Thread.sleep(Native Method)
 net.datenwerke.rs.utils.daemon.DwDaemonWatchdog.run(DwDaemonWatchdog.java:30)
 java.base@17.0.8.1/java.lang.Thread.run(Thread.java:833)
13-Dec-2024 12:10:59.171 ADVERTENCIA [main] org.apache.catalina.loader.WebappClassLoaderBase.clearReferencesThreads The web application [reportserver] appears to have started a thread named [scheduler-watchdog] but has failed to stop it. This is very likely to create a memory leak. Stack trace of thread:
 java.base@17.0.8.1/java.lang.Thread.sleep(Native Method)
 net.datenwerke.scheduler.service.scheduler.SchedulerWatchdog.run(SchedulerWatchdog.java:32)
 java.base@17.0.8.1/java.lang.Thread.run(Thread.java:833)
13-Dec-2024 12:10:59.172 GRAVE [main] org.apache.catalina.loader.WebappClassLoaderBase.checkThreadLocalMapForLeaks La aplicación web [reportserver] creó un ThreadLocal con clave del tipo [java.lang.ThreadLocal] (valor [java.lang.ThreadLocal@14ee10e7]) y un valor del tipo [org.hibernate.internal.SessionImpl] (valor [SessionImpl(887549571<closed>)]) pero no pudo quitarlo cuando la aplicación web se paró. Los hilos se van a renovar con el tiempo para intentar evitar in posible fallo de memoria.
13-Dec-2024 12:10:59.307 INFORMACIÓN [main] org.apache.coyote.AbstractProtocol.stop Stopping ProtocolHandler ["http-nio-8081"]
13-Dec-2024 12:10:59.316 INFORMACIÓN [main] org.apache.coyote.AbstractProtocol.destroy Destroying ProtocolHandler ["http-nio-8081"]
13-Dec-2024 12:11:01.919 INFORMACIÓN [main] org.apache.catalina.startup.VersionLoggerListener.log Nombre de la versión del servidor: Apache Tomcat/9.0.97
13-Dec-2024 12:11:01.932 INFORMACIÓN [main] org.apache.catalina.startup.VersionLoggerListener.log Server built:                      Nov 6 2024 19:55:19 UTC
13-Dec-2024 12:11:01.935 INFORMACIÓN [main] org.apache.catalina.startup.VersionLoggerListener.log Número de versión de servidor:     9.0.97.0
13-Dec-2024 12:11:01.939 INFORMACIÓN [main] org.apache.catalina.startup.VersionLoggerListener.log OS Name:                           Mac OS X
13-Dec-2024 12:11:01.940 INFORMACIÓN [main] org.apache.catalina.startup.VersionLoggerListener.log Versión de Systema Operativo:      13.6.4
13-Dec-2024 12:11:01.941 INFORMACIÓN [main] org.apache.catalina.startup.VersionLoggerListener.log Arquitectura:                      x86_64
13-Dec-2024 12:11:01.942 INFORMACIÓN [main] org.apache.catalina.startup.VersionLoggerListener.log Java Home:                         /Users/mariapaz/.sdkman/candidates/java/17.0.8.1-tem
13-Dec-2024 12:11:01.942 INFORMACIÓN [main] org.apache.catalina.startup.VersionLoggerListener.log JVM Version:                       17.0.8.1+1
13-Dec-2024 12:11:01.942 INFORMACIÓN [main] org.apache.catalina.startup.VersionLoggerListener.log Vededor JVM:                       Eclipse Adoptium
13-Dec-2024 12:11:01.944 INFORMACIÓN [main] org.apache.catalina.startup.VersionLoggerListener.log CATALINA_BASE:                     /Users/mariapaz/GeneradorFacturasMasivas/apache-tomcat-9.0.97
13-Dec-2024 12:11:01.944 INFORMACIÓN [main] org.apache.catalina.startup.VersionLoggerListener.log CATALINA_HOME:                     /Users/mariapaz/GeneradorFacturasMasivas/apache-tomcat-9.0.97
13-Dec-2024 12:11:01.960 INFORMACIÓN [main] org.apache.catalina.startup.VersionLoggerListener.log Command line argument:             --add-opens=java.base/java.lang=ALL-UNNAMED
13-Dec-2024 12:11:01.961 INFORMACIÓN [main] org.apache.catalina.startup.VersionLoggerListener.log Command line argument:             --add-opens=java.base/java.io=ALL-UNNAMED
13-Dec-2024 12:11:01.965 INFORMACIÓN [main] org.apache.catalina.startup.VersionLoggerListener.log Command line argument:             --add-opens=java.base/java.util=ALL-UNNAMED
13-Dec-2024 12:11:01.966 INFORMACIÓN [main] org.apache.catalina.startup.VersionLoggerListener.log Command line argument:             --add-opens=java.base/java.util.concurrent=ALL-UNNAMED
13-Dec-2024 12:11:01.966 INFORMACIÓN [main] org.apache.catalina.startup.VersionLoggerListener.log Command line argument:             --add-opens=java.rmi/sun.rmi.transport=ALL-UNNAMED
13-Dec-2024 12:11:01.966 INFORMACIÓN [main] org.apache.catalina.startup.VersionLoggerListener.log Command line argument:             -Djava.util.logging.config.file=/Users/mariapaz/GeneradorFacturasMasivas/apache-tomcat-9.0.97/conf/logging.properties
13-Dec-2024 12:11:01.967 INFORMACIÓN [main] org.apache.catalina.startup.VersionLoggerListener.log Command line argument:             -Djava.util.logging.manager=org.apache.juli.ClassLoaderLogManager
13-Dec-2024 12:11:01.967 INFORMACIÓN [main] org.apache.catalina.startup.VersionLoggerListener.log Command line argument:             -Djava.security.egd=file:/dev/urandom
13-Dec-2024 12:11:01.967 INFORMACIÓN [main] org.apache.catalina.startup.VersionLoggerListener.log Command line argument:             -Djdk.tls.ephemeralDHKeySize=2048
13-Dec-2024 12:11:01.967 INFORMACIÓN [main] org.apache.catalina.startup.VersionLoggerListener.log Command line argument:             -Djava.protocol.handler.pkgs=org.apache.catalina.webresources
13-Dec-2024 12:11:01.967 INFORMACIÓN [main] org.apache.catalina.startup.VersionLoggerListener.log Command line argument:             -Dorg.apache.catalina.security.SecurityListener.UMASK=0027
13-Dec-2024 12:11:01.968 INFORMACIÓN [main] org.apache.catalina.startup.VersionLoggerListener.log Command line argument:             -Drs.configdir=/Users/mariapaz/GeneradorFacturasMasivas/apache-tomcat-9.0.97/webapps/reportserver/WEB-INF
13-Dec-2024 12:11:01.968 INFORMACIÓN [main] org.apache.catalina.startup.VersionLoggerListener.log Command line argument:             -Xmx4096M
13-Dec-2024 12:11:01.968 INFORMACIÓN [main] org.apache.catalina.startup.VersionLoggerListener.log Command line argument:             -Dfile.encoding=UTF8
13-Dec-2024 12:11:01.968 INFORMACIÓN [main] org.apache.catalina.startup.VersionLoggerListener.log Command line argument:             --add-opens=java.base/java.net=ALL-UNNAMED
13-Dec-2024 12:11:01.969 INFORMACIÓN [main] org.apache.catalina.startup.VersionLoggerListener.log Command line argument:             --add-opens=java.base/jdk.internal.ref=ALL-UNNAMED
13-Dec-2024 12:11:01.969 INFORMACIÓN [main] org.apache.catalina.startup.VersionLoggerListener.log Command line argument:             --add-opens=java.base/jdk.internal.reflect=ALL-UNNAMED
13-Dec-2024 12:11:01.969 INFORMACIÓN [main] org.apache.catalina.startup.VersionLoggerListener.log Command line argument:             --add-opens=java.base/java.lang.invoke=ALL-UNNAMED
13-Dec-2024 12:11:01.969 INFORMACIÓN [main] org.apache.catalina.startup.VersionLoggerListener.log Command line argument:             --add-opens=java.base/java.util=ALL-UNNAMED
13-Dec-2024 12:11:01.969 INFORMACIÓN [main] org.apache.catalina.startup.VersionLoggerListener.log Command line argument:             --add-opens=java.base/java.lang.ref=ALL-UNNAMED
13-Dec-2024 12:11:01.970 INFORMACIÓN [main] org.apache.catalina.startup.VersionLoggerListener.log Command line argument:             --add-opens=java.base/java.lang.reflect=ALL-UNNAMED
13-Dec-2024 12:11:01.971 INFORMACIÓN [main] org.apache.catalina.startup.VersionLoggerListener.log Command line argument:             --add-opens=java.base/sun.reflect.generics.repository=ALL-UNNAMED
13-Dec-2024 12:11:01.972 INFORMACIÓN [main] org.apache.catalina.startup.VersionLoggerListener.log Command line argument:             -Dignore.endorsed.dirs=
13-Dec-2024 12:11:01.973 INFORMACIÓN [main] org.apache.catalina.startup.VersionLoggerListener.log Command line argument:             -Dcatalina.base=/Users/mariapaz/GeneradorFacturasMasivas/apache-tomcat-9.0.97
13-Dec-2024 12:11:01.973 INFORMACIÓN [main] org.apache.catalina.startup.VersionLoggerListener.log Command line argument:             -Dcatalina.home=/Users/mariapaz/GeneradorFacturasMasivas/apache-tomcat-9.0.97
13-Dec-2024 12:11:01.973 INFORMACIÓN [main] org.apache.catalina.startup.VersionLoggerListener.log Command line argument:             -Djava.io.tmpdir=/Users/mariapaz/GeneradorFacturasMasivas/apache-tomcat-9.0.97/temp
13-Dec-2024 12:11:02.010 INFORMACIÓN [main] org.apache.catalina.core.AprLifecycleListener.lifecycleEvent La biblioteca nativa de Apache Tomcat basada en ARP que permite un rendimiento óptimo en entornos de desarrollo no ha sido hallada en java.library.path: [/Users/mariapaz/Library/Java/Extensions:/Library/Java/Extensions:/Network/Library/Java/Extensions:/System/Library/Java/Extensions:/usr/lib/java:.]
13-Dec-2024 12:11:05.668 INFORMACIÓN [main] org.apache.coyote.AbstractProtocol.init Inicializando el manejador de protocolo ["http-nio-8081"]

13-Dec-2024 12:11:05.751 INFORMACIÓN [main] org.apache.catalina.startup.Catalina.load Server initialization in [5370] milliseconds
13-Dec-2024 12:11:05.884 INFORMACIÓN [main] org.apache.catalina.core.StandardService.startInternal Arrancando servicio [Catalina]
13-Dec-2024 12:11:05.887 INFORMACIÓN [main] org.apache.catalina.core.StandardEngine.startInternal Starting Servlet engine: [Apache Tomcat/9.0.97]
13-Dec-2024 12:11:05.939 INFORMACIÓN [main] org.apache.catalina.startup.HostConfig.deployDirectory Desplegando el directorio [/Users/mariapaz/GeneradorFacturasMasivas/apache-tomcat-9.0.97/webapps/reportserver] de la aplicación web
13-Dec-2024 12:11:34.194 INFORMACIÓN [main] org.apache.jasper.servlet.TldScanner.scanJars Al menos un JAR, que se ha explorado buscando TLDs, aún no contenía TLDs. Activar historial de depuración para este historiador para una completa lista de los JARs que fueron explorados y de los que nos se halló TLDs. Saltarse JARs no necesarios durante la exploración puede dar lugar a una mejora de tiempo significativa en el arranque y compilación de JSP .
13-Dec-2024 12:13:13.679 INFORMACIÓN [main] org.apache.catalina.startup.HostConfig.deployDirectory Deployment of web application directory [/Users/mariapaz/GeneradorFacturasMasivas/apache-tomcat-9.0.97/webapps/reportserver] has finished in [127.739] ms
13-Dec-2024 12:13:13.680 INFORMACIÓN [main] org.apache.catalina.startup.HostConfig.deployDirectory Desplegando el directorio [/Users/mariapaz/GeneradorFacturasMasivas/apache-tomcat-9.0.97/webapps/docs] de la aplicación web
13-Dec-2024 12:13:14.222 INFORMACIÓN [main] org.apache.jasper.servlet.TldScanner.scanJars Al menos un JAR, que se ha explorado buscando TLDs, aún no contenía TLDs. Activar historial de depuración para este historiador para una completa lista de los JARs que fueron explorados y de los que nos se halló TLDs. Saltarse JARs no necesarios durante la exploración puede dar lugar a una mejora de tiempo significativa en el arranque y compilación de JSP .
13-Dec-2024 12:13:14.226 INFORMACIÓN [main] org.apache.catalina.startup.HostConfig.deployDirectory Deployment of web application directory [/Users/mariapaz/GeneradorFacturasMasivas/apache-tomcat-9.0.97/webapps/docs] has finished in [546] ms
13-Dec-2024 12:13:14.226 INFORMACIÓN [main] org.apache.catalina.startup.HostConfig.deployDirectory Desplegando el directorio [/Users/mariapaz/GeneradorFacturasMasivas/apache-tomcat-9.0.97/webapps/manager] de la aplicación web
13-Dec-2024 12:13:14.644 INFORMACIÓN [main] org.apache.jasper.servlet.TldScanner.scanJars Al menos un JAR, que se ha explorado buscando TLDs, aún no contenía TLDs. Activar historial de depuración para este historiador para una completa lista de los JARs que fueron explorados y de los que nos se halló TLDs. Saltarse JARs no necesarios durante la exploración puede dar lugar a una mejora de tiempo significativa en el arranque y compilación de JSP .
13-Dec-2024 12:13:14.653 INFORMACIÓN [main] org.apache.catalina.startup.HostConfig.deployDirectory Deployment of web application directory [/Users/mariapaz/GeneradorFacturasMasivas/apache-tomcat-9.0.97/webapps/manager] has finished in [427] ms
13-Dec-2024 12:13:14.654 INFORMACIÓN [main] org.apache.catalina.startup.HostConfig.deployDirectory Desplegando el directorio [/Users/mariapaz/GeneradorFacturasMasivas/apache-tomcat-9.0.97/webapps/examples] de la aplicación web
13-Dec-2024 12:13:15.566 INFORMACIÓN [main] org.apache.jasper.servlet.TldScanner.scanJars Al menos un JAR, que se ha explorado buscando TLDs, aún no contenía TLDs. Activar historial de depuración para este historiador para una completa lista de los JARs que fueron explorados y de los que nos se halló TLDs. Saltarse JARs no necesarios durante la exploración puede dar lugar a una mejora de tiempo significativa en el arranque y compilación de JSP .
13-Dec-2024 12:13:15.604 INFORMACIÓN [main] org.apache.catalina.startup.HostConfig.deployDirectory Deployment of web application directory [/Users/mariapaz/GeneradorFacturasMasivas/apache-tomcat-9.0.97/webapps/examples] has finished in [950] ms
13-Dec-2024 12:13:15.605 INFORMACIÓN [main] org.apache.catalina.startup.HostConfig.deployDirectory Desplegando el directorio [/Users/mariapaz/GeneradorFacturasMasivas/apache-tomcat-9.0.97/webapps/ROOT] de la aplicación web
13-Dec-2024 12:13:16.131 INFORMACIÓN [main] org.apache.jasper.servlet.TldScanner.scanJars Al menos un JAR, que se ha explorado buscando TLDs, aún no contenía TLDs. Activar historial de depuración para este historiador para una completa lista de los JARs que fueron explorados y de los que nos se halló TLDs. Saltarse JARs no necesarios durante la exploración puede dar lugar a una mejora de tiempo significativa en el arranque y compilación de JSP .
13-Dec-2024 12:13:16.134 INFORMACIÓN [main] org.apache.catalina.startup.HostConfig.deployDirectory Deployment of web application directory [/Users/mariapaz/GeneradorFacturasMasivas/apache-tomcat-9.0.97/webapps/ROOT] has finished in [529] ms
13-Dec-2024 12:13:16.135 INFORMACIÓN [main] org.apache.catalina.startup.HostConfig.deployDirectory Desplegando el directorio [/Users/mariapaz/GeneradorFacturasMasivas/apache-tomcat-9.0.97/webapps/host-manager] de la aplicación web
13-Dec-2024 12:13:16.608 INFORMACIÓN [main] org.apache.jasper.servlet.TldScanner.scanJars Al menos un JAR, que se ha explorado buscando TLDs, aún no contenía TLDs. Activar historial de depuración para este historiador para una completa lista de los JARs que fueron explorados y de los que nos se halló TLDs. Saltarse JARs no necesarios durante la exploración puede dar lugar a una mejora de tiempo significativa en el arranque y compilación de JSP .
13-Dec-2024 12:13:16.611 INFORMACIÓN [main] org.apache.catalina.startup.HostConfig.deployDirectory Deployment of web application directory [/Users/mariapaz/GeneradorFacturasMasivas/apache-tomcat-9.0.97/webapps/host-manager] has finished in [476] ms
13-Dec-2024 12:13:16.624 INFORMACIÓN [main] org.apache.coyote.AbstractProtocol.start Starting ProtocolHandler ["http-nio-8081"]
13-Dec-2024 12:13:16.640 INFORMACIÓN [main] org.apache.catalina.startup.Catalina.start Server startup in [130933] milliseconds
13-Dec-2024 12:28:16.926 INFORMACIÓN [main] org.apache.catalina.core.StandardServer.await Se ha recibido un comando de apagado a través del puerto de apagado. Parando la instancia del Servidor.
13-Dec-2024 12:28:16.934 INFORMACIÓN [main] org.apache.coyote.AbstractProtocol.pause Pausing ProtocolHandler ["http-nio-8081"]
13-Dec-2024 12:28:16.946 INFORMACIÓN [main] org.apache.catalina.core.StandardService.stopInternal Parando servicio [Catalina]
13-Dec-2024 12:28:19.174 ADVERTENCIA [main] org.apache.catalina.loader.WebappClassLoaderBase.clearReferencesJdbc La aplicación web [reportserver] registró el conductor JDBC [com.microsoft.sqlserver.jdbc.SQLServerDriver] pero falló al anular el registro mientras la aplicación web estaba parada. Para prevenir un fallo de memoria, se ha anulado el registro del conductor JDBC por la fuerza.
13-Dec-2024 12:28:19.205 ADVERTENCIA [main] org.apache.catalina.loader.WebappClassLoaderBase.clearReferencesThreads The web application [reportserver] appears to have started a thread named [org.apache.commons.vfs2.cache.SoftRefFilesCache$ReleaseThread] but has failed to stop it. This is very likely to create a memory leak. Stack trace of thread:
 java.base@17.0.8.1/java.lang.Object.wait(Native Method)
 java.base@17.0.8.1/java.lang.ref.ReferenceQueue.remove(ReferenceQueue.java:155)
 org.apache.commons.vfs2.cache.SoftRefFilesCache$ReleaseThread.run(SoftRefFilesCache.java:54)
13-Dec-2024 12:28:19.208 ADVERTENCIA [main] org.apache.catalina.loader.WebappClassLoaderBase.clearReferencesThreads The web application [reportserver] appears to have started a thread named [C3P0PooledConnectionPoolManager[identityToken->z8kfltb71hjvcfc1jak2pz|1fefdec6]-AdminTaskTimer] but has failed to stop it. This is very likely to create a memory leak. Stack trace of thread:
 java.base@17.0.8.1/java.lang.Object.wait(Native Method)
 java.base@17.0.8.1/java.util.TimerThread.mainLoop(Timer.java:563)
 java.base@17.0.8.1/java.util.TimerThread.run(Timer.java:516)
13-Dec-2024 12:28:19.212 ADVERTENCIA [main] org.apache.catalina.loader.WebappClassLoaderBase.clearReferencesThreads The web application [reportserver] appears to have started a thread named [C3P0PooledConnectionPoolManager[identityToken->z8kfltb71hjvcfc1jak2pz|1fefdec6]-HelperThread-#0] but has failed to stop it. This is very likely to create a memory leak. Stack trace of thread:
 java.base@17.0.8.1/java.lang.Object.wait(Native Method)
 com.mchange.v2.async.ThreadPoolAsynchronousRunner$PoolThread.run(ThreadPoolAsynchronousRunner.java:683)
13-Dec-2024 12:28:19.220 ADVERTENCIA [main] org.apache.catalina.loader.WebappClassLoaderBase.clearReferencesThreads The web application [reportserver] appears to have started a thread named [C3P0PooledConnectionPoolManager[identityToken->z8kfltb71hjvcfc1jak2pz|1fefdec6]-HelperThread-#1] but has failed to stop it. This is very likely to create a memory leak. Stack trace of thread:
 java.base@17.0.8.1/java.lang.Object.wait(Native Method)
 com.mchange.v2.async.ThreadPoolAsynchronousRunner$PoolThread.run(ThreadPoolAsynchronousRunner.java:683)
13-Dec-2024 12:28:19.223 ADVERTENCIA [main] org.apache.catalina.loader.WebappClassLoaderBase.clearReferencesThreads The web application [reportserver] appears to have started a thread named [C3P0PooledConnectionPoolManager[identityToken->z8kfltb71hjvcfc1jak2pz|1fefdec6]-HelperThread-#2] but has failed to stop it. This is very likely to create a memory leak. Stack trace of thread:
 java.base@17.0.8.1/java.lang.Object.wait(Native Method)
 com.mchange.v2.async.ThreadPoolAsynchronousRunner$PoolThread.run(ThreadPoolAsynchronousRunner.java:683)
13-Dec-2024 12:28:19.224 ADVERTENCIA [main] org.apache.catalina.loader.WebappClassLoaderBase.clearReferencesThreads The web application [reportserver] appears to have started a thread named [dwdaemon-JpaEventLoggerServiceImpl-1] but has failed to stop it. This is very likely to create a memory leak. Stack trace of thread:
 java.base@17.0.8.1/java.lang.Thread.sleep(Native Method)
 net.datenwerke.rs.utils.daemon.DwDaemonImpl.run(DwDaemonImpl.java:52)
 java.base@17.0.8.1/java.lang.Thread.run(Thread.java:833)
13-Dec-2024 12:28:19.261 ADVERTENCIA [main] org.apache.catalina.loader.WebappClassLoaderBase.clearReferencesThreads The web application [reportserver] appears to have started a thread named [dwdaemon-watchdog-JpaEventLoggerServiceImpl] but has failed to stop it. This is very likely to create a memory leak. Stack trace of thread:
 java.base@17.0.8.1/java.lang.Thread.sleep(Native Method)
 net.datenwerke.rs.utils.daemon.DwDaemonWatchdog.run(DwDaemonWatchdog.java:30)
 java.base@17.0.8.1/java.lang.Thread.run(Thread.java:833)
13-Dec-2024 12:28:19.275 ADVERTENCIA [main] org.apache.catalina.loader.WebappClassLoaderBase.clearReferencesThreads The web application [reportserver] appears to have started a thread named [Thread-21] but has failed to stop it. This is very likely to create a memory leak. Stack trace of thread:
 java.base@17.0.8.1/sun.nio.ch.KQueue.poll(Native Method)
 java.base@17.0.8.1/sun.nio.ch.KQueuePort$EventHandlerTask.poll(KQueuePort.java:200)
 java.base@17.0.8.1/sun.nio.ch.KQueuePort$EventHandlerTask.run(KQueuePort.java:287)
 java.base@17.0.8.1/java.lang.Thread.run(Thread.java:833)
13-Dec-2024 12:28:19.277 ADVERTENCIA [main] org.apache.catalina.loader.WebappClassLoaderBase.clearReferencesThreads The web application [reportserver] appears to have started a thread named [sshd-SshServer[768b7787](port=8022)-timer-thread-1] but has failed to stop it. This is very likely to create a memory leak. Stack trace of thread:
 java.base@17.0.8.1/jdk.internal.misc.Unsafe.park(Native Method)
 java.base@17.0.8.1/java.util.concurrent.locks.LockSupport.parkNanos(LockSupport.java:252)
 java.base@17.0.8.1/java.util.concurrent.locks.AbstractQueuedSynchronizer$ConditionObject.awaitNanos(AbstractQueuedSynchronizer.java:1672)
 java.base@17.0.8.1/java.util.concurrent.ScheduledThreadPoolExecutor$DelayedWorkQueue.take(ScheduledThreadPoolExecutor.java:1182)
 java.base@17.0.8.1/java.util.concurrent.ScheduledThreadPoolExecutor$DelayedWorkQueue.take(ScheduledThreadPoolExecutor.java:899)
 java.base@17.0.8.1/java.util.concurrent.ThreadPoolExecutor.getTask(ThreadPoolExecutor.java:1062)
 java.base@17.0.8.1/java.util.concurrent.ThreadPoolExecutor.runWorker(ThreadPoolExecutor.java:1122)
 java.base@17.0.8.1/java.util.concurrent.ThreadPoolExecutor$Worker.run(ThreadPoolExecutor.java:635)
 java.base@17.0.8.1/java.lang.Thread.run(Thread.java:833)
13-Dec-2024 12:28:19.288 ADVERTENCIA [main] org.apache.catalina.loader.WebappClassLoaderBase.clearReferencesThreads The web application [reportserver] appears to have started a thread named [dwdaemon-MaintenanceServiceImpl-1] but has failed to stop it. This is very likely to create a memory leak. Stack trace of thread:
 java.base@17.0.8.1/java.lang.Thread.sleep(Native Method)
 net.datenwerke.rs.utils.daemon.DwDaemonImpl.run(DwDaemonImpl.java:52)
 java.base@17.0.8.1/java.lang.Thread.run(Thread.java:833)
13-Dec-2024 12:28:19.291 ADVERTENCIA [main] org.apache.catalina.loader.WebappClassLoaderBase.clearReferencesThreads The web application [reportserver] appears to have started a thread named [dwdaemon-watchdog-MaintenanceServiceImpl] but has failed to stop it. This is very likely to create a memory leak. Stack trace of thread:
 java.base@17.0.8.1/java.lang.Thread.sleep(Native Method)
 net.datenwerke.rs.utils.daemon.DwDaemonWatchdog.run(DwDaemonWatchdog.java:30)
 java.base@17.0.8.1/java.lang.Thread.run(Thread.java:833)
13-Dec-2024 12:28:19.292 ADVERTENCIA [main] org.apache.catalina.loader.WebappClassLoaderBase.clearReferencesThreads The web application [reportserver] appears to have started a thread named [scheduler-watchdog] but has failed to stop it. This is very likely to create a memory leak. Stack trace of thread:
 java.base@17.0.8.1/java.lang.Thread.sleep(Native Method)
 net.datenwerke.scheduler.service.scheduler.SchedulerWatchdog.run(SchedulerWatchdog.java:32)
 java.base@17.0.8.1/java.lang.Thread.run(Thread.java:833)
13-Dec-2024 12:28:19.295 GRAVE [main] org.apache.catalina.loader.WebappClassLoaderBase.checkThreadLocalMapForLeaks La aplicación web [reportserver] creó un ThreadLocal con clave del tipo [java.lang.ThreadLocal] (valor [java.lang.ThreadLocal@106aaab7]) y un valor del tipo [org.hibernate.internal.SessionImpl] (valor [SessionImpl(1545298447<closed>)]) pero no pudo quitarlo cuando la aplicación web se paró. Los hilos se van a renovar con el tiempo para intentar evitar in posible fallo de memoria.
13-Dec-2024 12:28:19.420 INFORMACIÓN [main] org.apache.coyote.AbstractProtocol.stop Stopping ProtocolHandler ["http-nio-8081"]
13-Dec-2024 12:28:19.524 INFORMACIÓN [main] org.apache.coyote.AbstractProtocol.destroy Destroying ProtocolHandler ["http-nio-8081"]
13-Dec-2024 12:28:21.838 INFORMACIÓN [main] org.apache.catalina.startup.VersionLoggerListener.log Nombre de la versión del servidor: Apache Tomcat/9.0.97
13-Dec-2024 12:28:21.852 INFORMACIÓN [main] org.apache.catalina.startup.VersionLoggerListener.log Server built:                      Nov 6 2024 19:55:19 UTC
13-Dec-2024 12:28:21.852 INFORMACIÓN [main] org.apache.catalina.startup.VersionLoggerListener.log Número de versión de servidor:     9.0.97.0
13-Dec-2024 12:28:21.853 INFORMACIÓN [main] org.apache.catalina.startup.VersionLoggerListener.log OS Name:                           Mac OS X
13-Dec-2024 12:28:21.853 INFORMACIÓN [main] org.apache.catalina.startup.VersionLoggerListener.log Versión de Systema Operativo:      13.6.4
13-Dec-2024 12:28:21.853 INFORMACIÓN [main] org.apache.catalina.startup.VersionLoggerListener.log Arquitectura:                      x86_64
13-Dec-2024 12:28:21.855 INFORMACIÓN [main] org.apache.catalina.startup.VersionLoggerListener.log Java Home:                         /Users/mariapaz/.sdkman/candidates/java/17.0.8.1-tem
13-Dec-2024 12:28:21.855 INFORMACIÓN [main] org.apache.catalina.startup.VersionLoggerListener.log JVM Version:                       17.0.8.1+1
13-Dec-2024 12:28:21.856 INFORMACIÓN [main] org.apache.catalina.startup.VersionLoggerListener.log Vededor JVM:                       Eclipse Adoptium
13-Dec-2024 12:28:21.856 INFORMACIÓN [main] org.apache.catalina.startup.VersionLoggerListener.log CATALINA_BASE:                     /Users/mariapaz/GeneradorFacturasMasivas/apache-tomcat-9.0.97
13-Dec-2024 12:28:21.856 INFORMACIÓN [main] org.apache.catalina.startup.VersionLoggerListener.log CATALINA_HOME:                     /Users/mariapaz/GeneradorFacturasMasivas/apache-tomcat-9.0.97
13-Dec-2024 12:28:21.879 INFORMACIÓN [main] org.apache.catalina.startup.VersionLoggerListener.log Command line argument:             --add-opens=java.base/java.lang=ALL-UNNAMED
13-Dec-2024 12:28:21.880 INFORMACIÓN [main] org.apache.catalina.startup.VersionLoggerListener.log Command line argument:             --add-opens=java.base/java.io=ALL-UNNAMED
13-Dec-2024 12:28:21.880 INFORMACIÓN [main] org.apache.catalina.startup.VersionLoggerListener.log Command line argument:             --add-opens=java.base/java.util=ALL-UNNAMED
13-Dec-2024 12:28:21.880 INFORMACIÓN [main] org.apache.catalina.startup.VersionLoggerListener.log Command line argument:             --add-opens=java.base/java.util.concurrent=ALL-UNNAMED
13-Dec-2024 12:28:21.880 INFORMACIÓN [main] org.apache.catalina.startup.VersionLoggerListener.log Command line argument:             --add-opens=java.rmi/sun.rmi.transport=ALL-UNNAMED
13-Dec-2024 12:28:21.881 INFORMACIÓN [main] org.apache.catalina.startup.VersionLoggerListener.log Command line argument:             -Djava.util.logging.config.file=/Users/mariapaz/GeneradorFacturasMasivas/apache-tomcat-9.0.97/conf/logging.properties
13-Dec-2024 12:28:21.881 INFORMACIÓN [main] org.apache.catalina.startup.VersionLoggerListener.log Command line argument:             -Djava.util.logging.manager=org.apache.juli.ClassLoaderLogManager
13-Dec-2024 12:28:21.881 INFORMACIÓN [main] org.apache.catalina.startup.VersionLoggerListener.log Command line argument:             -Djava.security.egd=file:/dev/urandom
13-Dec-2024 12:28:21.881 INFORMACIÓN [main] org.apache.catalina.startup.VersionLoggerListener.log Command line argument:             -Djdk.tls.ephemeralDHKeySize=2048
13-Dec-2024 12:28:21.882 INFORMACIÓN [main] org.apache.catalina.startup.VersionLoggerListener.log Command line argument:             -Djava.protocol.handler.pkgs=org.apache.catalina.webresources
13-Dec-2024 12:28:21.882 INFORMACIÓN [main] org.apache.catalina.startup.VersionLoggerListener.log Command line argument:             -Dorg.apache.catalina.security.SecurityListener.UMASK=0027
13-Dec-2024 12:28:21.882 INFORMACIÓN [main] org.apache.catalina.startup.VersionLoggerListener.log Command line argument:             -Drs.configdir=/Users/mariapaz/GeneradorFacturasMasivas/apache-tomcat-9.0.97/webapps/reportserver/WEB-INF
13-Dec-2024 12:28:21.883 INFORMACIÓN [main] org.apache.catalina.startup.VersionLoggerListener.log Command line argument:             -Xmx4096M
13-Dec-2024 12:28:21.883 INFORMACIÓN [main] org.apache.catalina.startup.VersionLoggerListener.log Command line argument:             -Dfile.encoding=UTF8
13-Dec-2024 12:28:21.883 INFORMACIÓN [main] org.apache.catalina.startup.VersionLoggerListener.log Command line argument:             --add-opens=java.base/java.net=ALL-UNNAMED
13-Dec-2024 12:28:21.883 INFORMACIÓN [main] org.apache.catalina.startup.VersionLoggerListener.log Command line argument:             --add-opens=java.base/jdk.internal.ref=ALL-UNNAMED
13-Dec-2024 12:28:21.883 INFORMACIÓN [main] org.apache.catalina.startup.VersionLoggerListener.log Command line argument:             --add-opens=java.base/jdk.internal.reflect=ALL-UNNAMED
13-Dec-2024 12:28:21.884 INFORMACIÓN [main] org.apache.catalina.startup.VersionLoggerListener.log Command line argument:             --add-opens=java.base/java.lang.invoke=ALL-UNNAMED
13-Dec-2024 12:28:21.951 INFORMACIÓN [main] org.apache.catalina.startup.VersionLoggerListener.log Command line argument:             --add-opens=java.base/java.util=ALL-UNNAMED
13-Dec-2024 12:28:21.952 INFORMACIÓN [main] org.apache.catalina.startup.VersionLoggerListener.log Command line argument:             --add-opens=java.base/java.lang.ref=ALL-UNNAMED
13-Dec-2024 12:28:21.952 INFORMACIÓN [main] org.apache.catalina.startup.VersionLoggerListener.log Command line argument:             --add-opens=java.base/java.lang.reflect=ALL-UNNAMED
13-Dec-2024 12:28:21.952 INFORMACIÓN [main] org.apache.catalina.startup.VersionLoggerListener.log Command line argument:             --add-opens=java.base/sun.reflect.generics.repository=ALL-UNNAMED
13-Dec-2024 12:28:21.953 INFORMACIÓN [main] org.apache.catalina.startup.VersionLoggerListener.log Command line argument:             -Dignore.endorsed.dirs=
13-Dec-2024 12:28:21.953 INFORMACIÓN [main] org.apache.catalina.startup.VersionLoggerListener.log Command line argument:             -Dcatalina.base=/Users/mariapaz/GeneradorFacturasMasivas/apache-tomcat-9.0.97
13-Dec-2024 12:28:21.953 INFORMACIÓN [main] org.apache.catalina.startup.VersionLoggerListener.log Command line argument:             -Dcatalina.home=/Users/mariapaz/GeneradorFacturasMasivas/apache-tomcat-9.0.97
13-Dec-2024 12:28:21.953 INFORMACIÓN [main] org.apache.catalina.startup.VersionLoggerListener.log Command line argument:             -Djava.io.tmpdir=/Users/mariapaz/GeneradorFacturasMasivas/apache-tomcat-9.0.97/temp
13-Dec-2024 12:28:22.140 INFORMACIÓN [main] org.apache.catalina.core.AprLifecycleListener.lifecycleEvent La biblioteca nativa de Apache Tomcat basada en ARP que permite un rendimiento óptimo en entornos de desarrollo no ha sido hallada en java.library.path: [/Users/mariapaz/Library/Java/Extensions:/Library/Java/Extensions:/Network/Library/Java/Extensions:/System/Library/Java/Extensions:/usr/lib/java:.]
13-Dec-2024 12:28:25.943 INFORMACIÓN [main] org.apache.coyote.AbstractProtocol.init Inicializando el manejador de protocolo ["http-nio-8081"]

13-Dec-2024 12:28:26.054 INFORMACIÓN [main] org.apache.catalina.startup.Catalina.load Server initialization in [6233] milliseconds
13-Dec-2024 12:28:26.287 INFORMACIÓN [main] org.apache.catalina.core.StandardService.startInternal Arrancando servicio [Catalina]
13-Dec-2024 12:28:26.288 INFORMACIÓN [main] org.apache.catalina.core.StandardEngine.startInternal Starting Servlet engine: [Apache Tomcat/9.0.97]
13-Dec-2024 12:28:26.312 INFORMACIÓN [main] org.apache.catalina.startup.HostConfig.deployDirectory Desplegando el directorio [/Users/mariapaz/GeneradorFacturasMasivas/apache-tomcat-9.0.97/webapps/reportserver] de la aplicación web
13-Dec-2024 12:29:01.616 INFORMACIÓN [main] org.apache.jasper.servlet.TldScanner.scanJars Al menos un JAR, que se ha explorado buscando TLDs, aún no contenía TLDs. Activar historial de depuración para este historiador para una completa lista de los JARs que fueron explorados y de los que nos se halló TLDs. Saltarse JARs no necesarios durante la exploración puede dar lugar a una mejora de tiempo significativa en el arranque y compilación de JSP .
13-Dec-2024 12:30:43.416 INFORMACIÓN [main] org.apache.catalina.startup.HostConfig.deployDirectory Deployment of web application directory [/Users/mariapaz/GeneradorFacturasMasivas/apache-tomcat-9.0.97/webapps/reportserver] has finished in [137.103] ms
13-Dec-2024 12:30:43.573 INFORMACIÓN [main] org.apache.catalina.startup.HostConfig.deployDirectory Desplegando el directorio [/Users/mariapaz/GeneradorFacturasMasivas/apache-tomcat-9.0.97/webapps/docs] de la aplicación web
13-Dec-2024 12:30:44.671 INFORMACIÓN [main] org.apache.jasper.servlet.TldScanner.scanJars Al menos un JAR, que se ha explorado buscando TLDs, aún no contenía TLDs. Activar historial de depuración para este historiador para una completa lista de los JARs que fueron explorados y de los que nos se halló TLDs. Saltarse JARs no necesarios durante la exploración puede dar lugar a una mejora de tiempo significativa en el arranque y compilación de JSP .
13-Dec-2024 12:30:44.687 INFORMACIÓN [main] org.apache.catalina.startup.HostConfig.deployDirectory Deployment of web application directory [/Users/mariapaz/GeneradorFacturasMasivas/apache-tomcat-9.0.97/webapps/docs] has finished in [1.114] ms
13-Dec-2024 12:30:44.698 INFORMACIÓN [main] org.apache.catalina.startup.HostConfig.deployDirectory Desplegando el directorio [/Users/mariapaz/GeneradorFacturasMasivas/apache-tomcat-9.0.97/webapps/manager] de la aplicación web
13-Dec-2024 12:30:46.220 INFORMACIÓN [main] org.apache.jasper.servlet.TldScanner.scanJars Al menos un JAR, que se ha explorado buscando TLDs, aún no contenía TLDs. Activar historial de depuración para este historiador para una completa lista de los JARs que fueron explorados y de los que nos se halló TLDs. Saltarse JARs no necesarios durante la exploración puede dar lugar a una mejora de tiempo significativa en el arranque y compilación de JSP .
13-Dec-2024 12:30:46.244 INFORMACIÓN [main] org.apache.catalina.startup.HostConfig.deployDirectory Deployment of web application directory [/Users/mariapaz/GeneradorFacturasMasivas/apache-tomcat-9.0.97/webapps/manager] has finished in [1.546] ms
13-Dec-2024 12:30:46.244 INFORMACIÓN [main] org.apache.catalina.startup.HostConfig.deployDirectory Desplegando el directorio [/Users/mariapaz/GeneradorFacturasMasivas/apache-tomcat-9.0.97/webapps/examples] de la aplicación web
13-Dec-2024 12:30:49.963 INFORMACIÓN [main] org.apache.jasper.servlet.TldScanner.scanJars Al menos un JAR, que se ha explorado buscando TLDs, aún no contenía TLDs. Activar historial de depuración para este historiador para una completa lista de los JARs que fueron explorados y de los que nos se halló TLDs. Saltarse JARs no necesarios durante la exploración puede dar lugar a una mejora de tiempo significativa en el arranque y compilación de JSP .
13-Dec-2024 12:30:50.010 INFORMACIÓN [main] org.apache.catalina.startup.HostConfig.deployDirectory Deployment of web application directory [/Users/mariapaz/GeneradorFacturasMasivas/apache-tomcat-9.0.97/webapps/examples] has finished in [3.766] ms
13-Dec-2024 12:30:50.011 INFORMACIÓN [main] org.apache.catalina.startup.HostConfig.deployDirectory Desplegando el directorio [/Users/mariapaz/GeneradorFacturasMasivas/apache-tomcat-9.0.97/webapps/ROOT] de la aplicación web
13-Dec-2024 12:30:50.497 INFORMACIÓN [main] org.apache.jasper.servlet.TldScanner.scanJars Al menos un JAR, que se ha explorado buscando TLDs, aún no contenía TLDs. Activar historial de depuración para este historiador para una completa lista de los JARs que fueron explorados y de los que nos se halló TLDs. Saltarse JARs no necesarios durante la exploración puede dar lugar a una mejora de tiempo significativa en el arranque y compilación de JSP .
13-Dec-2024 12:30:50.504 INFORMACIÓN [main] org.apache.catalina.startup.HostConfig.deployDirectory Deployment of web application directory [/Users/mariapaz/GeneradorFacturasMasivas/apache-tomcat-9.0.97/webapps/ROOT] has finished in [493] ms
13-Dec-2024 12:30:50.504 INFORMACIÓN [main] org.apache.catalina.startup.HostConfig.deployDirectory Desplegando el directorio [/Users/mariapaz/GeneradorFacturasMasivas/apache-tomcat-9.0.97/webapps/host-manager] de la aplicación web
13-Dec-2024 12:30:51.247 INFORMACIÓN [main] org.apache.jasper.servlet.TldScanner.scanJars Al menos un JAR, que se ha explorado buscando TLDs, aún no contenía TLDs. Activar historial de depuración para este historiador para una completa lista de los JARs que fueron explorados y de los que nos se halló TLDs. Saltarse JARs no necesarios durante la exploración puede dar lugar a una mejora de tiempo significativa en el arranque y compilación de JSP .
13-Dec-2024 12:30:51.252 INFORMACIÓN [main] org.apache.catalina.startup.HostConfig.deployDirectory Deployment of web application directory [/Users/mariapaz/GeneradorFacturasMasivas/apache-tomcat-9.0.97/webapps/host-manager] has finished in [747] ms
13-Dec-2024 12:30:51.261 INFORMACIÓN [main] org.apache.coyote.AbstractProtocol.start Starting ProtocolHandler ["http-nio-8081"]
13-Dec-2024 12:30:51.284 INFORMACIÓN [main] org.apache.catalina.startup.Catalina.start Server startup in [145233] milliseconds
13-Dec-2024 14:41:09.559 INFORMACIÓN [Catalina-utility-2] org.apache.catalina.startup.HostConfig.reload Falló la recarga del contexto [/reportserver]
13-Dec-2024 14:41:09.579 INFORMACIÓN [Catalina-utility-2] org.apache.catalina.core.StandardContext.reload Ha comenzado la recarga de Contexto [/reportserver]
13-Dec-2024 14:41:10.613 ADVERTENCIA [Catalina-utility-2] org.apache.catalina.loader.WebappClassLoaderBase.clearReferencesJdbc La aplicación web [reportserver] registró el conductor JDBC [com.microsoft.sqlserver.jdbc.SQLServerDriver] pero falló al anular el registro mientras la aplicación web estaba parada. Para prevenir un fallo de memoria, se ha anulado el registro del conductor JDBC por la fuerza.
13-Dec-2024 14:41:10.620 ADVERTENCIA [Catalina-utility-2] org.apache.catalina.loader.WebappClassLoaderBase.clearReferencesThreads The web application [reportserver] appears to have started a thread named [org.apache.commons.vfs2.cache.SoftRefFilesCache$ReleaseThread] but has failed to stop it. This is very likely to create a memory leak. Stack trace of thread:
 java.base@17.0.8.1/java.lang.Object.wait(Native Method)
 java.base@17.0.8.1/java.lang.ref.ReferenceQueue.remove(ReferenceQueue.java:155)
 org.apache.commons.vfs2.cache.SoftRefFilesCache$ReleaseThread.run(SoftRefFilesCache.java:54)
13-Dec-2024 14:41:10.621 ADVERTENCIA [Catalina-utility-2] org.apache.catalina.loader.WebappClassLoaderBase.clearReferencesThreads The web application [reportserver] appears to have started a thread named [C3P0PooledConnectionPoolManager[identityToken->z8kfltb71hkhvs21pxz78o|7474bf08]-AdminTaskTimer] but has failed to stop it. This is very likely to create a memory leak. Stack trace of thread:
 java.base@17.0.8.1/java.lang.Object.wait(Native Method)
 java.base@17.0.8.1/java.util.TimerThread.mainLoop(Timer.java:563)
 java.base@17.0.8.1/java.util.TimerThread.run(Timer.java:516)
13-Dec-2024 14:41:10.622 ADVERTENCIA [Catalina-utility-2] org.apache.catalina.loader.WebappClassLoaderBase.clearReferencesThreads The web application [reportserver] appears to have started a thread named [C3P0PooledConnectionPoolManager[identityToken->z8kfltb71hkhvs21pxz78o|7474bf08]-HelperThread-#0] but has failed to stop it. This is very likely to create a memory leak. Stack trace of thread:
 java.base@17.0.8.1/java.lang.Object.wait(Native Method)
 com.mchange.v2.async.ThreadPoolAsynchronousRunner$PoolThread.run(ThreadPoolAsynchronousRunner.java:683)
13-Dec-2024 14:41:10.624 ADVERTENCIA [Catalina-utility-2] org.apache.catalina.loader.WebappClassLoaderBase.clearReferencesThreads The web application [reportserver] appears to have started a thread named [C3P0PooledConnectionPoolManager[identityToken->z8kfltb71hkhvs21pxz78o|7474bf08]-HelperThread-#1] but has failed to stop it. This is very likely to create a memory leak. Stack trace of thread:
 java.base@17.0.8.1/java.lang.Object.wait(Native Method)
 com.mchange.v2.async.ThreadPoolAsynchronousRunner$PoolThread.run(ThreadPoolAsynchronousRunner.java:683)
13-Dec-2024 14:41:10.625 ADVERTENCIA [Catalina-utility-2] org.apache.catalina.loader.WebappClassLoaderBase.clearReferencesThreads The web application [reportserver] appears to have started a thread named [C3P0PooledConnectionPoolManager[identityToken->z8kfltb71hkhvs21pxz78o|7474bf08]-HelperThread-#2] but has failed to stop it. This is very likely to create a memory leak. Stack trace of thread:
 java.base@17.0.8.1/java.lang.Object.wait(Native Method)
 com.mchange.v2.async.ThreadPoolAsynchronousRunner$PoolThread.run(ThreadPoolAsynchronousRunner.java:683)
13-Dec-2024 14:41:10.625 ADVERTENCIA [Catalina-utility-2] org.apache.catalina.loader.WebappClassLoaderBase.clearReferencesThreads The web application [reportserver] appears to have started a thread named [dwdaemon-JpaEventLoggerServiceImpl-1] but has failed to stop it. This is very likely to create a memory leak. Stack trace of thread:
 java.base@17.0.8.1/java.lang.Thread.sleep(Native Method)
 net.datenwerke.rs.utils.daemon.DwDaemonImpl.run(DwDaemonImpl.java:52)
 java.base@17.0.8.1/java.lang.Thread.run(Thread.java:833)
13-Dec-2024 14:41:10.626 ADVERTENCIA [Catalina-utility-2] org.apache.catalina.loader.WebappClassLoaderBase.clearReferencesThreads The web application [reportserver] appears to have started a thread named [dwdaemon-watchdog-JpaEventLoggerServiceImpl] but has failed to stop it. This is very likely to create a memory leak. Stack trace of thread:
 java.base@17.0.8.1/java.lang.Thread.sleep(Native Method)
 net.datenwerke.rs.utils.daemon.DwDaemonWatchdog.run(DwDaemonWatchdog.java:30)
 java.base@17.0.8.1/java.lang.Thread.run(Thread.java:833)
13-Dec-2024 14:41:10.627 ADVERTENCIA [Catalina-utility-2] org.apache.catalina.loader.WebappClassLoaderBase.clearReferencesThreads The web application [reportserver] appears to have started a thread named [Thread-21] but has failed to stop it. This is very likely to create a memory leak. Stack trace of thread:
 java.base@17.0.8.1/sun.nio.ch.KQueue.poll(Native Method)
 java.base@17.0.8.1/sun.nio.ch.KQueuePort$EventHandlerTask.poll(KQueuePort.java:200)
 java.base@17.0.8.1/sun.nio.ch.KQueuePort$EventHandlerTask.run(KQueuePort.java:287)
 java.base@17.0.8.1/java.lang.Thread.run(Thread.java:833)
13-Dec-2024 14:41:10.630 ADVERTENCIA [Catalina-utility-2] org.apache.catalina.loader.WebappClassLoaderBase.clearReferencesThreads The web application [reportserver] appears to have started a thread named [sshd-SshServer[258daf86](port=8022)-timer-thread-1] but has failed to stop it. This is very likely to create a memory leak. Stack trace of thread:
 java.base@17.0.8.1/jdk.internal.misc.Unsafe.park(Native Method)
 java.base@17.0.8.1/java.util.concurrent.locks.LockSupport.parkNanos(LockSupport.java:252)
 java.base@17.0.8.1/java.util.concurrent.locks.AbstractQueuedSynchronizer$ConditionObject.awaitNanos(AbstractQueuedSynchronizer.java:1672)
 java.base@17.0.8.1/java.util.concurrent.ScheduledThreadPoolExecutor$DelayedWorkQueue.take(ScheduledThreadPoolExecutor.java:1182)
 java.base@17.0.8.1/java.util.concurrent.ScheduledThreadPoolExecutor$DelayedWorkQueue.take(ScheduledThreadPoolExecutor.java:899)
 java.base@17.0.8.1/java.util.concurrent.ThreadPoolExecutor.getTask(ThreadPoolExecutor.java:1062)
 java.base@17.0.8.1/java.util.concurrent.ThreadPoolExecutor.runWorker(ThreadPoolExecutor.java:1122)
 java.base@17.0.8.1/java.util.concurrent.ThreadPoolExecutor$Worker.run(ThreadPoolExecutor.java:635)
 java.base@17.0.8.1/java.lang.Thread.run(Thread.java:833)
13-Dec-2024 14:41:10.631 ADVERTENCIA [Catalina-utility-2] org.apache.catalina.loader.WebappClassLoaderBase.clearReferencesThreads The web application [reportserver] appears to have started a thread named [dwdaemon-MaintenanceServiceImpl-1] but has failed to stop it. This is very likely to create a memory leak. Stack trace of thread:
 java.base@17.0.8.1/java.lang.Thread.sleep(Native Method)
 net.datenwerke.rs.utils.daemon.DwDaemonImpl.run(DwDaemonImpl.java:52)
 java.base@17.0.8.1/java.lang.Thread.run(Thread.java:833)
13-Dec-2024 14:41:10.631 ADVERTENCIA [Catalina-utility-2] org.apache.catalina.loader.WebappClassLoaderBase.clearReferencesThreads The web application [reportserver] appears to have started a thread named [dwdaemon-watchdog-MaintenanceServiceImpl] but has failed to stop it. This is very likely to create a memory leak. Stack trace of thread:
 java.base@17.0.8.1/java.lang.Thread.sleep(Native Method)
 net.datenwerke.rs.utils.daemon.DwDaemonWatchdog.run(DwDaemonWatchdog.java:30)
 java.base@17.0.8.1/java.lang.Thread.run(Thread.java:833)
13-Dec-2024 14:41:10.632 ADVERTENCIA [Catalina-utility-2] org.apache.catalina.loader.WebappClassLoaderBase.clearReferencesThreads The web application [reportserver] appears to have started a thread named [scheduler-watchdog] but has failed to stop it. This is very likely to create a memory leak. Stack trace of thread:
 java.base@17.0.8.1/java.lang.Thread.sleep(Native Method)
 net.datenwerke.scheduler.service.scheduler.SchedulerWatchdog.run(SchedulerWatchdog.java:32)
 java.base@17.0.8.1/java.lang.Thread.run(Thread.java:833)
13-Dec-2024 14:41:10.638 GRAVE [Catalina-utility-2] org.apache.catalina.loader.WebappClassLoaderBase.checkThreadLocalMapForLeaks La aplicación web [reportserver] creó un ThreadLocal con clave del tipo [java.lang.ThreadLocal] (valor [java.lang.ThreadLocal@14726225]) y un valor del tipo [org.hibernate.internal.SessionImpl] (valor [SessionImpl(1983059579<closed>)]) pero no pudo quitarlo cuando la aplicación web se paró. Los hilos se van a renovar con el tiempo para intentar evitar in posible fallo de memoria.
13-Dec-2024 14:41:11.522 INFORMACIÓN [dwdaemon-JpaEventLoggerServiceImpl-1] org.apache.catalina.loader.WebappClassLoaderBase.checkStateForResourceLoading Acceso ilegal: esta instancia de aplicación web ya ha sido parada.  Could not load [ch.qos.logback.classic.spi.ThrowableProxy].  La eventual traza de pila que sigue ha sido motivada por un error lanzado con motivos de depuración así como para intentar terminar el hilo que motivó el acceso ilegal y no tiene impacto funcional.
	java.lang.IllegalStateException: Acceso ilegal: esta instancia de aplicación web ya ha sido parada.  Could not load [ch.qos.logback.classic.spi.ThrowableProxy].  La eventual traza de pila que sigue ha sido motivada por un error lanzado con motivos de depuración así como para intentar terminar el hilo que motivó el acceso ilegal y no tiene impacto funcional.
		at org.apache.catalina.loader.WebappClassLoaderBase.checkStateForResourceLoading(WebappClassLoaderBase.java:1359)
		at org.apache.catalina.loader.WebappClassLoaderBase.checkStateForClassLoading(WebappClassLoaderBase.java:1347)
		at org.apache.catalina.loader.WebappClassLoaderBase.loadClass(WebappClassLoaderBase.java:1181)
		at org.apache.catalina.loader.WebappClassLoaderBase.loadClass(WebappClassLoaderBase.java:1148)
		at ch.qos.logback.classic.spi.LoggingEvent.<init>(LoggingEvent.java:143)
		at ch.qos.logback.classic.Logger.buildLoggingEventAndAppend(Logger.java:424)
		at ch.qos.logback.classic.Logger.filterAndLog_0_Or3Plus(Logger.java:386)
		at ch.qos.logback.classic.Logger.warn(Logger.java:697)
		at net.datenwerke.rs.utils.daemon.DwDaemonImpl.run(DwDaemonImpl.java:41)
		at java.base/java.lang.Thread.run(Thread.java:833)
13-Dec-2024 14:41:54.369 INFORMACIÓN [Catalina-utility-2] org.apache.jasper.servlet.TldScanner.scanJars Al menos un JAR, que se ha explorado buscando TLDs, aún no contenía TLDs. Activar historial de depuración para este historiador para una completa lista de los JARs que fueron explorados y de los que nos se halló TLDs. Saltarse JARs no necesarios durante la exploración puede dar lugar a una mejora de tiempo significativa en el arranque y compilación de JSP .
13-Dec-2024 14:41:58.531 INFORMACIÓN [Catalina-utility-2] org.apache.catalina.loader.WebappClassLoaderBase.checkStateForResourceLoading Acceso ilegal: esta instancia de aplicación web ya ha sido parada.  Could not load [org.bouncycastle.jcajce.provider.asymmetric.rsa.KeyFactorySpi].  La eventual traza de pila que sigue ha sido motivada por un error lanzado con motivos de depuración así como para intentar terminar el hilo que motivó el acceso ilegal y no tiene impacto funcional.
	java.lang.IllegalStateException: Acceso ilegal: esta instancia de aplicación web ya ha sido parada.  Could not load [org.bouncycastle.jcajce.provider.asymmetric.rsa.KeyFactorySpi].  La eventual traza de pila que sigue ha sido motivada por un error lanzado con motivos de depuración así como para intentar terminar el hilo que motivó el acceso ilegal y no tiene impacto funcional.
		at org.apache.catalina.loader.WebappClassLoaderBase.checkStateForResourceLoading(WebappClassLoaderBase.java:1359)
		at org.apache.catalina.loader.WebappClassLoaderBase.checkStateForClassLoading(WebappClassLoaderBase.java:1347)
		at org.apache.catalina.loader.WebappClassLoaderBase.loadClass(WebappClassLoaderBase.java:1181)
		at org.apache.catalina.loader.WebappClassLoaderBase.loadClass(WebappClassLoaderBase.java:1148)
		at java.base/java.security.Provider$Service.getImplClass(Provider.java:1946)
		at java.base/java.security.Provider$Service.getDefaultConstructor(Provider.java:1975)
		at java.base/java.security.Provider$Service.newInstanceOf(Provider.java:1889)
		at java.base/java.security.Provider$Service.newInstanceUtil(Provider.java:1897)
		at java.base/java.security.Provider$Service.newInstance(Provider.java:1872)
		at java.base/java.security.KeyFactory.nextSpi(KeyFactory.java:315)
		at java.base/java.security.KeyFactory.<init>(KeyFactory.java:137)
		at java.base/java.security.KeyFactory.getInstance(KeyFactory.java:183)
		at java.base/sun.security.x509.X509Key.buildX509Key(X509Key.java:221)
		at java.base/sun.security.x509.X509Key.parse(X509Key.java:171)
		at java.base/sun.security.x509.CertificateX509Key.<init>(CertificateX509Key.java:75)
		at java.base/sun.security.x509.X509CertInfo.parse(X509CertInfo.java:674)
		at java.base/sun.security.x509.X509CertInfo.<init>(X509CertInfo.java:169)
		at java.base/sun.security.x509.X509CertImpl.parse(X509CertImpl.java:1793)
		at java.base/sun.security.x509.X509CertImpl.<init>(X509CertImpl.java:184)
		at java.base/sun.security.provider.X509Factory.intern(X509Factory.java:172)
		at java.base/sun.security.x509.X509CertImpl.toImpl(X509CertImpl.java:1882)
		at java.base/sun.security.provider.certpath.AlgorithmChecker.check(AlgorithmChecker.java:224)
		at java.base/sun.security.ssl.AbstractTrustManagerWrapper.checkAlgorithmConstraints(SSLContextImpl.java:1569)
		at java.base/sun.security.ssl.AbstractTrustManagerWrapper.checkAdditionalTrust(SSLContextImpl.java:1498)
		at java.base/sun.security.ssl.AbstractTrustManagerWrapper.checkServerTrusted(SSLContextImpl.java:1442)
		at java.base/sun.security.ssl.CertificateMessage$T12CertificateConsumer.checkServerCerts(CertificateMessage.java:638)
		at java.base/sun.security.ssl.CertificateMessage$T12CertificateConsumer.onCertificate(CertificateMessage.java:473)
		at java.base/sun.security.ssl.CertificateMessage$T12CertificateConsumer.consume(CertificateMessage.java:369)
		at java.base/sun.security.ssl.SSLHandshake.consume(SSLHandshake.java:396)
		at java.base/sun.security.ssl.HandshakeContext.dispatch(HandshakeContext.java:480)
		at java.base/sun.security.ssl.HandshakeContext.dispatch(HandshakeContext.java:458)
		at java.base/sun.security.ssl.TransportContext.dispatch(TransportContext.java:201)
		at java.base/sun.security.ssl.SSLTransport.decode(SSLTransport.java:172)
		at java.base/sun.security.ssl.SSLSocketImpl.decode(SSLSocketImpl.java:1510)
		at java.base/sun.security.ssl.SSLSocketImpl.readHandshakeRecord(SSLSocketImpl.java:1425)
		at java.base/sun.security.ssl.SSLSocketImpl.startHandshake(SSLSocketImpl.java:455)
		at java.base/sun.security.ssl.SSLSocketImpl.startHandshake(SSLSocketImpl.java:426)
		at com.microsoft.sqlserver.jdbc.TDSChannel.enableSSL(IOBuffer.java:1854)
		at com.microsoft.sqlserver.jdbc.SQLServerConnection.connectHelper(SQLServerConnection.java:3797)
		at com.microsoft.sqlserver.jdbc.SQLServerConnection.login(SQLServerConnection.java:3385)
		at com.microsoft.sqlserver.jdbc.SQLServerConnection.connectInternal(SQLServerConnection.java:3194)
		at com.microsoft.sqlserver.jdbc.SQLServerConnection.connect(SQLServerConnection.java:1971)
		at com.microsoft.sqlserver.jdbc.SQLServerDriver.connect(SQLServerDriver.java:1263)
		at java.sql/java.sql.DriverManager.getConnection(DriverManager.java:681)
		at java.sql/java.sql.DriverManager.getConnection(DriverManager.java:229)
		at net.datenwerke.rs.EnvironmentValidator.openConnection(EnvironmentValidator.java:458)
		at net.datenwerke.rs.EnvironmentValidator.validatePersistence(EnvironmentValidator.java:353)
		at net.datenwerke.rs.EnvironmentValidator.startup(EnvironmentValidator.java:114)
		at net.datenwerke.rs.ReportServerServiceConfig.getInjector(ReportServerServiceConfig.java:293)
		at com.google.inject.servlet.GuiceServletContextListener.contextInitialized(GuiceServletContextListener.java:45)
		at net.datenwerke.gf.DwGwtFrameworkBase.contextInitialized(DwGwtFrameworkBase.java:57)
		at org.apache.catalina.core.StandardContext.listenerStart(StandardContext.java:4018)
		at org.apache.catalina.core.StandardContext.startInternal(StandardContext.java:4460)
		at org.apache.catalina.util.LifecycleBase.start(LifecycleBase.java:164)
		at org.apache.catalina.core.StandardContext.reload(StandardContext.java:3225)
		at org.apache.catalina.startup.HostConfig.reload(HostConfig.java:1415)
		at org.apache.catalina.startup.HostConfig.checkResources(HostConfig.java:1390)
		at org.apache.catalina.startup.HostConfig.check(HostConfig.java:1620)
		at org.apache.catalina.startup.HostConfig.lifecycleEvent(HostConfig.java:308)
		at org.apache.catalina.util.LifecycleBase.fireLifecycleEvent(LifecycleBase.java:109)
		at org.apache.catalina.core.ContainerBase.backgroundProcess(ContainerBase.java:973)
		at org.apache.catalina.core.ContainerBase$ContainerBackgroundProcessor.processChildren(ContainerBase.java:1172)
		at org.apache.catalina.core.ContainerBase$ContainerBackgroundProcessor.processChildren(ContainerBase.java:1176)
		at org.apache.catalina.core.ContainerBase$ContainerBackgroundProcessor.run(ContainerBase.java:1154)
		at java.base/java.util.concurrent.Executors$RunnableAdapter.call(Executors.java:539)
		at java.base/java.util.concurrent.FutureTask.runAndReset(FutureTask.java:305)
		at java.base/java.util.concurrent.ScheduledThreadPoolExecutor$ScheduledFutureTask.run(ScheduledThreadPoolExecutor.java:305)
		at java.base/java.util.concurrent.ThreadPoolExecutor.runWorker(ThreadPoolExecutor.java:1136)
		at java.base/java.util.concurrent.ThreadPoolExecutor$Worker.run(ThreadPoolExecutor.java:635)
		at org.apache.tomcat.util.threads.TaskThread$WrappingRunnable.run(TaskThread.java:63)
		at java.base/java.lang.Thread.run(Thread.java:833)
13-Dec-2024 14:42:12.277 INFORMACIÓN [main] org.apache.catalina.core.StandardServer.await Se ha recibido un comando de apagado a través del puerto de apagado. Parando la instancia del Servidor.
13-Dec-2024 14:42:12.279 INFORMACIÓN [main] org.apache.coyote.AbstractProtocol.pause Pausing ProtocolHandler ["http-nio-8081"]
13-Dec-2024 14:42:12.284 INFORMACIÓN [main] org.apache.catalina.core.StandardService.stopInternal Parando servicio [Catalina]
13-Dec-2024 14:42:16.067 INFORMACIÓN [main] org.apache.catalina.startup.VersionLoggerListener.log Nombre de la versión del servidor: Apache Tomcat/9.0.97
13-Dec-2024 14:42:16.145 INFORMACIÓN [main] org.apache.catalina.startup.VersionLoggerListener.log Server built:                      Nov 6 2024 19:55:19 UTC
13-Dec-2024 14:42:16.145 INFORMACIÓN [main] org.apache.catalina.startup.VersionLoggerListener.log Número de versión de servidor:     9.0.97.0
13-Dec-2024 14:42:16.146 INFORMACIÓN [main] org.apache.catalina.startup.VersionLoggerListener.log OS Name:                           Mac OS X
13-Dec-2024 14:42:16.146 INFORMACIÓN [main] org.apache.catalina.startup.VersionLoggerListener.log Versión de Systema Operativo:      13.6.4
13-Dec-2024 14:42:16.146 INFORMACIÓN [main] org.apache.catalina.startup.VersionLoggerListener.log Arquitectura:                      x86_64
13-Dec-2024 14:42:16.146 INFORMACIÓN [main] org.apache.catalina.startup.VersionLoggerListener.log Java Home:                         /Users/mariapaz/.sdkman/candidates/java/17.0.8.1-tem
13-Dec-2024 14:42:16.146 INFORMACIÓN [main] org.apache.catalina.startup.VersionLoggerListener.log JVM Version:                       17.0.8.1+1
13-Dec-2024 14:42:16.147 INFORMACIÓN [main] org.apache.catalina.startup.VersionLoggerListener.log Vededor JVM:                       Eclipse Adoptium
13-Dec-2024 14:42:16.147 INFORMACIÓN [main] org.apache.catalina.startup.VersionLoggerListener.log CATALINA_BASE:                     /Users/mariapaz/GeneradorFacturasMasivas/apache-tomcat-9.0.97
13-Dec-2024 14:42:16.147 INFORMACIÓN [main] org.apache.catalina.startup.VersionLoggerListener.log CATALINA_HOME:                     /Users/mariapaz/GeneradorFacturasMasivas/apache-tomcat-9.0.97
13-Dec-2024 14:42:16.150 INFORMACIÓN [main] org.apache.catalina.startup.VersionLoggerListener.log Command line argument:             --add-opens=java.base/java.lang=ALL-UNNAMED
13-Dec-2024 14:42:16.150 INFORMACIÓN [main] org.apache.catalina.startup.VersionLoggerListener.log Command line argument:             --add-opens=java.base/java.io=ALL-UNNAMED
13-Dec-2024 14:42:16.150 INFORMACIÓN [main] org.apache.catalina.startup.VersionLoggerListener.log Command line argument:             --add-opens=java.base/java.util=ALL-UNNAMED
13-Dec-2024 14:42:16.151 INFORMACIÓN [main] org.apache.catalina.startup.VersionLoggerListener.log Command line argument:             --add-opens=java.base/java.util.concurrent=ALL-UNNAMED
13-Dec-2024 14:42:16.151 INFORMACIÓN [main] org.apache.catalina.startup.VersionLoggerListener.log Command line argument:             --add-opens=java.rmi/sun.rmi.transport=ALL-UNNAMED
13-Dec-2024 14:42:16.156 INFORMACIÓN [main] org.apache.catalina.startup.VersionLoggerListener.log Command line argument:             -Djava.util.logging.config.file=/Users/mariapaz/GeneradorFacturasMasivas/apache-tomcat-9.0.97/conf/logging.properties
13-Dec-2024 14:42:16.156 INFORMACIÓN [main] org.apache.catalina.startup.VersionLoggerListener.log Command line argument:             -Djava.util.logging.manager=org.apache.juli.ClassLoaderLogManager
13-Dec-2024 14:42:16.157 INFORMACIÓN [main] org.apache.catalina.startup.VersionLoggerListener.log Command line argument:             -Djava.security.egd=file:/dev/urandom
13-Dec-2024 14:42:16.157 INFORMACIÓN [main] org.apache.catalina.startup.VersionLoggerListener.log Command line argument:             -Djdk.tls.ephemeralDHKeySize=2048
13-Dec-2024 14:42:16.157 INFORMACIÓN [main] org.apache.catalina.startup.VersionLoggerListener.log Command line argument:             -Djava.protocol.handler.pkgs=org.apache.catalina.webresources
13-Dec-2024 14:42:16.164 INFORMACIÓN [main] org.apache.catalina.startup.VersionLoggerListener.log Command line argument:             -Dorg.apache.catalina.security.SecurityListener.UMASK=0027
13-Dec-2024 14:42:16.165 INFORMACIÓN [main] org.apache.catalina.startup.VersionLoggerListener.log Command line argument:             -Drs.configdir=/Users/mariapaz/GeneradorFacturasMasivas/apache-tomcat-9.0.97/webapps/reportserver/WEB-INF
13-Dec-2024 14:42:16.165 INFORMACIÓN [main] org.apache.catalina.startup.VersionLoggerListener.log Command line argument:             -Xmx4096M
13-Dec-2024 14:42:16.166 INFORMACIÓN [main] org.apache.catalina.startup.VersionLoggerListener.log Command line argument:             -Dfile.encoding=UTF8
13-Dec-2024 14:42:16.166 INFORMACIÓN [main] org.apache.catalina.startup.VersionLoggerListener.log Command line argument:             --add-opens=java.base/java.net=ALL-UNNAMED
13-Dec-2024 14:42:16.167 INFORMACIÓN [main] org.apache.catalina.startup.VersionLoggerListener.log Command line argument:             --add-opens=java.base/jdk.internal.ref=ALL-UNNAMED
13-Dec-2024 14:42:16.170 INFORMACIÓN [main] org.apache.catalina.startup.VersionLoggerListener.log Command line argument:             --add-opens=java.base/jdk.internal.reflect=ALL-UNNAMED
13-Dec-2024 14:42:16.170 INFORMACIÓN [main] org.apache.catalina.startup.VersionLoggerListener.log Command line argument:             --add-opens=java.base/java.lang.invoke=ALL-UNNAMED
13-Dec-2024 14:42:16.170 INFORMACIÓN [main] org.apache.catalina.startup.VersionLoggerListener.log Command line argument:             --add-opens=java.base/java.util=ALL-UNNAMED
13-Dec-2024 14:42:16.170 INFORMACIÓN [main] org.apache.catalina.startup.VersionLoggerListener.log Command line argument:             --add-opens=java.base/java.lang.ref=ALL-UNNAMED
13-Dec-2024 14:42:16.171 INFORMACIÓN [main] org.apache.catalina.startup.VersionLoggerListener.log Command line argument:             --add-opens=java.base/java.lang.reflect=ALL-UNNAMED
13-Dec-2024 14:42:16.171 INFORMACIÓN [main] org.apache.catalina.startup.VersionLoggerListener.log Command line argument:             --add-opens=java.base/sun.reflect.generics.repository=ALL-UNNAMED
13-Dec-2024 14:42:16.171 INFORMACIÓN [main] org.apache.catalina.startup.VersionLoggerListener.log Command line argument:             -Dignore.endorsed.dirs=
13-Dec-2024 14:42:16.171 INFORMACIÓN [main] org.apache.catalina.startup.VersionLoggerListener.log Command line argument:             -Dcatalina.base=/Users/mariapaz/GeneradorFacturasMasivas/apache-tomcat-9.0.97
13-Dec-2024 14:42:16.171 INFORMACIÓN [main] org.apache.catalina.startup.VersionLoggerListener.log Command line argument:             -Dcatalina.home=/Users/mariapaz/GeneradorFacturasMasivas/apache-tomcat-9.0.97
13-Dec-2024 14:42:16.171 INFORMACIÓN [main] org.apache.catalina.startup.VersionLoggerListener.log Command line argument:             -Djava.io.tmpdir=/Users/mariapaz/GeneradorFacturasMasivas/apache-tomcat-9.0.97/temp
13-Dec-2024 14:42:16.493 INFORMACIÓN [main] org.apache.catalina.core.AprLifecycleListener.lifecycleEvent La biblioteca nativa de Apache Tomcat basada en ARP que permite un rendimiento óptimo en entornos de desarrollo no ha sido hallada en java.library.path: [/Users/mariapaz/Library/Java/Extensions:/Library/Java/Extensions:/Network/Library/Java/Extensions:/System/Library/Java/Extensions:/usr/lib/java:.]
13-Dec-2024 14:42:18.367 INFORMACIÓN [main] org.apache.coyote.AbstractProtocol.init Inicializando el manejador de protocolo ["http-nio-8081"]

13-Dec-2024 14:42:18.474 GRAVE [main] org.apache.catalina.util.LifecycleBase.handleSubClassException Fallo al iniciar el componente [Connector["http-nio-8081"]]
	org.apache.catalina.LifecycleException: Falló la inicialización del manejador de protocolo
		at org.apache.catalina.connector.Connector.initInternal(Connector.java:1027)
		at org.apache.catalina.util.LifecycleBase.init(LifecycleBase.java:122)
		at org.apache.catalina.core.StandardService.initInternal(StandardService.java:525)
		at org.apache.catalina.util.LifecycleBase.init(LifecycleBase.java:122)
		at org.apache.catalina.core.StandardServer.initInternal(StandardServer.java:986)
		at org.apache.catalina.util.LifecycleBase.init(LifecycleBase.java:122)
		at org.apache.catalina.startup.Catalina.load(Catalina.java:686)
		at org.apache.catalina.startup.Catalina.load(Catalina.java:709)
		at java.base/jdk.internal.reflect.NativeMethodAccessorImpl.invoke0(Native Method)
		at java.base/jdk.internal.reflect.NativeMethodAccessorImpl.invoke(NativeMethodAccessorImpl.java:77)
		at java.base/jdk.internal.reflect.DelegatingMethodAccessorImpl.invoke(DelegatingMethodAccessorImpl.java:43)
		at java.base/java.lang.reflect.Method.invoke(Method.java:568)
		at org.apache.catalina.startup.Bootstrap.load(Bootstrap.java:302)
		at org.apache.catalina.startup.Bootstrap.main(Bootstrap.java:472)
	Caused by: java.net.BindException: Address already in use
		at java.base/sun.nio.ch.Net.bind0(Native Method)
		at java.base/sun.nio.ch.Net.bind(Net.java:555)
		at java.base/sun.nio.ch.ServerSocketChannelImpl.netBind(ServerSocketChannelImpl.java:337)
		at java.base/sun.nio.ch.ServerSocketChannelImpl.bind(ServerSocketChannelImpl.java:294)
		at org.apache.tomcat.util.net.NioEndpoint.initServerSocket(NioEndpoint.java:268)
		at org.apache.tomcat.util.net.NioEndpoint.bind(NioEndpoint.java:223)
		at org.apache.tomcat.util.net.AbstractEndpoint.bindWithCleanup(AbstractEndpoint.java:1373)
		at org.apache.tomcat.util.net.AbstractEndpoint.init(AbstractEndpoint.java:1386)
		at org.apache.coyote.AbstractProtocol.init(AbstractProtocol.java:663)
		at org.apache.coyote.http11.AbstractHttp11Protocol.init(AbstractHttp11Protocol.java:80)
		at org.apache.catalina.connector.Connector.initInternal(Connector.java:1025)
		... 13 more
13-Dec-2024 14:42:18.512 INFORMACIÓN [main] org.apache.catalina.startup.Catalina.load Server initialization in [3393] milliseconds
13-Dec-2024 14:42:18.653 INFORMACIÓN [main] org.apache.catalina.core.StandardService.startInternal Arrancando servicio [Catalina]
13-Dec-2024 14:42:18.654 INFORMACIÓN [main] org.apache.catalina.core.StandardEngine.startInternal Starting Servlet engine: [Apache Tomcat/9.0.97]
13-Dec-2024 14:42:18.676 INFORMACIÓN [main] org.apache.catalina.startup.HostConfig.deployDirectory Desplegando el directorio [/Users/mariapaz/GeneradorFacturasMasivas/apache-tomcat-9.0.97/webapps/reportserver] de la aplicación web
13-Dec-2024 14:43:16.926 INFORMACIÓN [main] org.apache.jasper.servlet.TldScanner.scanJars Al menos un JAR, que se ha explorado buscando TLDs, aún no contenía TLDs. Activar historial de depuración para este historiador para una completa lista de los JARs que fueron explorados y de los que nos se halló TLDs. Saltarse JARs no necesarios durante la exploración puede dar lugar a una mejora de tiempo significativa en el arranque y compilación de JSP .
13-Dec-2024 14:44:00.474 INFORMACIÓN [Catalina-utility-2] org.apache.catalina.core.StandardContext.reload Se ha completado la recarga de este Contexto
13-Dec-2024 14:44:00.680 ADVERTENCIA [main] org.apache.catalina.loader.WebappClassLoaderBase.clearReferencesJdbc La aplicación web [reportserver] registró el conductor JDBC [com.microsoft.sqlserver.jdbc.SQLServerDriver] pero falló al anular el registro mientras la aplicación web estaba parada. Para prevenir un fallo de memoria, se ha anulado el registro del conductor JDBC por la fuerza.
13-Dec-2024 14:44:00.681 ADVERTENCIA [main] org.apache.catalina.loader.WebappClassLoaderBase.clearReferencesThreads The web application [reportserver] appears to have started a thread named [org.apache.commons.vfs2.cache.SoftRefFilesCache$ReleaseThread] but has failed to stop it. This is very likely to create a memory leak. Stack trace of thread:
 java.base@17.0.8.1/java.lang.Object.wait(Native Method)
 java.base@17.0.8.1/java.lang.ref.ReferenceQueue.remove(ReferenceQueue.java:155)
 org.apache.commons.vfs2.cache.SoftRefFilesCache$ReleaseThread.run(SoftRefFilesCache.java:54)
13-Dec-2024 14:44:00.683 ADVERTENCIA [main] org.apache.catalina.loader.WebappClassLoaderBase.clearReferencesThreads The web application [reportserver] appears to have started a thread named [C3P0PooledConnectionPoolManager[identityToken->z8kfltb71hp8rhj1ud1ar1|60881bfc]-AdminTaskTimer] but has failed to stop it. This is very likely to create a memory leak. Stack trace of thread:
 java.base@17.0.8.1/java.lang.Object.wait(Native Method)
 java.base@17.0.8.1/java.util.TimerThread.mainLoop(Timer.java:563)
 java.base@17.0.8.1/java.util.TimerThread.run(Timer.java:516)
13-Dec-2024 14:44:00.684 ADVERTENCIA [main] org.apache.catalina.loader.WebappClassLoaderBase.clearReferencesThreads The web application [reportserver] appears to have started a thread named [C3P0PooledConnectionPoolManager[identityToken->z8kfltb71hp8rhj1ud1ar1|60881bfc]-HelperThread-#0] but has failed to stop it. This is very likely to create a memory leak. Stack trace of thread:
 java.base@17.0.8.1/java.lang.Object.wait(Native Method)
 com.mchange.v2.async.ThreadPoolAsynchronousRunner$PoolThread.run(ThreadPoolAsynchronousRunner.java:683)
13-Dec-2024 14:44:00.685 ADVERTENCIA [main] org.apache.catalina.loader.WebappClassLoaderBase.clearReferencesThreads The web application [reportserver] appears to have started a thread named [C3P0PooledConnectionPoolManager[identityToken->z8kfltb71hp8rhj1ud1ar1|60881bfc]-HelperThread-#1] but has failed to stop it. This is very likely to create a memory leak. Stack trace of thread:
 java.base@17.0.8.1/java.lang.Object.wait(Native Method)
 com.mchange.v2.async.ThreadPoolAsynchronousRunner$PoolThread.run(ThreadPoolAsynchronousRunner.java:683)
13-Dec-2024 14:44:00.687 ADVERTENCIA [main] org.apache.catalina.loader.WebappClassLoaderBase.clearReferencesThreads The web application [reportserver] appears to have started a thread named [C3P0PooledConnectionPoolManager[identityToken->z8kfltb71hp8rhj1ud1ar1|60881bfc]-HelperThread-#2] but has failed to stop it. This is very likely to create a memory leak. Stack trace of thread:
 java.base@17.0.8.1/java.lang.Object.wait(Native Method)
 com.mchange.v2.async.ThreadPoolAsynchronousRunner$PoolThread.run(ThreadPoolAsynchronousRunner.java:683)
13-Dec-2024 14:44:00.688 ADVERTENCIA [main] org.apache.catalina.loader.WebappClassLoaderBase.clearReferencesThreads The web application [reportserver] appears to have started a thread named [dwdaemon-JpaEventLoggerServiceImpl-1] but has failed to stop it. This is very likely to create a memory leak. Stack trace of thread:
 java.base@17.0.8.1/java.lang.Thread.sleep(Native Method)
 net.datenwerke.rs.utils.daemon.DwDaemonImpl.run(DwDaemonImpl.java:52)
 java.base@17.0.8.1/java.lang.Thread.run(Thread.java:833)
13-Dec-2024 14:44:00.689 ADVERTENCIA [main] org.apache.catalina.loader.WebappClassLoaderBase.clearReferencesThreads The web application [reportserver] appears to have started a thread named [dwdaemon-watchdog-JpaEventLoggerServiceImpl] but has failed to stop it. This is very likely to create a memory leak. Stack trace of thread:
 java.base@17.0.8.1/java.lang.Thread.sleep(Native Method)
 net.datenwerke.rs.utils.daemon.DwDaemonWatchdog.run(DwDaemonWatchdog.java:30)
 java.base@17.0.8.1/java.lang.Thread.run(Thread.java:833)
13-Dec-2024 14:44:00.689 ADVERTENCIA [main] org.apache.catalina.loader.WebappClassLoaderBase.clearReferencesThreads The web application [reportserver] appears to have started a thread named [Thread-43] but has failed to stop it. This is very likely to create a memory leak. Stack trace of thread:
 java.base@17.0.8.1/sun.nio.ch.KQueue.poll(Native Method)
 java.base@17.0.8.1/sun.nio.ch.KQueuePort$EventHandlerTask.poll(KQueuePort.java:200)
 java.base@17.0.8.1/sun.nio.ch.KQueuePort$EventHandlerTask.run(KQueuePort.java:287)
 java.base@17.0.8.1/java.lang.Thread.run(Thread.java:833)
13-Dec-2024 14:44:00.704 ADVERTENCIA [main] org.apache.catalina.loader.WebappClassLoaderBase.clearReferencesThreads The web application [reportserver] appears to have started a thread named [sshd-SshServer[77ea89c0](port=8022)-timer-thread-1] but has failed to stop it. This is very likely to create a memory leak. Stack trace of thread:
 java.base@17.0.8.1/jdk.internal.misc.Unsafe.park(Native Method)
 java.base@17.0.8.1/java.util.concurrent.locks.LockSupport.parkNanos(LockSupport.java:252)
 java.base@17.0.8.1/java.util.concurrent.locks.AbstractQueuedSynchronizer$ConditionObject.awaitNanos(AbstractQueuedSynchronizer.java:1672)
 java.base@17.0.8.1/java.util.concurrent.ScheduledThreadPoolExecutor$DelayedWorkQueue.take(ScheduledThreadPoolExecutor.java:1182)
 java.base@17.0.8.1/java.util.concurrent.ScheduledThreadPoolExecutor$DelayedWorkQueue.take(ScheduledThreadPoolExecutor.java:899)
 java.base@17.0.8.1/java.util.concurrent.ThreadPoolExecutor.getTask(ThreadPoolExecutor.java:1062)
 java.base@17.0.8.1/java.util.concurrent.ThreadPoolExecutor.runWorker(ThreadPoolExecutor.java:1122)
 java.base@17.0.8.1/java.util.concurrent.ThreadPoolExecutor$Worker.run(ThreadPoolExecutor.java:635)
 java.base@17.0.8.1/java.lang.Thread.run(Thread.java:833)
13-Dec-2024 14:44:00.709 ADVERTENCIA [main] org.apache.catalina.loader.WebappClassLoaderBase.clearReferencesThreads The web application [reportserver] appears to have started a thread named [dwdaemon-MaintenanceServiceImpl-1] but has failed to stop it. This is very likely to create a memory leak. Stack trace of thread:
 java.base@17.0.8.1/java.lang.Thread.sleep(Native Method)
 net.datenwerke.rs.utils.daemon.DwDaemonImpl.run(DwDaemonImpl.java:52)
 java.base@17.0.8.1/java.lang.Thread.run(Thread.java:833)
13-Dec-2024 14:44:00.710 ADVERTENCIA [main] org.apache.catalina.loader.WebappClassLoaderBase.clearReferencesThreads The web application [reportserver] appears to have started a thread named [dwdaemon-watchdog-MaintenanceServiceImpl] but has failed to stop it. This is very likely to create a memory leak. Stack trace of thread:
 java.base@17.0.8.1/java.lang.Thread.sleep(Native Method)
 net.datenwerke.rs.utils.daemon.DwDaemonWatchdog.run(DwDaemonWatchdog.java:30)
 java.base@17.0.8.1/java.lang.Thread.run(Thread.java:833)
13-Dec-2024 14:44:00.710 ADVERTENCIA [main] org.apache.catalina.loader.WebappClassLoaderBase.clearReferencesThreads The web application [reportserver] appears to have started a thread named [Thread-32] but has failed to stop it. This is very likely to create a memory leak. Stack trace of thread:
 java.base@17.0.8.1/java.lang.Thread.sleep(Native Method)
 net.datenwerke.rs.scheduler.service.scheduler.RsSchedulerStartup.lambda$0(RsSchedulerStartup.java:115)
 net.datenwerke.rs.scheduler.service.scheduler.RsSchedulerStartup$$Lambda$2001/0x0000000223a79a98.run(Unknown Source)
 java.base@17.0.8.1/java.lang.Thread.run(Thread.java:833)
13-Dec-2024 14:44:00.711 GRAVE [main] org.apache.catalina.loader.WebappClassLoaderBase.checkThreadLocalMapForLeaks La aplicación web [reportserver] creó un ThreadLocal con clave del tipo [java.lang.ThreadLocal] (valor [java.lang.ThreadLocal@260d5082]) y un valor del tipo [org.hibernate.internal.SessionImpl] (valor [SessionImpl(764826623<closed>)]) pero no pudo quitarlo cuando la aplicación web se paró. Los hilos se van a renovar con el tiempo para intentar evitar in posible fallo de memoria.
13-Dec-2024 14:44:00.712 GRAVE [main] org.apache.catalina.loader.WebappClassLoaderBase.checkThreadLocalMapForLeaks La aplicación web [reportserver] creó un ThreadLocal con clave del tipo [java.lang.ThreadLocal] (valor [java.lang.ThreadLocal@260d5082]) y un valor del tipo [org.hibernate.internal.SessionImpl] (valor [SessionImpl(348215487<closed>)]) pero no pudo quitarlo cuando la aplicación web se paró. Los hilos se van a renovar con el tiempo para intentar evitar in posible fallo de memoria.
13-Dec-2024 14:44:00.740 INFORMACIÓN [main] org.apache.coyote.AbstractProtocol.stop Stopping ProtocolHandler ["http-nio-8081"]
13-Dec-2024 14:44:00.760 INFORMACIÓN [main] org.apache.coyote.AbstractProtocol.destroy Destroying ProtocolHandler ["http-nio-8081"]
13-Dec-2024 14:46:16.996 INFORMACIÓN [main] org.apache.catalina.startup.HostConfig.deployDirectory Deployment of web application directory [/Users/mariapaz/GeneradorFacturasMasivas/apache-tomcat-9.0.97/webapps/reportserver] has finished in [238.320] ms
13-Dec-2024 14:46:16.997 INFORMACIÓN [main] org.apache.catalina.startup.HostConfig.deployDirectory Desplegando el directorio [/Users/mariapaz/GeneradorFacturasMasivas/apache-tomcat-9.0.97/webapps/docs] de la aplicación web
13-Dec-2024 14:46:17.605 INFORMACIÓN [main] org.apache.jasper.servlet.TldScanner.scanJars Al menos un JAR, que se ha explorado buscando TLDs, aún no contenía TLDs. Activar historial de depuración para este historiador para una completa lista de los JARs que fueron explorados y de los que nos se halló TLDs. Saltarse JARs no necesarios durante la exploración puede dar lugar a una mejora de tiempo significativa en el arranque y compilación de JSP .
13-Dec-2024 14:46:17.609 INFORMACIÓN [main] org.apache.catalina.startup.HostConfig.deployDirectory Deployment of web application directory [/Users/mariapaz/GeneradorFacturasMasivas/apache-tomcat-9.0.97/webapps/docs] has finished in [612] ms
13-Dec-2024 14:46:17.610 INFORMACIÓN [main] org.apache.catalina.startup.HostConfig.deployDirectory Desplegando el directorio [/Users/mariapaz/GeneradorFacturasMasivas/apache-tomcat-9.0.97/webapps/manager] de la aplicación web
13-Dec-2024 14:46:18.128 INFORMACIÓN [main] org.apache.jasper.servlet.TldScanner.scanJars Al menos un JAR, que se ha explorado buscando TLDs, aún no contenía TLDs. Activar historial de depuración para este historiador para una completa lista de los JARs que fueron explorados y de los que nos se halló TLDs. Saltarse JARs no necesarios durante la exploración puede dar lugar a una mejora de tiempo significativa en el arranque y compilación de JSP .
13-Dec-2024 14:46:18.154 INFORMACIÓN [main] org.apache.catalina.startup.HostConfig.deployDirectory Deployment of web application directory [/Users/mariapaz/GeneradorFacturasMasivas/apache-tomcat-9.0.97/webapps/manager] has finished in [543] ms
13-Dec-2024 14:46:18.154 INFORMACIÓN [main] org.apache.catalina.startup.HostConfig.deployDirectory Desplegando el directorio [/Users/mariapaz/GeneradorFacturasMasivas/apache-tomcat-9.0.97/webapps/examples] de la aplicación web
13-Dec-2024 14:46:19.494 INFORMACIÓN [main] org.apache.jasper.servlet.TldScanner.scanJars Al menos un JAR, que se ha explorado buscando TLDs, aún no contenía TLDs. Activar historial de depuración para este historiador para una completa lista de los JARs que fueron explorados y de los que nos se halló TLDs. Saltarse JARs no necesarios durante la exploración puede dar lugar a una mejora de tiempo significativa en el arranque y compilación de JSP .
13-Dec-2024 14:46:19.542 INFORMACIÓN [main] org.apache.catalina.startup.HostConfig.deployDirectory Deployment of web application directory [/Users/mariapaz/GeneradorFacturasMasivas/apache-tomcat-9.0.97/webapps/examples] has finished in [1.388] ms
13-Dec-2024 14:46:19.542 INFORMACIÓN [main] org.apache.catalina.startup.HostConfig.deployDirectory Desplegando el directorio [/Users/mariapaz/GeneradorFacturasMasivas/apache-tomcat-9.0.97/webapps/ROOT] de la aplicación web
13-Dec-2024 14:46:21.167 INFORMACIÓN [main] org.apache.jasper.servlet.TldScanner.scanJars Al menos un JAR, que se ha explorado buscando TLDs, aún no contenía TLDs. Activar historial de depuración para este historiador para una completa lista de los JARs que fueron explorados y de los que nos se halló TLDs. Saltarse JARs no necesarios durante la exploración puede dar lugar a una mejora de tiempo significativa en el arranque y compilación de JSP .
13-Dec-2024 14:46:21.170 INFORMACIÓN [main] org.apache.catalina.startup.HostConfig.deployDirectory Deployment of web application directory [/Users/mariapaz/GeneradorFacturasMasivas/apache-tomcat-9.0.97/webapps/ROOT] has finished in [1.628] ms
13-Dec-2024 14:46:21.173 INFORMACIÓN [main] org.apache.catalina.startup.HostConfig.deployDirectory Desplegando el directorio [/Users/mariapaz/GeneradorFacturasMasivas/apache-tomcat-9.0.97/webapps/host-manager] de la aplicación web
13-Dec-2024 14:46:21.877 INFORMACIÓN [main] org.apache.jasper.servlet.TldScanner.scanJars Al menos un JAR, que se ha explorado buscando TLDs, aún no contenía TLDs. Activar historial de depuración para este historiador para una completa lista de los JARs que fueron explorados y de los que nos se halló TLDs. Saltarse JARs no necesarios durante la exploración puede dar lugar a una mejora de tiempo significativa en el arranque y compilación de JSP .
13-Dec-2024 14:46:21.881 INFORMACIÓN [main] org.apache.catalina.startup.HostConfig.deployDirectory Deployment of web application directory [/Users/mariapaz/GeneradorFacturasMasivas/apache-tomcat-9.0.97/webapps/host-manager] has finished in [709] ms
13-Dec-2024 14:46:21.889 INFORMACIÓN [main] org.apache.catalina.startup.Catalina.start Server startup in [243382] milliseconds
13-Dec-2024 14:49:16.990 INFORMACIÓN [main] org.apache.catalina.startup.VersionLoggerListener.log Nombre de la versión del servidor: Apache Tomcat/9.0.97
13-Dec-2024 14:49:17.004 INFORMACIÓN [main] org.apache.catalina.startup.VersionLoggerListener.log Server built:                      Nov 6 2024 19:55:19 UTC
13-Dec-2024 14:49:17.005 INFORMACIÓN [main] org.apache.catalina.startup.VersionLoggerListener.log Número de versión de servidor:     9.0.97.0
13-Dec-2024 14:49:17.006 INFORMACIÓN [main] org.apache.catalina.startup.VersionLoggerListener.log OS Name:                           Mac OS X
13-Dec-2024 14:49:17.006 INFORMACIÓN [main] org.apache.catalina.startup.VersionLoggerListener.log Versión de Systema Operativo:      13.6.4
13-Dec-2024 14:49:17.007 INFORMACIÓN [main] org.apache.catalina.startup.VersionLoggerListener.log Arquitectura:                      x86_64
13-Dec-2024 14:49:17.007 INFORMACIÓN [main] org.apache.catalina.startup.VersionLoggerListener.log Java Home:                         /Users/mariapaz/.sdkman/candidates/java/17.0.8.1-tem
13-Dec-2024 14:49:17.008 INFORMACIÓN [main] org.apache.catalina.startup.VersionLoggerListener.log JVM Version:                       17.0.8.1+1
13-Dec-2024 14:49:17.009 INFORMACIÓN [main] org.apache.catalina.startup.VersionLoggerListener.log Vededor JVM:                       Eclipse Adoptium
13-Dec-2024 14:49:17.009 INFORMACIÓN [main] org.apache.catalina.startup.VersionLoggerListener.log CATALINA_BASE:                     /Users/mariapaz/GeneradorFacturasMasivas/apache-tomcat-9.0.97
13-Dec-2024 14:49:17.010 INFORMACIÓN [main] org.apache.catalina.startup.VersionLoggerListener.log CATALINA_HOME:                     /Users/mariapaz/GeneradorFacturasMasivas/apache-tomcat-9.0.97
13-Dec-2024 14:49:17.042 INFORMACIÓN [main] org.apache.catalina.startup.VersionLoggerListener.log Command line argument:             --add-opens=java.base/java.lang=ALL-UNNAMED
13-Dec-2024 14:49:17.043 INFORMACIÓN [main] org.apache.catalina.startup.VersionLoggerListener.log Command line argument:             --add-opens=java.base/java.io=ALL-UNNAMED
13-Dec-2024 14:49:17.044 INFORMACIÓN [main] org.apache.catalina.startup.VersionLoggerListener.log Command line argument:             --add-opens=java.base/java.util=ALL-UNNAMED
13-Dec-2024 14:49:17.044 INFORMACIÓN [main] org.apache.catalina.startup.VersionLoggerListener.log Command line argument:             --add-opens=java.base/java.util.concurrent=ALL-UNNAMED
13-Dec-2024 14:49:17.045 INFORMACIÓN [main] org.apache.catalina.startup.VersionLoggerListener.log Command line argument:             --add-opens=java.rmi/sun.rmi.transport=ALL-UNNAMED
13-Dec-2024 14:49:17.045 INFORMACIÓN [main] org.apache.catalina.startup.VersionLoggerListener.log Command line argument:             -Djava.util.logging.config.file=/Users/mariapaz/GeneradorFacturasMasivas/apache-tomcat-9.0.97/conf/logging.properties
13-Dec-2024 14:49:17.046 INFORMACIÓN [main] org.apache.catalina.startup.VersionLoggerListener.log Command line argument:             -Djava.util.logging.manager=org.apache.juli.ClassLoaderLogManager
13-Dec-2024 14:49:17.059 INFORMACIÓN [main] org.apache.catalina.startup.VersionLoggerListener.log Command line argument:             -Djava.security.egd=file:/dev/urandom
13-Dec-2024 14:49:17.060 INFORMACIÓN [main] org.apache.catalina.startup.VersionLoggerListener.log Command line argument:             -Djdk.tls.ephemeralDHKeySize=2048
13-Dec-2024 14:49:17.060 INFORMACIÓN [main] org.apache.catalina.startup.VersionLoggerListener.log Command line argument:             -Djava.protocol.handler.pkgs=org.apache.catalina.webresources
13-Dec-2024 14:49:17.061 INFORMACIÓN [main] org.apache.catalina.startup.VersionLoggerListener.log Command line argument:             -Dorg.apache.catalina.security.SecurityListener.UMASK=0027
13-Dec-2024 14:49:17.061 INFORMACIÓN [main] org.apache.catalina.startup.VersionLoggerListener.log Command line argument:             -Drs.configdir=/Users/mariapaz/GeneradorFacturasMasivas/apache-tomcat-9.0.97/webapps/reportserver/WEB-INF
13-Dec-2024 14:49:17.061 INFORMACIÓN [main] org.apache.catalina.startup.VersionLoggerListener.log Command line argument:             -Xmx4096M
13-Dec-2024 14:49:17.062 INFORMACIÓN [main] org.apache.catalina.startup.VersionLoggerListener.log Command line argument:             -Dfile.encoding=UTF8
13-Dec-2024 14:49:17.062 INFORMACIÓN [main] org.apache.catalina.startup.VersionLoggerListener.log Command line argument:             --add-opens=java.base/java.net=ALL-UNNAMED
13-Dec-2024 14:49:17.062 INFORMACIÓN [main] org.apache.catalina.startup.VersionLoggerListener.log Command line argument:             --add-opens=java.base/jdk.internal.ref=ALL-UNNAMED
13-Dec-2024 14:49:17.077 INFORMACIÓN [main] org.apache.catalina.startup.VersionLoggerListener.log Command line argument:             --add-opens=java.base/jdk.internal.reflect=ALL-UNNAMED
13-Dec-2024 14:49:17.078 INFORMACIÓN [main] org.apache.catalina.startup.VersionLoggerListener.log Command line argument:             --add-opens=java.base/java.lang.invoke=ALL-UNNAMED
13-Dec-2024 14:49:17.078 INFORMACIÓN [main] org.apache.catalina.startup.VersionLoggerListener.log Command line argument:             --add-opens=java.base/java.util=ALL-UNNAMED
13-Dec-2024 14:49:17.079 INFORMACIÓN [main] org.apache.catalina.startup.VersionLoggerListener.log Command line argument:             --add-opens=java.base/java.lang.ref=ALL-UNNAMED
13-Dec-2024 14:49:17.083 INFORMACIÓN [main] org.apache.catalina.startup.VersionLoggerListener.log Command line argument:             --add-opens=java.base/java.lang.reflect=ALL-UNNAMED
13-Dec-2024 14:49:17.084 INFORMACIÓN [main] org.apache.catalina.startup.VersionLoggerListener.log Command line argument:             --add-opens=java.base/sun.reflect.generics.repository=ALL-UNNAMED
13-Dec-2024 14:49:17.087 INFORMACIÓN [main] org.apache.catalina.startup.VersionLoggerListener.log Command line argument:             -Dignore.endorsed.dirs=
13-Dec-2024 14:49:17.088 INFORMACIÓN [main] org.apache.catalina.startup.VersionLoggerListener.log Command line argument:             -Dcatalina.base=/Users/mariapaz/GeneradorFacturasMasivas/apache-tomcat-9.0.97
13-Dec-2024 14:49:17.091 INFORMACIÓN [main] org.apache.catalina.startup.VersionLoggerListener.log Command line argument:             -Dcatalina.home=/Users/mariapaz/GeneradorFacturasMasivas/apache-tomcat-9.0.97
13-Dec-2024 14:49:17.091 INFORMACIÓN [main] org.apache.catalina.startup.VersionLoggerListener.log Command line argument:             -Djava.io.tmpdir=/Users/mariapaz/GeneradorFacturasMasivas/apache-tomcat-9.0.97/temp
13-Dec-2024 14:49:17.145 INFORMACIÓN [main] org.apache.catalina.core.AprLifecycleListener.lifecycleEvent La biblioteca nativa de Apache Tomcat basada en ARP que permite un rendimiento óptimo en entornos de desarrollo no ha sido hallada en java.library.path: [/Users/mariapaz/Library/Java/Extensions:/Library/Java/Extensions:/Network/Library/Java/Extensions:/System/Library/Java/Extensions:/usr/lib/java:.]
13-Dec-2024 14:49:19.619 INFORMACIÓN [main] org.apache.coyote.AbstractProtocol.init Inicializando el manejador de protocolo ["http-nio-8081"]

13-Dec-2024 14:49:19.719 INFORMACIÓN [main] org.apache.catalina.startup.Catalina.load Server initialization in [4523] milliseconds
13-Dec-2024 14:49:19.865 INFORMACIÓN [main] org.apache.catalina.core.StandardService.startInternal Arrancando servicio [Catalina]
13-Dec-2024 14:49:19.865 INFORMACIÓN [main] org.apache.catalina.core.StandardEngine.startInternal Starting Servlet engine: [Apache Tomcat/9.0.97]
13-Dec-2024 14:49:19.882 INFORMACIÓN [main] org.apache.catalina.startup.HostConfig.deployDirectory Desplegando el directorio [/Users/mariapaz/GeneradorFacturasMasivas/apache-tomcat-9.0.97/webapps/reportserver] de la aplicación web
13-Dec-2024 14:49:50.115 INFORMACIÓN [main] org.apache.jasper.servlet.TldScanner.scanJars Al menos un JAR, que se ha explorado buscando TLDs, aún no contenía TLDs. Activar historial de depuración para este historiador para una completa lista de los JARs que fueron explorados y de los que nos se halló TLDs. Saltarse JARs no necesarios durante la exploración puede dar lugar a una mejora de tiempo significativa en el arranque y compilación de JSP .
13-Dec-2024 14:51:19.142 INFORMACIÓN [main] org.apache.catalina.startup.HostConfig.deployDirectory Deployment of web application directory [/Users/mariapaz/GeneradorFacturasMasivas/apache-tomcat-9.0.97/webapps/reportserver] has finished in [119.259] ms
13-Dec-2024 14:51:19.143 INFORMACIÓN [main] org.apache.catalina.startup.HostConfig.deployDirectory Desplegando el directorio [/Users/mariapaz/GeneradorFacturasMasivas/apache-tomcat-9.0.97/webapps/docs] de la aplicación web
13-Dec-2024 14:51:20.036 INFORMACIÓN [main] org.apache.jasper.servlet.TldScanner.scanJars Al menos un JAR, que se ha explorado buscando TLDs, aún no contenía TLDs. Activar historial de depuración para este historiador para una completa lista de los JARs que fueron explorados y de los que nos se halló TLDs. Saltarse JARs no necesarios durante la exploración puede dar lugar a una mejora de tiempo significativa en el arranque y compilación de JSP .
13-Dec-2024 14:51:20.041 INFORMACIÓN [main] org.apache.catalina.startup.HostConfig.deployDirectory Deployment of web application directory [/Users/mariapaz/GeneradorFacturasMasivas/apache-tomcat-9.0.97/webapps/docs] has finished in [897] ms
13-Dec-2024 14:51:20.041 INFORMACIÓN [main] org.apache.catalina.startup.HostConfig.deployDirectory Desplegando el directorio [/Users/mariapaz/GeneradorFacturasMasivas/apache-tomcat-9.0.97/webapps/manager] de la aplicación web
13-Dec-2024 14:51:21.640 INFORMACIÓN [main] org.apache.jasper.servlet.TldScanner.scanJars Al menos un JAR, que se ha explorado buscando TLDs, aún no contenía TLDs. Activar historial de depuración para este historiador para una completa lista de los JARs que fueron explorados y de los que nos se halló TLDs. Saltarse JARs no necesarios durante la exploración puede dar lugar a una mejora de tiempo significativa en el arranque y compilación de JSP .
13-Dec-2024 14:51:21.692 INFORMACIÓN [main] org.apache.catalina.startup.HostConfig.deployDirectory Deployment of web application directory [/Users/mariapaz/GeneradorFacturasMasivas/apache-tomcat-9.0.97/webapps/manager] has finished in [1.650] ms
13-Dec-2024 14:51:21.692 INFORMACIÓN [main] org.apache.catalina.startup.HostConfig.deployDirectory Desplegando el directorio [/Users/mariapaz/GeneradorFacturasMasivas/apache-tomcat-9.0.97/webapps/examples] de la aplicación web
13-Dec-2024 14:51:24.855 INFORMACIÓN [main] org.apache.jasper.servlet.TldScanner.scanJars Al menos un JAR, que se ha explorado buscando TLDs, aún no contenía TLDs. Activar historial de depuración para este historiador para una completa lista de los JARs que fueron explorados y de los que nos se halló TLDs. Saltarse JARs no necesarios durante la exploración puede dar lugar a una mejora de tiempo significativa en el arranque y compilación de JSP .
13-Dec-2024 14:51:25.068 INFORMACIÓN [main] org.apache.catalina.startup.HostConfig.deployDirectory Deployment of web application directory [/Users/mariapaz/GeneradorFacturasMasivas/apache-tomcat-9.0.97/webapps/examples] has finished in [3.375] ms
13-Dec-2024 14:51:25.069 INFORMACIÓN [main] org.apache.catalina.startup.HostConfig.deployDirectory Desplegando el directorio [/Users/mariapaz/GeneradorFacturasMasivas/apache-tomcat-9.0.97/webapps/ROOT] de la aplicación web
13-Dec-2024 14:51:26.098 INFORMACIÓN [main] org.apache.jasper.servlet.TldScanner.scanJars Al menos un JAR, que se ha explorado buscando TLDs, aún no contenía TLDs. Activar historial de depuración para este historiador para una completa lista de los JARs que fueron explorados y de los que nos se halló TLDs. Saltarse JARs no necesarios durante la exploración puede dar lugar a una mejora de tiempo significativa en el arranque y compilación de JSP .
13-Dec-2024 14:51:26.112 INFORMACIÓN [main] org.apache.catalina.startup.HostConfig.deployDirectory Deployment of web application directory [/Users/mariapaz/GeneradorFacturasMasivas/apache-tomcat-9.0.97/webapps/ROOT] has finished in [1.043] ms
13-Dec-2024 14:51:26.113 INFORMACIÓN [main] org.apache.catalina.startup.HostConfig.deployDirectory Desplegando el directorio [/Users/mariapaz/GeneradorFacturasMasivas/apache-tomcat-9.0.97/webapps/host-manager] de la aplicación web
13-Dec-2024 14:51:28.397 INFORMACIÓN [main] org.apache.jasper.servlet.TldScanner.scanJars Al menos un JAR, que se ha explorado buscando TLDs, aún no contenía TLDs. Activar historial de depuración para este historiador para una completa lista de los JARs que fueron explorados y de los que nos se halló TLDs. Saltarse JARs no necesarios durante la exploración puede dar lugar a una mejora de tiempo significativa en el arranque y compilación de JSP .
13-Dec-2024 14:51:28.403 INFORMACIÓN [main] org.apache.catalina.startup.HostConfig.deployDirectory Deployment of web application directory [/Users/mariapaz/GeneradorFacturasMasivas/apache-tomcat-9.0.97/webapps/host-manager] has finished in [2.290] ms
13-Dec-2024 14:51:28.417 INFORMACIÓN [main] org.apache.coyote.AbstractProtocol.start Starting ProtocolHandler ["http-nio-8081"]
13-Dec-2024 14:51:28.460 INFORMACIÓN [main] org.apache.catalina.startup.Catalina.start Server startup in [128745] milliseconds
13-Dec-2024 14:51:28.468 GRAVE [main] org.apache.catalina.core.StandardServer.await Failed to create server shutdown socket on address [localhost] and port [8010] (base port [8010] and offset [0])
	java.net.BindException: Address already in use
		at java.base/sun.nio.ch.Net.bind0(Native Method)
		at java.base/sun.nio.ch.Net.bind(Net.java:555)
		at java.base/sun.nio.ch.Net.bind(Net.java:544)
		at java.base/sun.nio.ch.NioSocketImpl.bind(NioSocketImpl.java:648)
		at java.base/java.net.ServerSocket.bind(ServerSocket.java:388)
		at java.base/java.net.ServerSocket.<init>(ServerSocket.java:274)
		at org.apache.catalina.core.StandardServer.await(StandardServer.java:537)
		at org.apache.catalina.startup.Catalina.await(Catalina.java:825)
		at org.apache.catalina.startup.Catalina.start(Catalina.java:773)
		at java.base/jdk.internal.reflect.NativeMethodAccessorImpl.invoke0(Native Method)
		at java.base/jdk.internal.reflect.NativeMethodAccessorImpl.invoke(NativeMethodAccessorImpl.java:77)
		at java.base/jdk.internal.reflect.DelegatingMethodAccessorImpl.invoke(DelegatingMethodAccessorImpl.java:43)
		at java.base/java.lang.reflect.Method.invoke(Method.java:568)
		at org.apache.catalina.startup.Bootstrap.start(Bootstrap.java:345)
		at org.apache.catalina.startup.Bootstrap.main(Bootstrap.java:473)
13-Dec-2024 14:51:28.470 INFORMACIÓN [main] org.apache.coyote.AbstractProtocol.pause Pausing ProtocolHandler ["http-nio-8081"]
13-Dec-2024 14:51:28.474 INFORMACIÓN [main] org.apache.catalina.core.StandardService.stopInternal Parando servicio [Catalina]
13-Dec-2024 14:51:29.575 ADVERTENCIA [main] org.apache.catalina.loader.WebappClassLoaderBase.clearReferencesJdbc La aplicación web [reportserver] registró el conductor JDBC [com.microsoft.sqlserver.jdbc.SQLServerDriver] pero falló al anular el registro mientras la aplicación web estaba parada. Para prevenir un fallo de memoria, se ha anulado el registro del conductor JDBC por la fuerza.
13-Dec-2024 14:51:29.576 ADVERTENCIA [main] org.apache.catalina.loader.WebappClassLoaderBase.clearReferencesThreads The web application [reportserver] appears to have started a thread named [org.apache.commons.vfs2.cache.SoftRefFilesCache$ReleaseThread] but has failed to stop it. This is very likely to create a memory leak. Stack trace of thread:
 java.base@17.0.8.1/java.lang.Object.wait(Native Method)
 java.base@17.0.8.1/java.lang.ref.ReferenceQueue.remove(ReferenceQueue.java:155)
 org.apache.commons.vfs2.cache.SoftRefFilesCache$ReleaseThread.run(SoftRefFilesCache.java:54)
13-Dec-2024 14:51:29.589 ADVERTENCIA [main] org.apache.catalina.loader.WebappClassLoaderBase.clearReferencesThreads The web application [reportserver] appears to have started a thread named [C3P0PooledConnectionPoolManager[identityToken->z8kfltb71hpivsjd3ehf0|3d54076a]-AdminTaskTimer] but has failed to stop it. This is very likely to create a memory leak. Stack trace of thread:
 java.base@17.0.8.1/java.lang.Object.wait(Native Method)
 java.base@17.0.8.1/java.util.TimerThread.mainLoop(Timer.java:563)
 java.base@17.0.8.1/java.util.TimerThread.run(Timer.java:516)
13-Dec-2024 14:51:29.600 ADVERTENCIA [main] org.apache.catalina.loader.WebappClassLoaderBase.clearReferencesThreads The web application [reportserver] appears to have started a thread named [C3P0PooledConnectionPoolManager[identityToken->z8kfltb71hpivsjd3ehf0|3d54076a]-HelperThread-#0] but has failed to stop it. This is very likely to create a memory leak. Stack trace of thread:
 java.base@17.0.8.1/java.lang.Object.wait(Native Method)
 com.mchange.v2.async.ThreadPoolAsynchronousRunner$PoolThread.run(ThreadPoolAsynchronousRunner.java:683)
13-Dec-2024 14:51:29.601 ADVERTENCIA [main] org.apache.catalina.loader.WebappClassLoaderBase.clearReferencesThreads The web application [reportserver] appears to have started a thread named [C3P0PooledConnectionPoolManager[identityToken->z8kfltb71hpivsjd3ehf0|3d54076a]-HelperThread-#1] but has failed to stop it. This is very likely to create a memory leak. Stack trace of thread:
 java.base@17.0.8.1/java.lang.Object.wait(Native Method)
 com.mchange.v2.async.ThreadPoolAsynchronousRunner$PoolThread.run(ThreadPoolAsynchronousRunner.java:683)
13-Dec-2024 14:51:29.604 ADVERTENCIA [main] org.apache.catalina.loader.WebappClassLoaderBase.clearReferencesThreads The web application [reportserver] appears to have started a thread named [C3P0PooledConnectionPoolManager[identityToken->z8kfltb71hpivsjd3ehf0|3d54076a]-HelperThread-#2] but has failed to stop it. This is very likely to create a memory leak. Stack trace of thread:
 java.base@17.0.8.1/java.lang.Object.wait(Native Method)
 com.mchange.v2.async.ThreadPoolAsynchronousRunner$PoolThread.run(ThreadPoolAsynchronousRunner.java:683)
13-Dec-2024 14:51:29.616 ADVERTENCIA [main] org.apache.catalina.loader.WebappClassLoaderBase.clearReferencesThreads The web application [reportserver] appears to have started a thread named [dwdaemon-JpaEventLoggerServiceImpl-1] but has failed to stop it. This is very likely to create a memory leak. Stack trace of thread:
 java.base@17.0.8.1/java.lang.Thread.sleep(Native Method)
 net.datenwerke.rs.utils.daemon.DwDaemonImpl.run(DwDaemonImpl.java:52)
 java.base@17.0.8.1/java.lang.Thread.run(Thread.java:833)
13-Dec-2024 14:51:29.617 ADVERTENCIA [main] org.apache.catalina.loader.WebappClassLoaderBase.clearReferencesThreads The web application [reportserver] appears to have started a thread named [dwdaemon-watchdog-JpaEventLoggerServiceImpl] but has failed to stop it. This is very likely to create a memory leak. Stack trace of thread:
 java.base@17.0.8.1/java.lang.Thread.sleep(Native Method)
 net.datenwerke.rs.utils.daemon.DwDaemonWatchdog.run(DwDaemonWatchdog.java:30)
 java.base@17.0.8.1/java.lang.Thread.run(Thread.java:833)
13-Dec-2024 14:51:29.629 ADVERTENCIA [main] org.apache.catalina.loader.WebappClassLoaderBase.clearReferencesThreads The web application [reportserver] appears to have started a thread named [Thread-21] but has failed to stop it. This is very likely to create a memory leak. Stack trace of thread:
 java.base@17.0.8.1/sun.nio.ch.KQueue.poll(Native Method)
 java.base@17.0.8.1/sun.nio.ch.KQueuePort$EventHandlerTask.poll(KQueuePort.java:200)
 java.base@17.0.8.1/sun.nio.ch.KQueuePort$EventHandlerTask.run(KQueuePort.java:287)
 java.base@17.0.8.1/java.lang.Thread.run(Thread.java:833)
13-Dec-2024 14:51:29.632 ADVERTENCIA [main] org.apache.catalina.loader.WebappClassLoaderBase.clearReferencesThreads The web application [reportserver] appears to have started a thread named [sshd-SshServer[24b7c6de](port=8022)-timer-thread-1] but has failed to stop it. This is very likely to create a memory leak. Stack trace of thread:
 java.base@17.0.8.1/jdk.internal.misc.Unsafe.park(Native Method)
 java.base@17.0.8.1/java.util.concurrent.locks.LockSupport.parkNanos(LockSupport.java:252)
 java.base@17.0.8.1/java.util.concurrent.locks.AbstractQueuedSynchronizer$ConditionObject.awaitNanos(AbstractQueuedSynchronizer.java:1672)
 java.base@17.0.8.1/java.util.concurrent.ScheduledThreadPoolExecutor$DelayedWorkQueue.take(ScheduledThreadPoolExecutor.java:1182)
 java.base@17.0.8.1/java.util.concurrent.ScheduledThreadPoolExecutor$DelayedWorkQueue.take(ScheduledThreadPoolExecutor.java:899)
 java.base@17.0.8.1/java.util.concurrent.ThreadPoolExecutor.getTask(ThreadPoolExecutor.java:1062)
 java.base@17.0.8.1/java.util.concurrent.ThreadPoolExecutor.runWorker(ThreadPoolExecutor.java:1122)
 java.base@17.0.8.1/java.util.concurrent.ThreadPoolExecutor$Worker.run(ThreadPoolExecutor.java:635)
 java.base@17.0.8.1/java.lang.Thread.run(Thread.java:833)
13-Dec-2024 14:51:29.644 ADVERTENCIA [main] org.apache.catalina.loader.WebappClassLoaderBase.clearReferencesThreads The web application [reportserver] appears to have started a thread named [dwdaemon-MaintenanceServiceImpl-1] but has failed to stop it. This is very likely to create a memory leak. Stack trace of thread:
 java.base@17.0.8.1/java.lang.Thread.sleep(Native Method)
 net.datenwerke.rs.utils.daemon.DwDaemonImpl.run(DwDaemonImpl.java:52)
 java.base@17.0.8.1/java.lang.Thread.run(Thread.java:833)
13-Dec-2024 14:51:29.679 ADVERTENCIA [main] org.apache.catalina.loader.WebappClassLoaderBase.clearReferencesThreads The web application [reportserver] appears to have started a thread named [dwdaemon-watchdog-MaintenanceServiceImpl] but has failed to stop it. This is very likely to create a memory leak. Stack trace of thread:
 java.base@17.0.8.1/java.lang.Thread.sleep(Native Method)
 net.datenwerke.rs.utils.daemon.DwDaemonWatchdog.run(DwDaemonWatchdog.java:30)
 java.base@17.0.8.1/java.lang.Thread.run(Thread.java:833)
13-Dec-2024 14:51:29.683 ADVERTENCIA [main] org.apache.catalina.loader.WebappClassLoaderBase.clearReferencesThreads The web application [reportserver] appears to have started a thread named [Thread-10] but has failed to stop it. This is very likely to create a memory leak. Stack trace of thread:
 java.base@17.0.8.1/java.lang.Thread.sleep(Native Method)
 net.datenwerke.rs.scheduler.service.scheduler.RsSchedulerStartup.lambda$0(RsSchedulerStartup.java:115)
 net.datenwerke.rs.scheduler.service.scheduler.RsSchedulerStartup$$Lambda$791/0x0000000226c02df0.run(Unknown Source)
 java.base@17.0.8.1/java.lang.Thread.run(Thread.java:833)
13-Dec-2024 14:51:29.684 GRAVE [main] org.apache.catalina.loader.WebappClassLoaderBase.checkThreadLocalMapForLeaks La aplicación web [reportserver] creó un ThreadLocal con clave del tipo [java.lang.ThreadLocal] (valor [java.lang.ThreadLocal@27b691c7]) y un valor del tipo [org.hibernate.internal.SessionImpl] (valor [SessionImpl(1973629602<closed>)]) pero no pudo quitarlo cuando la aplicación web se paró. Los hilos se van a renovar con el tiempo para intentar evitar in posible fallo de memoria.
13-Dec-2024 14:51:29.685 GRAVE [main] org.apache.catalina.loader.WebappClassLoaderBase.checkThreadLocalMapForLeaks La aplicación web [reportserver] creó un ThreadLocal con clave del tipo [java.lang.ThreadLocal] (valor [java.lang.ThreadLocal@27b691c7]) y un valor del tipo [org.hibernate.internal.SessionImpl] (valor [SessionImpl(23797279<closed>)]) pero no pudo quitarlo cuando la aplicación web se paró. Los hilos se van a renovar con el tiempo para intentar evitar in posible fallo de memoria.
13-Dec-2024 14:51:29.878 INFORMACIÓN [main] org.apache.coyote.AbstractProtocol.stop Stopping ProtocolHandler ["http-nio-8081"]
13-Dec-2024 14:51:29.933 INFORMACIÓN [main] org.apache.coyote.AbstractProtocol.destroy Destroying ProtocolHandler ["http-nio-8081"]
13-Dec-2024 14:51:55.248 INFORMACIÓN [main] org.apache.catalina.startup.VersionLoggerListener.log Nombre de la versión del servidor: Apache Tomcat/9.0.97
13-Dec-2024 14:51:55.257 INFORMACIÓN [main] org.apache.catalina.startup.VersionLoggerListener.log Server built:                      Nov 6 2024 19:55:19 UTC
13-Dec-2024 14:51:55.258 INFORMACIÓN [main] org.apache.catalina.startup.VersionLoggerListener.log Número de versión de servidor:     9.0.97.0
13-Dec-2024 14:51:55.259 INFORMACIÓN [main] org.apache.catalina.startup.VersionLoggerListener.log OS Name:                           Mac OS X
13-Dec-2024 14:51:55.259 INFORMACIÓN [main] org.apache.catalina.startup.VersionLoggerListener.log Versión de Systema Operativo:      13.6.4
13-Dec-2024 14:51:55.259 INFORMACIÓN [main] org.apache.catalina.startup.VersionLoggerListener.log Arquitectura:                      x86_64
13-Dec-2024 14:51:55.260 INFORMACIÓN [main] org.apache.catalina.startup.VersionLoggerListener.log Java Home:                         /Users/mariapaz/.sdkman/candidates/java/17.0.8.1-tem
13-Dec-2024 14:51:55.260 INFORMACIÓN [main] org.apache.catalina.startup.VersionLoggerListener.log JVM Version:                       17.0.8.1+1
13-Dec-2024 14:51:55.260 INFORMACIÓN [main] org.apache.catalina.startup.VersionLoggerListener.log Vededor JVM:                       Eclipse Adoptium
13-Dec-2024 14:51:55.260 INFORMACIÓN [main] org.apache.catalina.startup.VersionLoggerListener.log CATALINA_BASE:                     /Users/mariapaz/GeneradorFacturasMasivas/apache-tomcat-9.0.97
13-Dec-2024 14:51:55.261 INFORMACIÓN [main] org.apache.catalina.startup.VersionLoggerListener.log CATALINA_HOME:                     /Users/mariapaz/GeneradorFacturasMasivas/apache-tomcat-9.0.97
13-Dec-2024 14:51:55.286 INFORMACIÓN [main] org.apache.catalina.startup.VersionLoggerListener.log Command line argument:             --add-opens=java.base/java.lang=ALL-UNNAMED
13-Dec-2024 14:51:55.286 INFORMACIÓN [main] org.apache.catalina.startup.VersionLoggerListener.log Command line argument:             --add-opens=java.base/java.io=ALL-UNNAMED
13-Dec-2024 14:51:55.286 INFORMACIÓN [main] org.apache.catalina.startup.VersionLoggerListener.log Command line argument:             --add-opens=java.base/java.util=ALL-UNNAMED
13-Dec-2024 14:51:55.287 INFORMACIÓN [main] org.apache.catalina.startup.VersionLoggerListener.log Command line argument:             --add-opens=java.base/java.util.concurrent=ALL-UNNAMED
13-Dec-2024 14:51:55.287 INFORMACIÓN [main] org.apache.catalina.startup.VersionLoggerListener.log Command line argument:             --add-opens=java.rmi/sun.rmi.transport=ALL-UNNAMED
13-Dec-2024 14:51:55.287 INFORMACIÓN [main] org.apache.catalina.startup.VersionLoggerListener.log Command line argument:             -Djava.util.logging.config.file=/Users/mariapaz/GeneradorFacturasMasivas/apache-tomcat-9.0.97/conf/logging.properties
13-Dec-2024 14:51:55.287 INFORMACIÓN [main] org.apache.catalina.startup.VersionLoggerListener.log Command line argument:             -Djava.util.logging.manager=org.apache.juli.ClassLoaderLogManager
13-Dec-2024 14:51:55.287 INFORMACIÓN [main] org.apache.catalina.startup.VersionLoggerListener.log Command line argument:             -Djava.security.egd=file:/dev/urandom
13-Dec-2024 14:51:55.288 INFORMACIÓN [main] org.apache.catalina.startup.VersionLoggerListener.log Command line argument:             -Djdk.tls.ephemeralDHKeySize=2048
13-Dec-2024 14:51:55.289 INFORMACIÓN [main] org.apache.catalina.startup.VersionLoggerListener.log Command line argument:             -Djava.protocol.handler.pkgs=org.apache.catalina.webresources
13-Dec-2024 14:51:55.289 INFORMACIÓN [main] org.apache.catalina.startup.VersionLoggerListener.log Command line argument:             -Dorg.apache.catalina.security.SecurityListener.UMASK=0027
13-Dec-2024 14:51:55.289 INFORMACIÓN [main] org.apache.catalina.startup.VersionLoggerListener.log Command line argument:             -Drs.configdir=/Users/mariapaz/GeneradorFacturasMasivas/apache-tomcat-9.0.97/webapps/reportserver/WEB-INF
13-Dec-2024 14:51:55.290 INFORMACIÓN [main] org.apache.catalina.startup.VersionLoggerListener.log Command line argument:             -Xmx4096M
13-Dec-2024 14:51:55.290 INFORMACIÓN [main] org.apache.catalina.startup.VersionLoggerListener.log Command line argument:             -Dfile.encoding=UTF8
13-Dec-2024 14:51:55.290 INFORMACIÓN [main] org.apache.catalina.startup.VersionLoggerListener.log Command line argument:             --add-opens=java.base/java.net=ALL-UNNAMED
13-Dec-2024 14:51:55.290 INFORMACIÓN [main] org.apache.catalina.startup.VersionLoggerListener.log Command line argument:             --add-opens=java.base/jdk.internal.ref=ALL-UNNAMED
13-Dec-2024 14:51:55.294 INFORMACIÓN [main] org.apache.catalina.startup.VersionLoggerListener.log Command line argument:             --add-opens=java.base/jdk.internal.reflect=ALL-UNNAMED
13-Dec-2024 14:51:55.294 INFORMACIÓN [main] org.apache.catalina.startup.VersionLoggerListener.log Command line argument:             --add-opens=java.base/java.lang.invoke=ALL-UNNAMED
13-Dec-2024 14:51:55.294 INFORMACIÓN [main] org.apache.catalina.startup.VersionLoggerListener.log Command line argument:             --add-opens=java.base/java.util=ALL-UNNAMED
13-Dec-2024 14:51:55.294 INFORMACIÓN [main] org.apache.catalina.startup.VersionLoggerListener.log Command line argument:             --add-opens=java.base/java.lang.ref=ALL-UNNAMED
13-Dec-2024 14:51:55.294 INFORMACIÓN [main] org.apache.catalina.startup.VersionLoggerListener.log Command line argument:             --add-opens=java.base/java.lang.reflect=ALL-UNNAMED
13-Dec-2024 14:51:55.295 INFORMACIÓN [main] org.apache.catalina.startup.VersionLoggerListener.log Command line argument:             --add-opens=java.base/sun.reflect.generics.repository=ALL-UNNAMED
13-Dec-2024 14:51:55.295 INFORMACIÓN [main] org.apache.catalina.startup.VersionLoggerListener.log Command line argument:             -Dignore.endorsed.dirs=
13-Dec-2024 14:51:55.295 INFORMACIÓN [main] org.apache.catalina.startup.VersionLoggerListener.log Command line argument:             -Dcatalina.base=/Users/mariapaz/GeneradorFacturasMasivas/apache-tomcat-9.0.97
13-Dec-2024 14:51:55.295 INFORMACIÓN [main] org.apache.catalina.startup.VersionLoggerListener.log Command line argument:             -Dcatalina.home=/Users/mariapaz/GeneradorFacturasMasivas/apache-tomcat-9.0.97
13-Dec-2024 14:51:55.295 INFORMACIÓN [main] org.apache.catalina.startup.VersionLoggerListener.log Command line argument:             -Djava.io.tmpdir=/Users/mariapaz/GeneradorFacturasMasivas/apache-tomcat-9.0.97/temp
13-Dec-2024 14:51:55.374 INFORMACIÓN [main] org.apache.catalina.core.AprLifecycleListener.lifecycleEvent La biblioteca nativa de Apache Tomcat basada en ARP que permite un rendimiento óptimo en entornos de desarrollo no ha sido hallada en java.library.path: [/Users/mariapaz/Library/Java/Extensions:/Library/Java/Extensions:/Network/Library/Java/Extensions:/System/Library/Java/Extensions:/usr/lib/java:.]
13-Dec-2024 14:51:56.866 INFORMACIÓN [main] org.apache.coyote.AbstractProtocol.init Inicializando el manejador de protocolo ["http-nio-8081"]

13-Dec-2024 14:51:56.956 INFORMACIÓN [main] org.apache.catalina.startup.Catalina.load Server initialization in [2640] milliseconds
13-Dec-2024 14:51:57.113 INFORMACIÓN [main] org.apache.catalina.core.StandardService.startInternal Arrancando servicio [Catalina]
13-Dec-2024 14:51:57.113 INFORMACIÓN [main] org.apache.catalina.core.StandardEngine.startInternal Starting Servlet engine: [Apache Tomcat/9.0.97]
13-Dec-2024 14:51:57.128 INFORMACIÓN [main] org.apache.catalina.startup.HostConfig.deployDirectory Desplegando el directorio [/Users/mariapaz/GeneradorFacturasMasivas/apache-tomcat-9.0.97/webapps/reportserver] de la aplicación web
13-Dec-2024 14:52:36.303 INFORMACIÓN [main] org.apache.jasper.servlet.TldScanner.scanJars Al menos un JAR, que se ha explorado buscando TLDs, aún no contenía TLDs. Activar historial de depuración para este historiador para una completa lista de los JARs que fueron explorados y de los que nos se halló TLDs. Saltarse JARs no necesarios durante la exploración puede dar lugar a una mejora de tiempo significativa en el arranque y compilación de JSP .
13-Dec-2024 14:54:41.856 INFORMACIÓN [main] org.apache.catalina.startup.HostConfig.deployDirectory Deployment of web application directory [/Users/mariapaz/GeneradorFacturasMasivas/apache-tomcat-9.0.97/webapps/reportserver] has finished in [164.728] ms
13-Dec-2024 14:54:42.020 INFORMACIÓN [main] org.apache.catalina.startup.HostConfig.deployDirectory Desplegando el directorio [/Users/mariapaz/GeneradorFacturasMasivas/apache-tomcat-9.0.97/webapps/docs] de la aplicación web
13-Dec-2024 14:54:44.436 INFORMACIÓN [main] org.apache.jasper.servlet.TldScanner.scanJars Al menos un JAR, que se ha explorado buscando TLDs, aún no contenía TLDs. Activar historial de depuración para este historiador para una completa lista de los JARs que fueron explorados y de los que nos se halló TLDs. Saltarse JARs no necesarios durante la exploración puede dar lugar a una mejora de tiempo significativa en el arranque y compilación de JSP .
13-Dec-2024 14:54:44.455 INFORMACIÓN [main] org.apache.catalina.startup.HostConfig.deployDirectory Deployment of web application directory [/Users/mariapaz/GeneradorFacturasMasivas/apache-tomcat-9.0.97/webapps/docs] has finished in [2.425] ms
13-Dec-2024 14:54:44.456 INFORMACIÓN [main] org.apache.catalina.startup.HostConfig.deployDirectory Desplegando el directorio [/Users/mariapaz/GeneradorFacturasMasivas/apache-tomcat-9.0.97/webapps/manager] de la aplicación web
13-Dec-2024 14:54:46.337 INFORMACIÓN [main] org.apache.jasper.servlet.TldScanner.scanJars Al menos un JAR, que se ha explorado buscando TLDs, aún no contenía TLDs. Activar historial de depuración para este historiador para una completa lista de los JARs que fueron explorados y de los que nos se halló TLDs. Saltarse JARs no necesarios durante la exploración puede dar lugar a una mejora de tiempo significativa en el arranque y compilación de JSP .
13-Dec-2024 14:54:46.353 INFORMACIÓN [main] org.apache.catalina.startup.HostConfig.deployDirectory Deployment of web application directory [/Users/mariapaz/GeneradorFacturasMasivas/apache-tomcat-9.0.97/webapps/manager] has finished in [1.897] ms
13-Dec-2024 14:54:46.353 INFORMACIÓN [main] org.apache.catalina.startup.HostConfig.deployDirectory Desplegando el directorio [/Users/mariapaz/GeneradorFacturasMasivas/apache-tomcat-9.0.97/webapps/examples] de la aplicación web
13-Dec-2024 14:54:52.128 INFORMACIÓN [main] org.apache.jasper.servlet.TldScanner.scanJars Al menos un JAR, que se ha explorado buscando TLDs, aún no contenía TLDs. Activar historial de depuración para este historiador para una completa lista de los JARs que fueron explorados y de los que nos se halló TLDs. Saltarse JARs no necesarios durante la exploración puede dar lugar a una mejora de tiempo significativa en el arranque y compilación de JSP .
13-Dec-2024 14:54:52.190 INFORMACIÓN [main] org.apache.catalina.startup.HostConfig.deployDirectory Deployment of web application directory [/Users/mariapaz/GeneradorFacturasMasivas/apache-tomcat-9.0.97/webapps/examples] has finished in [5.836] ms
13-Dec-2024 14:54:52.190 INFORMACIÓN [main] org.apache.catalina.startup.HostConfig.deployDirectory Desplegando el directorio [/Users/mariapaz/GeneradorFacturasMasivas/apache-tomcat-9.0.97/webapps/ROOT] de la aplicación web
13-Dec-2024 14:54:52.639 INFORMACIÓN [main] org.apache.jasper.servlet.TldScanner.scanJars Al menos un JAR, que se ha explorado buscando TLDs, aún no contenía TLDs. Activar historial de depuración para este historiador para una completa lista de los JARs que fueron explorados y de los que nos se halló TLDs. Saltarse JARs no necesarios durante la exploración puede dar lugar a una mejora de tiempo significativa en el arranque y compilación de JSP .
13-Dec-2024 14:54:52.642 INFORMACIÓN [main] org.apache.catalina.startup.HostConfig.deployDirectory Deployment of web application directory [/Users/mariapaz/GeneradorFacturasMasivas/apache-tomcat-9.0.97/webapps/ROOT] has finished in [452] ms
13-Dec-2024 14:54:52.642 INFORMACIÓN [main] org.apache.catalina.startup.HostConfig.deployDirectory Desplegando el directorio [/Users/mariapaz/GeneradorFacturasMasivas/apache-tomcat-9.0.97/webapps/host-manager] de la aplicación web
13-Dec-2024 14:54:53.560 INFORMACIÓN [main] org.apache.jasper.servlet.TldScanner.scanJars Al menos un JAR, que se ha explorado buscando TLDs, aún no contenía TLDs. Activar historial de depuración para este historiador para una completa lista de los JARs que fueron explorados y de los que nos se halló TLDs. Saltarse JARs no necesarios durante la exploración puede dar lugar a una mejora de tiempo significativa en el arranque y compilación de JSP .
13-Dec-2024 14:54:53.565 INFORMACIÓN [main] org.apache.catalina.startup.HostConfig.deployDirectory Deployment of web application directory [/Users/mariapaz/GeneradorFacturasMasivas/apache-tomcat-9.0.97/webapps/host-manager] has finished in [922] ms
13-Dec-2024 14:54:53.576 INFORMACIÓN [main] org.apache.coyote.AbstractProtocol.start Starting ProtocolHandler ["http-nio-8081"]
13-Dec-2024 14:54:53.591 INFORMACIÓN [main] org.apache.catalina.startup.Catalina.start Server startup in [176623] milliseconds
13-Dec-2024 14:54:53.593 GRAVE [main] org.apache.catalina.core.StandardServer.await Failed to create server shutdown socket on address [localhost] and port [8010] (base port [8010] and offset [0])
	java.net.BindException: Address already in use
		at java.base/sun.nio.ch.Net.bind0(Native Method)
		at java.base/sun.nio.ch.Net.bind(Net.java:555)
		at java.base/sun.nio.ch.Net.bind(Net.java:544)
		at java.base/sun.nio.ch.NioSocketImpl.bind(NioSocketImpl.java:648)
		at java.base/java.net.ServerSocket.bind(ServerSocket.java:388)
		at java.base/java.net.ServerSocket.<init>(ServerSocket.java:274)
		at org.apache.catalina.core.StandardServer.await(StandardServer.java:537)
		at org.apache.catalina.startup.Catalina.await(Catalina.java:825)
		at org.apache.catalina.startup.Catalina.start(Catalina.java:773)
		at java.base/jdk.internal.reflect.NativeMethodAccessorImpl.invoke0(Native Method)
		at java.base/jdk.internal.reflect.NativeMethodAccessorImpl.invoke(NativeMethodAccessorImpl.java:77)
		at java.base/jdk.internal.reflect.DelegatingMethodAccessorImpl.invoke(DelegatingMethodAccessorImpl.java:43)
		at java.base/java.lang.reflect.Method.invoke(Method.java:568)
		at org.apache.catalina.startup.Bootstrap.start(Bootstrap.java:345)
		at org.apache.catalina.startup.Bootstrap.main(Bootstrap.java:473)
13-Dec-2024 14:54:53.594 INFORMACIÓN [main] org.apache.coyote.AbstractProtocol.pause Pausing ProtocolHandler ["http-nio-8081"]
13-Dec-2024 14:54:53.603 INFORMACIÓN [main] org.apache.catalina.core.StandardService.stopInternal Parando servicio [Catalina]
13-Dec-2024 14:54:53.952 ADVERTENCIA [main] org.apache.catalina.loader.WebappClassLoaderBase.clearReferencesJdbc La aplicación web [reportserver] registró el conductor JDBC [com.microsoft.sqlserver.jdbc.SQLServerDriver] pero falló al anular el registro mientras la aplicación web estaba parada. Para prevenir un fallo de memoria, se ha anulado el registro del conductor JDBC por la fuerza.
13-Dec-2024 14:54:53.953 ADVERTENCIA [main] org.apache.catalina.loader.WebappClassLoaderBase.clearReferencesThreads The web application [reportserver] appears to have started a thread named [org.apache.commons.vfs2.cache.SoftRefFilesCache$ReleaseThread] but has failed to stop it. This is very likely to create a memory leak. Stack trace of thread:
 java.base@17.0.8.1/java.lang.Object.wait(Native Method)
 java.base@17.0.8.1/java.lang.ref.ReferenceQueue.remove(ReferenceQueue.java:155)
 org.apache.commons.vfs2.cache.SoftRefFilesCache$ReleaseThread.run(SoftRefFilesCache.java:54)
13-Dec-2024 14:54:53.954 ADVERTENCIA [main] org.apache.catalina.loader.WebappClassLoaderBase.clearReferencesThreads The web application [reportserver] appears to have started a thread named [C3P0PooledConnectionPoolManager[identityToken->z8kfltb71hpmra11pygezt|60d4d467]-AdminTaskTimer] but has failed to stop it. This is very likely to create a memory leak. Stack trace of thread:
 java.base@17.0.8.1/java.lang.Object.wait(Native Method)
 java.base@17.0.8.1/java.util.TimerThread.mainLoop(Timer.java:563)
 java.base@17.0.8.1/java.util.TimerThread.run(Timer.java:516)
13-Dec-2024 14:54:53.955 ADVERTENCIA [main] org.apache.catalina.loader.WebappClassLoaderBase.clearReferencesThreads The web application [reportserver] appears to have started a thread named [C3P0PooledConnectionPoolManager[identityToken->z8kfltb71hpmra11pygezt|60d4d467]-HelperThread-#0] but has failed to stop it. This is very likely to create a memory leak. Stack trace of thread:
 java.base@17.0.8.1/java.lang.Object.wait(Native Method)
 com.mchange.v2.async.ThreadPoolAsynchronousRunner$PoolThread.run(ThreadPoolAsynchronousRunner.java:683)
13-Dec-2024 14:54:53.956 ADVERTENCIA [main] org.apache.catalina.loader.WebappClassLoaderBase.clearReferencesThreads The web application [reportserver] appears to have started a thread named [C3P0PooledConnectionPoolManager[identityToken->z8kfltb71hpmra11pygezt|60d4d467]-HelperThread-#1] but has failed to stop it. This is very likely to create a memory leak. Stack trace of thread:
 java.base@17.0.8.1/java.lang.Object.wait(Native Method)
 com.mchange.v2.async.ThreadPoolAsynchronousRunner$PoolThread.run(ThreadPoolAsynchronousRunner.java:683)
13-Dec-2024 14:54:53.957 ADVERTENCIA [main] org.apache.catalina.loader.WebappClassLoaderBase.clearReferencesThreads The web application [reportserver] appears to have started a thread named [C3P0PooledConnectionPoolManager[identityToken->z8kfltb71hpmra11pygezt|60d4d467]-HelperThread-#2] but has failed to stop it. This is very likely to create a memory leak. Stack trace of thread:
 java.base@17.0.8.1/java.lang.Object.wait(Native Method)
 com.mchange.v2.async.ThreadPoolAsynchronousRunner$PoolThread.run(ThreadPoolAsynchronousRunner.java:683)
13-Dec-2024 14:54:53.957 ADVERTENCIA [main] org.apache.catalina.loader.WebappClassLoaderBase.clearReferencesThreads The web application [reportserver] appears to have started a thread named [dwdaemon-JpaEventLoggerServiceImpl-1] but has failed to stop it. This is very likely to create a memory leak. Stack trace of thread:
 java.base@17.0.8.1/java.lang.Thread.sleep(Native Method)
 net.datenwerke.rs.utils.daemon.DwDaemonImpl.run(DwDaemonImpl.java:52)
 java.base@17.0.8.1/java.lang.Thread.run(Thread.java:833)
13-Dec-2024 14:54:53.958 ADVERTENCIA [main] org.apache.catalina.loader.WebappClassLoaderBase.clearReferencesThreads The web application [reportserver] appears to have started a thread named [dwdaemon-watchdog-JpaEventLoggerServiceImpl] but has failed to stop it. This is very likely to create a memory leak. Stack trace of thread:
 java.base@17.0.8.1/java.lang.Thread.sleep(Native Method)
 net.datenwerke.rs.utils.daemon.DwDaemonWatchdog.run(DwDaemonWatchdog.java:30)
 java.base@17.0.8.1/java.lang.Thread.run(Thread.java:833)
13-Dec-2024 14:54:53.959 ADVERTENCIA [main] org.apache.catalina.loader.WebappClassLoaderBase.clearReferencesThreads The web application [reportserver] appears to have started a thread named [Thread-21] but has failed to stop it. This is very likely to create a memory leak. Stack trace of thread:
 java.base@17.0.8.1/sun.nio.ch.KQueue.poll(Native Method)
 java.base@17.0.8.1/sun.nio.ch.KQueuePort$EventHandlerTask.poll(KQueuePort.java:200)
 java.base@17.0.8.1/sun.nio.ch.KQueuePort$EventHandlerTask.run(KQueuePort.java:287)
 java.base@17.0.8.1/java.lang.Thread.run(Thread.java:833)
13-Dec-2024 14:54:53.960 ADVERTENCIA [main] org.apache.catalina.loader.WebappClassLoaderBase.clearReferencesThreads The web application [reportserver] appears to have started a thread named [sshd-SshServer[707eb875](port=8022)-timer-thread-1] but has failed to stop it. This is very likely to create a memory leak. Stack trace of thread:
 java.base@17.0.8.1/jdk.internal.misc.Unsafe.park(Native Method)
 java.base@17.0.8.1/java.util.concurrent.locks.LockSupport.parkNanos(LockSupport.java:252)
 java.base@17.0.8.1/java.util.concurrent.locks.AbstractQueuedSynchronizer$ConditionObject.awaitNanos(AbstractQueuedSynchronizer.java:1672)
 java.base@17.0.8.1/java.util.concurrent.ScheduledThreadPoolExecutor$DelayedWorkQueue.take(ScheduledThreadPoolExecutor.java:1182)
 java.base@17.0.8.1/java.util.concurrent.ScheduledThreadPoolExecutor$DelayedWorkQueue.take(ScheduledThreadPoolExecutor.java:899)
 java.base@17.0.8.1/java.util.concurrent.ThreadPoolExecutor.getTask(ThreadPoolExecutor.java:1062)
 java.base@17.0.8.1/java.util.concurrent.ThreadPoolExecutor.runWorker(ThreadPoolExecutor.java:1122)
 java.base@17.0.8.1/java.util.concurrent.ThreadPoolExecutor$Worker.run(ThreadPoolExecutor.java:635)
 java.base@17.0.8.1/java.lang.Thread.run(Thread.java:833)
13-Dec-2024 14:54:53.961 ADVERTENCIA [main] org.apache.catalina.loader.WebappClassLoaderBase.clearReferencesThreads The web application [reportserver] appears to have started a thread named [dwdaemon-MaintenanceServiceImpl-1] but has failed to stop it. This is very likely to create a memory leak. Stack trace of thread:
 java.base@17.0.8.1/java.lang.Thread.sleep(Native Method)
 net.datenwerke.rs.utils.daemon.DwDaemonImpl.run(DwDaemonImpl.java:52)
 java.base@17.0.8.1/java.lang.Thread.run(Thread.java:833)
13-Dec-2024 14:54:53.962 ADVERTENCIA [main] org.apache.catalina.loader.WebappClassLoaderBase.clearReferencesThreads The web application [reportserver] appears to have started a thread named [dwdaemon-watchdog-MaintenanceServiceImpl] but has failed to stop it. This is very likely to create a memory leak. Stack trace of thread:
 java.base@17.0.8.1/java.lang.Thread.sleep(Native Method)
 net.datenwerke.rs.utils.daemon.DwDaemonWatchdog.run(DwDaemonWatchdog.java:30)
 java.base@17.0.8.1/java.lang.Thread.run(Thread.java:833)
13-Dec-2024 14:54:53.963 ADVERTENCIA [main] org.apache.catalina.loader.WebappClassLoaderBase.clearReferencesThreads The web application [reportserver] appears to have started a thread named [Thread-10] but has failed to stop it. This is very likely to create a memory leak. Stack trace of thread:
 java.base@17.0.8.1/java.lang.Thread.sleep(Native Method)
 net.datenwerke.rs.scheduler.service.scheduler.RsSchedulerStartup.lambda$0(RsSchedulerStartup.java:115)
 net.datenwerke.rs.scheduler.service.scheduler.RsSchedulerStartup$$Lambda$793/0x0000000227c0c480.run(Unknown Source)
 java.base@17.0.8.1/java.lang.Thread.run(Thread.java:833)
13-Dec-2024 14:54:53.964 GRAVE [main] org.apache.catalina.loader.WebappClassLoaderBase.checkThreadLocalMapForLeaks La aplicación web [reportserver] creó un ThreadLocal con clave del tipo [java.lang.ThreadLocal] (valor [java.lang.ThreadLocal@2870cb9a]) y un valor del tipo [org.hibernate.internal.SessionImpl] (valor [SessionImpl(680505736<closed>)]) pero no pudo quitarlo cuando la aplicación web se paró. Los hilos se van a renovar con el tiempo para intentar evitar in posible fallo de memoria.
13-Dec-2024 14:54:53.964 GRAVE [main] org.apache.catalina.loader.WebappClassLoaderBase.checkThreadLocalMapForLeaks La aplicación web [reportserver] creó un ThreadLocal con clave del tipo [java.lang.ThreadLocal] (valor [java.lang.ThreadLocal@2870cb9a]) y un valor del tipo [org.hibernate.internal.SessionImpl] (valor [SessionImpl(1393549401<closed>)]) pero no pudo quitarlo cuando la aplicación web se paró. Los hilos se van a renovar con el tiempo para intentar evitar in posible fallo de memoria.
13-Dec-2024 14:54:53.991 INFORMACIÓN [main] org.apache.coyote.AbstractProtocol.stop Stopping ProtocolHandler ["http-nio-8081"]
13-Dec-2024 14:54:53.996 INFORMACIÓN [main] org.apache.coyote.AbstractProtocol.destroy Destroying ProtocolHandler ["http-nio-8081"]
13-Dec-2024 15:05:30.991 INFORMACIÓN [main] org.apache.catalina.core.StandardServer.await Se ha recibido un comando de apagado a través del puerto de apagado. Parando la instancia del Servidor.
13-Dec-2024 15:05:31.281 INFORMACIÓN [main] org.apache.coyote.AbstractProtocol.pause Pausing ProtocolHandler ["http-nio-8081"]
13-Dec-2024 15:05:31.282 INFORMACIÓN [main] org.apache.catalina.core.StandardService.stopInternal Parando servicio [Catalina]
13-Dec-2024 15:05:33.037 ADVERTENCIA [main] org.apache.catalina.loader.WebappClassLoaderBase.clearReferencesJdbc La aplicación web [reportserver] registró el conductor JDBC [com.microsoft.sqlserver.jdbc.SQLServerDriver] pero falló al anular el registro mientras la aplicación web estaba parada. Para prevenir un fallo de memoria, se ha anulado el registro del conductor JDBC por la fuerza.
13-Dec-2024 15:05:33.058 ADVERTENCIA [main] org.apache.catalina.loader.WebappClassLoaderBase.clearReferencesThreads The web application [reportserver] appears to have started a thread named [org.apache.commons.vfs2.cache.SoftRefFilesCache$ReleaseThread] but has failed to stop it. This is very likely to create a memory leak. Stack trace of thread:
 java.base@17.0.8.1/java.lang.Object.wait(Native Method)
 java.base@17.0.8.1/java.lang.ref.ReferenceQueue.remove(ReferenceQueue.java:155)
 org.apache.commons.vfs2.cache.SoftRefFilesCache$ReleaseThread.run(SoftRefFilesCache.java:54)
13-Dec-2024 15:05:33.069 ADVERTENCIA [main] org.apache.catalina.loader.WebappClassLoaderBase.clearReferencesThreads The web application [reportserver] appears to have started a thread named [C3P0PooledConnectionPoolManager[identityToken->z8kfltb71hpb1z915bns6t|7546012c]-AdminTaskTimer] but has failed to stop it. This is very likely to create a memory leak. Stack trace of thread:
 java.base@17.0.8.1/java.lang.Object.wait(Native Method)
 java.base@17.0.8.1/java.util.TimerThread.mainLoop(Timer.java:563)
 java.base@17.0.8.1/java.util.TimerThread.run(Timer.java:516)
13-Dec-2024 15:05:33.070 ADVERTENCIA [main] org.apache.catalina.loader.WebappClassLoaderBase.clearReferencesThreads The web application [reportserver] appears to have started a thread named [C3P0PooledConnectionPoolManager[identityToken->z8kfltb71hpb1z915bns6t|7546012c]-HelperThread-#0] but has failed to stop it. This is very likely to create a memory leak. Stack trace of thread:
 java.base@17.0.8.1/java.lang.Object.wait(Native Method)
 com.mchange.v2.async.ThreadPoolAsynchronousRunner$PoolThread.run(ThreadPoolAsynchronousRunner.java:683)
13-Dec-2024 15:05:33.079 ADVERTENCIA [main] org.apache.catalina.loader.WebappClassLoaderBase.clearReferencesThreads The web application [reportserver] appears to have started a thread named [C3P0PooledConnectionPoolManager[identityToken->z8kfltb71hpb1z915bns6t|7546012c]-HelperThread-#1] but has failed to stop it. This is very likely to create a memory leak. Stack trace of thread:
 java.base@17.0.8.1/java.lang.Object.wait(Native Method)
 com.mchange.v2.async.ThreadPoolAsynchronousRunner$PoolThread.run(ThreadPoolAsynchronousRunner.java:683)
13-Dec-2024 15:05:33.080 ADVERTENCIA [main] org.apache.catalina.loader.WebappClassLoaderBase.clearReferencesThreads The web application [reportserver] appears to have started a thread named [C3P0PooledConnectionPoolManager[identityToken->z8kfltb71hpb1z915bns6t|7546012c]-HelperThread-#2] but has failed to stop it. This is very likely to create a memory leak. Stack trace of thread:
 java.base@17.0.8.1/java.lang.Object.wait(Native Method)
 com.mchange.v2.async.ThreadPoolAsynchronousRunner$PoolThread.run(ThreadPoolAsynchronousRunner.java:683)
13-Dec-2024 15:05:33.080 ADVERTENCIA [main] org.apache.catalina.loader.WebappClassLoaderBase.clearReferencesThreads The web application [reportserver] appears to have started a thread named [dwdaemon-JpaEventLoggerServiceImpl-1] but has failed to stop it. This is very likely to create a memory leak. Stack trace of thread:
 java.base@17.0.8.1/java.lang.Thread.sleep(Native Method)
 net.datenwerke.rs.utils.daemon.DwDaemonImpl.run(DwDaemonImpl.java:52)
 java.base@17.0.8.1/java.lang.Thread.run(Thread.java:833)
13-Dec-2024 15:05:33.082 ADVERTENCIA [main] org.apache.catalina.loader.WebappClassLoaderBase.clearReferencesThreads The web application [reportserver] appears to have started a thread named [dwdaemon-watchdog-JpaEventLoggerServiceImpl] but has failed to stop it. This is very likely to create a memory leak. Stack trace of thread:
 java.base@17.0.8.1/java.lang.Thread.sleep(Native Method)
 net.datenwerke.rs.utils.daemon.DwDaemonWatchdog.run(DwDaemonWatchdog.java:30)
 java.base@17.0.8.1/java.lang.Thread.run(Thread.java:833)
13-Dec-2024 15:05:33.083 ADVERTENCIA [main] org.apache.catalina.loader.WebappClassLoaderBase.clearReferencesThreads The web application [reportserver] appears to have started a thread named [Thread-21] but has failed to stop it. This is very likely to create a memory leak. Stack trace of thread:
 java.base@17.0.8.1/sun.nio.ch.KQueue.poll(Native Method)
 java.base@17.0.8.1/sun.nio.ch.KQueuePort$EventHandlerTask.poll(KQueuePort.java:200)
 java.base@17.0.8.1/sun.nio.ch.KQueuePort$EventHandlerTask.run(KQueuePort.java:287)
 java.base@17.0.8.1/java.lang.Thread.run(Thread.java:833)
13-Dec-2024 15:05:33.084 ADVERTENCIA [main] org.apache.catalina.loader.WebappClassLoaderBase.clearReferencesThreads The web application [reportserver] appears to have started a thread named [sshd-SshServer[6e561638](port=8022)-timer-thread-1] but has failed to stop it. This is very likely to create a memory leak. Stack trace of thread:
 java.base@17.0.8.1/jdk.internal.misc.Unsafe.park(Native Method)
 java.base@17.0.8.1/java.util.concurrent.locks.LockSupport.parkNanos(LockSupport.java:252)
 java.base@17.0.8.1/java.util.concurrent.locks.AbstractQueuedSynchronizer$ConditionObject.awaitNanos(AbstractQueuedSynchronizer.java:1672)
 java.base@17.0.8.1/java.util.concurrent.ScheduledThreadPoolExecutor$DelayedWorkQueue.take(ScheduledThreadPoolExecutor.java:1182)
 java.base@17.0.8.1/java.util.concurrent.ScheduledThreadPoolExecutor$DelayedWorkQueue.take(ScheduledThreadPoolExecutor.java:899)
 java.base@17.0.8.1/java.util.concurrent.ThreadPoolExecutor.getTask(ThreadPoolExecutor.java:1062)
 java.base@17.0.8.1/java.util.concurrent.ThreadPoolExecutor.runWorker(ThreadPoolExecutor.java:1122)
 java.base@17.0.8.1/java.util.concurrent.ThreadPoolExecutor$Worker.run(ThreadPoolExecutor.java:635)
 java.base@17.0.8.1/java.lang.Thread.run(Thread.java:833)
13-Dec-2024 15:05:33.085 ADVERTENCIA [main] org.apache.catalina.loader.WebappClassLoaderBase.clearReferencesThreads The web application [reportserver] appears to have started a thread named [dwdaemon-MaintenanceServiceImpl-1] but has failed to stop it. This is very likely to create a memory leak. Stack trace of thread:
 java.base@17.0.8.1/java.lang.Thread.sleep(Native Method)
 net.datenwerke.rs.utils.daemon.DwDaemonImpl.run(DwDaemonImpl.java:52)
 java.base@17.0.8.1/java.lang.Thread.run(Thread.java:833)
13-Dec-2024 15:05:33.086 ADVERTENCIA [main] org.apache.catalina.loader.WebappClassLoaderBase.clearReferencesThreads The web application [reportserver] appears to have started a thread named [dwdaemon-watchdog-MaintenanceServiceImpl] but has failed to stop it. This is very likely to create a memory leak. Stack trace of thread:
 java.base@17.0.8.1/java.lang.Thread.sleep(Native Method)
 net.datenwerke.rs.utils.daemon.DwDaemonWatchdog.run(DwDaemonWatchdog.java:30)
 java.base@17.0.8.1/java.lang.Thread.run(Thread.java:833)
13-Dec-2024 15:05:33.086 ADVERTENCIA [main] org.apache.catalina.loader.WebappClassLoaderBase.clearReferencesThreads The web application [reportserver] appears to have started a thread named [scheduler-watchdog] but has failed to stop it. This is very likely to create a memory leak. Stack trace of thread:
 java.base@17.0.8.1/java.lang.Thread.sleep(Native Method)
 net.datenwerke.scheduler.service.scheduler.SchedulerWatchdog.run(SchedulerWatchdog.java:32)
 java.base@17.0.8.1/java.lang.Thread.run(Thread.java:833)
13-Dec-2024 15:05:33.087 GRAVE [main] org.apache.catalina.loader.WebappClassLoaderBase.checkThreadLocalMapForLeaks La aplicación web [reportserver] creó un ThreadLocal con clave del tipo [java.lang.ThreadLocal] (valor [java.lang.ThreadLocal@34c46a84]) y un valor del tipo [org.hibernate.internal.SessionImpl] (valor [SessionImpl(1100482636<closed>)]) pero no pudo quitarlo cuando la aplicación web se paró. Los hilos se van a renovar con el tiempo para intentar evitar in posible fallo de memoria.
13-Dec-2024 15:05:33.169 INFORMACIÓN [main] org.apache.coyote.AbstractProtocol.stop Stopping ProtocolHandler ["http-nio-8081"]
13-Dec-2024 15:05:33.174 INFORMACIÓN [main] org.apache.coyote.AbstractProtocol.destroy Destroying ProtocolHandler ["http-nio-8081"]
13-Dec-2024 15:05:55.420 INFORMACIÓN [main] org.apache.catalina.startup.VersionLoggerListener.log Nombre de la versión del servidor: Apache Tomcat/9.0.97
13-Dec-2024 15:05:55.501 INFORMACIÓN [main] org.apache.catalina.startup.VersionLoggerListener.log Server built:                      Nov 6 2024 19:55:19 UTC
13-Dec-2024 15:05:55.504 INFORMACIÓN [main] org.apache.catalina.startup.VersionLoggerListener.log Número de versión de servidor:     9.0.97.0
13-Dec-2024 15:05:55.504 INFORMACIÓN [main] org.apache.catalina.startup.VersionLoggerListener.log OS Name:                           Mac OS X
13-Dec-2024 15:05:55.504 INFORMACIÓN [main] org.apache.catalina.startup.VersionLoggerListener.log Versión de Systema Operativo:      13.6.4
13-Dec-2024 15:05:55.504 INFORMACIÓN [main] org.apache.catalina.startup.VersionLoggerListener.log Arquitectura:                      x86_64
13-Dec-2024 15:05:55.504 INFORMACIÓN [main] org.apache.catalina.startup.VersionLoggerListener.log Java Home:                         /Users/mariapaz/.sdkman/candidates/java/17.0.8.1-tem
13-Dec-2024 15:05:55.505 INFORMACIÓN [main] org.apache.catalina.startup.VersionLoggerListener.log JVM Version:                       17.0.8.1+1
13-Dec-2024 15:05:55.505 INFORMACIÓN [main] org.apache.catalina.startup.VersionLoggerListener.log Vededor JVM:                       Eclipse Adoptium
13-Dec-2024 15:05:55.508 INFORMACIÓN [main] org.apache.catalina.startup.VersionLoggerListener.log CATALINA_BASE:                     /Users/mariapaz/GeneradorFacturasMasivas/apache-tomcat-9.0.97
13-Dec-2024 15:05:55.508 INFORMACIÓN [main] org.apache.catalina.startup.VersionLoggerListener.log CATALINA_HOME:                     /Users/mariapaz/GeneradorFacturasMasivas/apache-tomcat-9.0.97
13-Dec-2024 15:05:55.515 INFORMACIÓN [main] org.apache.catalina.startup.VersionLoggerListener.log Command line argument:             --add-opens=java.base/java.lang=ALL-UNNAMED
13-Dec-2024 15:05:55.516 INFORMACIÓN [main] org.apache.catalina.startup.VersionLoggerListener.log Command line argument:             --add-opens=java.base/java.io=ALL-UNNAMED
13-Dec-2024 15:05:55.516 INFORMACIÓN [main] org.apache.catalina.startup.VersionLoggerListener.log Command line argument:             --add-opens=java.base/java.util=ALL-UNNAMED
13-Dec-2024 15:05:55.516 INFORMACIÓN [main] org.apache.catalina.startup.VersionLoggerListener.log Command line argument:             --add-opens=java.base/java.util.concurrent=ALL-UNNAMED
13-Dec-2024 15:05:55.517 INFORMACIÓN [main] org.apache.catalina.startup.VersionLoggerListener.log Command line argument:             --add-opens=java.rmi/sun.rmi.transport=ALL-UNNAMED
13-Dec-2024 15:05:55.517 INFORMACIÓN [main] org.apache.catalina.startup.VersionLoggerListener.log Command line argument:             -Djava.util.logging.config.file=/Users/mariapaz/GeneradorFacturasMasivas/apache-tomcat-9.0.97/conf/logging.properties
13-Dec-2024 15:05:55.522 INFORMACIÓN [main] org.apache.catalina.startup.VersionLoggerListener.log Command line argument:             -Djava.util.logging.manager=org.apache.juli.ClassLoaderLogManager
13-Dec-2024 15:05:55.523 INFORMACIÓN [main] org.apache.catalina.startup.VersionLoggerListener.log Command line argument:             -Djava.security.egd=file:/dev/urandom
13-Dec-2024 15:05:55.523 INFORMACIÓN [main] org.apache.catalina.startup.VersionLoggerListener.log Command line argument:             -Djdk.tls.ephemeralDHKeySize=2048
13-Dec-2024 15:05:55.524 INFORMACIÓN [main] org.apache.catalina.startup.VersionLoggerListener.log Command line argument:             -Djava.protocol.handler.pkgs=org.apache.catalina.webresources
13-Dec-2024 15:05:55.524 INFORMACIÓN [main] org.apache.catalina.startup.VersionLoggerListener.log Command line argument:             -Dorg.apache.catalina.security.SecurityListener.UMASK=0027
13-Dec-2024 15:05:55.524 INFORMACIÓN [main] org.apache.catalina.startup.VersionLoggerListener.log Command line argument:             -Drs.configdir=/Users/mariapaz/GeneradorFacturasMasivas/apache-tomcat-9.0.97/webapps/reportserver/WEB-INF
13-Dec-2024 15:05:55.524 INFORMACIÓN [main] org.apache.catalina.startup.VersionLoggerListener.log Command line argument:             -Xmx4096M
13-Dec-2024 15:05:55.524 INFORMACIÓN [main] org.apache.catalina.startup.VersionLoggerListener.log Command line argument:             -Dfile.encoding=UTF8
13-Dec-2024 15:05:55.524 INFORMACIÓN [main] org.apache.catalina.startup.VersionLoggerListener.log Command line argument:             --add-opens=java.base/java.net=ALL-UNNAMED
13-Dec-2024 15:05:55.525 INFORMACIÓN [main] org.apache.catalina.startup.VersionLoggerListener.log Command line argument:             --add-opens=java.base/jdk.internal.ref=ALL-UNNAMED
13-Dec-2024 15:05:55.525 INFORMACIÓN [main] org.apache.catalina.startup.VersionLoggerListener.log Command line argument:             --add-opens=java.base/jdk.internal.reflect=ALL-UNNAMED
13-Dec-2024 15:05:55.525 INFORMACIÓN [main] org.apache.catalina.startup.VersionLoggerListener.log Command line argument:             --add-opens=java.base/java.lang.invoke=ALL-UNNAMED
13-Dec-2024 15:05:55.525 INFORMACIÓN [main] org.apache.catalina.startup.VersionLoggerListener.log Command line argument:             --add-opens=java.base/java.util=ALL-UNNAMED
13-Dec-2024 15:05:55.525 INFORMACIÓN [main] org.apache.catalina.startup.VersionLoggerListener.log Command line argument:             --add-opens=java.base/java.lang.ref=ALL-UNNAMED
13-Dec-2024 15:05:55.526 INFORMACIÓN [main] org.apache.catalina.startup.VersionLoggerListener.log Command line argument:             --add-opens=java.base/java.lang.reflect=ALL-UNNAMED
13-Dec-2024 15:05:55.526 INFORMACIÓN [main] org.apache.catalina.startup.VersionLoggerListener.log Command line argument:             --add-opens=java.base/sun.reflect.generics.repository=ALL-UNNAMED
13-Dec-2024 15:05:55.526 INFORMACIÓN [main] org.apache.catalina.startup.VersionLoggerListener.log Command line argument:             -Dignore.endorsed.dirs=
13-Dec-2024 15:05:55.526 INFORMACIÓN [main] org.apache.catalina.startup.VersionLoggerListener.log Command line argument:             -Dcatalina.base=/Users/mariapaz/GeneradorFacturasMasivas/apache-tomcat-9.0.97
13-Dec-2024 15:05:55.526 INFORMACIÓN [main] org.apache.catalina.startup.VersionLoggerListener.log Command line argument:             -Dcatalina.home=/Users/mariapaz/GeneradorFacturasMasivas/apache-tomcat-9.0.97
13-Dec-2024 15:05:55.535 INFORMACIÓN [main] org.apache.catalina.startup.VersionLoggerListener.log Command line argument:             -Djava.io.tmpdir=/Users/mariapaz/GeneradorFacturasMasivas/apache-tomcat-9.0.97/temp
13-Dec-2024 15:05:55.631 INFORMACIÓN [main] org.apache.catalina.core.AprLifecycleListener.lifecycleEvent La biblioteca nativa de Apache Tomcat basada en ARP que permite un rendimiento óptimo en entornos de desarrollo no ha sido hallada en java.library.path: [/Users/mariapaz/Library/Java/Extensions:/Library/Java/Extensions:/Network/Library/Java/Extensions:/System/Library/Java/Extensions:/usr/lib/java:.]
13-Dec-2024 15:05:59.580 INFORMACIÓN [main] org.apache.coyote.AbstractProtocol.init Inicializando el manejador de protocolo ["http-nio-8081"]

13-Dec-2024 15:05:59.782 INFORMACIÓN [main] org.apache.catalina.startup.Catalina.load Server initialization in [5593] milliseconds
13-Dec-2024 15:05:59.909 INFORMACIÓN [main] org.apache.catalina.core.StandardService.startInternal Arrancando servicio [Catalina]
13-Dec-2024 15:05:59.909 INFORMACIÓN [main] org.apache.catalina.core.StandardEngine.startInternal Starting Servlet engine: [Apache Tomcat/9.0.97]
13-Dec-2024 15:05:59.960 INFORMACIÓN [main] org.apache.catalina.startup.HostConfig.deployDirectory Desplegando el directorio [/Users/mariapaz/GeneradorFacturasMasivas/apache-tomcat-9.0.97/webapps/reportserver] de la aplicación web
13-Dec-2024 15:06:37.633 INFORMACIÓN [main] org.apache.jasper.servlet.TldScanner.scanJars Al menos un JAR, que se ha explorado buscando TLDs, aún no contenía TLDs. Activar historial de depuración para este historiador para una completa lista de los JARs que fueron explorados y de los que nos se halló TLDs. Saltarse JARs no necesarios durante la exploración puede dar lugar a una mejora de tiempo significativa en el arranque y compilación de JSP .
13-Dec-2024 15:08:12.535 INFORMACIÓN [main] org.apache.catalina.startup.HostConfig.deployDirectory Deployment of web application directory [/Users/mariapaz/GeneradorFacturasMasivas/apache-tomcat-9.0.97/webapps/reportserver] has finished in [132.575] ms
13-Dec-2024 15:08:12.537 INFORMACIÓN [main] org.apache.catalina.startup.HostConfig.deployDirectory Desplegando el directorio [/Users/mariapaz/GeneradorFacturasMasivas/apache-tomcat-9.0.97/webapps/docs] de la aplicación web
13-Dec-2024 15:08:13.203 INFORMACIÓN [main] org.apache.jasper.servlet.TldScanner.scanJars Al menos un JAR, que se ha explorado buscando TLDs, aún no contenía TLDs. Activar historial de depuración para este historiador para una completa lista de los JARs que fueron explorados y de los que nos se halló TLDs. Saltarse JARs no necesarios durante la exploración puede dar lugar a una mejora de tiempo significativa en el arranque y compilación de JSP .
13-Dec-2024 15:08:13.206 INFORMACIÓN [main] org.apache.catalina.startup.HostConfig.deployDirectory Deployment of web application directory [/Users/mariapaz/GeneradorFacturasMasivas/apache-tomcat-9.0.97/webapps/docs] has finished in [668] ms
13-Dec-2024 15:08:13.206 INFORMACIÓN [main] org.apache.catalina.startup.HostConfig.deployDirectory Desplegando el directorio [/Users/mariapaz/GeneradorFacturasMasivas/apache-tomcat-9.0.97/webapps/manager] de la aplicación web
13-Dec-2024 15:08:13.834 INFORMACIÓN [main] org.apache.jasper.servlet.TldScanner.scanJars Al menos un JAR, que se ha explorado buscando TLDs, aún no contenía TLDs. Activar historial de depuración para este historiador para una completa lista de los JARs que fueron explorados y de los que nos se halló TLDs. Saltarse JARs no necesarios durante la exploración puede dar lugar a una mejora de tiempo significativa en el arranque y compilación de JSP .
13-Dec-2024 15:08:13.867 INFORMACIÓN [main] org.apache.catalina.startup.HostConfig.deployDirectory Deployment of web application directory [/Users/mariapaz/GeneradorFacturasMasivas/apache-tomcat-9.0.97/webapps/manager] has finished in [660] ms
13-Dec-2024 15:08:13.868 INFORMACIÓN [main] org.apache.catalina.startup.HostConfig.deployDirectory Desplegando el directorio [/Users/mariapaz/GeneradorFacturasMasivas/apache-tomcat-9.0.97/webapps/examples] de la aplicación web
13-Dec-2024 15:08:15.217 INFORMACIÓN [main] org.apache.jasper.servlet.TldScanner.scanJars Al menos un JAR, que se ha explorado buscando TLDs, aún no contenía TLDs. Activar historial de depuración para este historiador para una completa lista de los JARs que fueron explorados y de los que nos se halló TLDs. Saltarse JARs no necesarios durante la exploración puede dar lugar a una mejora de tiempo significativa en el arranque y compilación de JSP .
13-Dec-2024 15:08:15.270 INFORMACIÓN [main] org.apache.catalina.startup.HostConfig.deployDirectory Deployment of web application directory [/Users/mariapaz/GeneradorFacturasMasivas/apache-tomcat-9.0.97/webapps/examples] has finished in [1.401] ms
13-Dec-2024 15:08:15.271 INFORMACIÓN [main] org.apache.catalina.startup.HostConfig.deployDirectory Desplegando el directorio [/Users/mariapaz/GeneradorFacturasMasivas/apache-tomcat-9.0.97/webapps/ROOT] de la aplicación web
13-Dec-2024 15:08:15.988 INFORMACIÓN [main] org.apache.jasper.servlet.TldScanner.scanJars Al menos un JAR, que se ha explorado buscando TLDs, aún no contenía TLDs. Activar historial de depuración para este historiador para una completa lista de los JARs que fueron explorados y de los que nos se halló TLDs. Saltarse JARs no necesarios durante la exploración puede dar lugar a una mejora de tiempo significativa en el arranque y compilación de JSP .
13-Dec-2024 15:08:15.991 INFORMACIÓN [main] org.apache.catalina.startup.HostConfig.deployDirectory Deployment of web application directory [/Users/mariapaz/GeneradorFacturasMasivas/apache-tomcat-9.0.97/webapps/ROOT] has finished in [720] ms
13-Dec-2024 15:08:15.992 INFORMACIÓN [main] org.apache.catalina.startup.HostConfig.deployDirectory Desplegando el directorio [/Users/mariapaz/GeneradorFacturasMasivas/apache-tomcat-9.0.97/webapps/host-manager] de la aplicación web
13-Dec-2024 15:08:16.587 INFORMACIÓN [main] org.apache.jasper.servlet.TldScanner.scanJars Al menos un JAR, que se ha explorado buscando TLDs, aún no contenía TLDs. Activar historial de depuración para este historiador para una completa lista de los JARs que fueron explorados y de los que nos se halló TLDs. Saltarse JARs no necesarios durante la exploración puede dar lugar a una mejora de tiempo significativa en el arranque y compilación de JSP .
13-Dec-2024 15:08:16.591 INFORMACIÓN [main] org.apache.catalina.startup.HostConfig.deployDirectory Deployment of web application directory [/Users/mariapaz/GeneradorFacturasMasivas/apache-tomcat-9.0.97/webapps/host-manager] has finished in [599] ms
13-Dec-2024 15:08:16.620 INFORMACIÓN [main] org.apache.coyote.AbstractProtocol.start Starting ProtocolHandler ["http-nio-8081"]
13-Dec-2024 15:08:16.653 INFORMACIÓN [main] org.apache.catalina.startup.Catalina.start Server startup in [136875] milliseconds
13-Dec-2024 15:17:56.767 INFORMACIÓN [main] org.apache.catalina.core.StandardServer.await Se ha recibido un comando de apagado a través del puerto de apagado. Parando la instancia del Servidor.
13-Dec-2024 15:17:56.777 INFORMACIÓN [main] org.apache.coyote.AbstractProtocol.pause Pausing ProtocolHandler ["http-nio-8081"]
13-Dec-2024 15:17:56.787 INFORMACIÓN [main] org.apache.catalina.core.StandardService.stopInternal Parando servicio [Catalina]
13-Dec-2024 15:17:57.538 ADVERTENCIA [main] org.apache.catalina.loader.WebappClassLoaderBase.clearReferencesJdbc La aplicación web [reportserver] registró el conductor JDBC [com.microsoft.sqlserver.jdbc.SQLServerDriver] pero falló al anular el registro mientras la aplicación web estaba parada. Para prevenir un fallo de memoria, se ha anulado el registro del conductor JDBC por la fuerza.
13-Dec-2024 15:17:57.540 ADVERTENCIA [main] org.apache.catalina.loader.WebappClassLoaderBase.clearReferencesThreads The web application [reportserver] appears to have started a thread named [org.apache.commons.vfs2.cache.SoftRefFilesCache$ReleaseThread] but has failed to stop it. This is very likely to create a memory leak. Stack trace of thread:
 java.base@17.0.8.1/java.lang.Object.wait(Native Method)
 java.base@17.0.8.1/java.lang.ref.ReferenceQueue.remove(ReferenceQueue.java:155)
 org.apache.commons.vfs2.cache.SoftRefFilesCache$ReleaseThread.run(SoftRefFilesCache.java:54)
13-Dec-2024 15:17:57.543 ADVERTENCIA [main] org.apache.catalina.loader.WebappClassLoaderBase.clearReferencesThreads The web application [reportserver] appears to have started a thread named [C3P0PooledConnectionPoolManager[identityToken->z8kfltb71hq4hld3hg5j1|6aecd3f8]-AdminTaskTimer] but has failed to stop it. This is very likely to create a memory leak. Stack trace of thread:
 java.base@17.0.8.1/java.lang.Object.wait(Native Method)
 java.base@17.0.8.1/java.util.TimerThread.mainLoop(Timer.java:563)
 java.base@17.0.8.1/java.util.TimerThread.run(Timer.java:516)
13-Dec-2024 15:17:57.544 ADVERTENCIA [main] org.apache.catalina.loader.WebappClassLoaderBase.clearReferencesThreads The web application [reportserver] appears to have started a thread named [C3P0PooledConnectionPoolManager[identityToken->z8kfltb71hq4hld3hg5j1|6aecd3f8]-HelperThread-#0] but has failed to stop it. This is very likely to create a memory leak. Stack trace of thread:
 java.base@17.0.8.1/java.lang.Object.wait(Native Method)
 com.mchange.v2.async.ThreadPoolAsynchronousRunner$PoolThread.run(ThreadPoolAsynchronousRunner.java:683)
13-Dec-2024 15:17:57.546 ADVERTENCIA [main] org.apache.catalina.loader.WebappClassLoaderBase.clearReferencesThreads The web application [reportserver] appears to have started a thread named [C3P0PooledConnectionPoolManager[identityToken->z8kfltb71hq4hld3hg5j1|6aecd3f8]-HelperThread-#1] but has failed to stop it. This is very likely to create a memory leak. Stack trace of thread:
 java.base@17.0.8.1/java.lang.Object.wait(Native Method)
 com.mchange.v2.async.ThreadPoolAsynchronousRunner$PoolThread.run(ThreadPoolAsynchronousRunner.java:683)
13-Dec-2024 15:17:57.546 ADVERTENCIA [main] org.apache.catalina.loader.WebappClassLoaderBase.clearReferencesThreads The web application [reportserver] appears to have started a thread named [C3P0PooledConnectionPoolManager[identityToken->z8kfltb71hq4hld3hg5j1|6aecd3f8]-HelperThread-#2] but has failed to stop it. This is very likely to create a memory leak. Stack trace of thread:
 java.base@17.0.8.1/java.lang.Object.wait(Native Method)
 com.mchange.v2.async.ThreadPoolAsynchronousRunner$PoolThread.run(ThreadPoolAsynchronousRunner.java:683)
13-Dec-2024 15:17:57.547 ADVERTENCIA [main] org.apache.catalina.loader.WebappClassLoaderBase.clearReferencesThreads The web application [reportserver] appears to have started a thread named [dwdaemon-JpaEventLoggerServiceImpl-1] but has failed to stop it. This is very likely to create a memory leak. Stack trace of thread:
 java.base@17.0.8.1/java.lang.Thread.sleep(Native Method)
 net.datenwerke.rs.utils.daemon.DwDaemonImpl.run(DwDaemonImpl.java:52)
 java.base@17.0.8.1/java.lang.Thread.run(Thread.java:833)
13-Dec-2024 15:17:57.548 ADVERTENCIA [main] org.apache.catalina.loader.WebappClassLoaderBase.clearReferencesThreads The web application [reportserver] appears to have started a thread named [dwdaemon-watchdog-JpaEventLoggerServiceImpl] but has failed to stop it. This is very likely to create a memory leak. Stack trace of thread:
 java.base@17.0.8.1/java.lang.Thread.sleep(Native Method)
 net.datenwerke.rs.utils.daemon.DwDaemonWatchdog.run(DwDaemonWatchdog.java:30)
 java.base@17.0.8.1/java.lang.Thread.run(Thread.java:833)
13-Dec-2024 15:17:57.549 ADVERTENCIA [main] org.apache.catalina.loader.WebappClassLoaderBase.clearReferencesThreads The web application [reportserver] appears to have started a thread named [Thread-21] but has failed to stop it. This is very likely to create a memory leak. Stack trace of thread:
 java.base@17.0.8.1/sun.nio.ch.KQueue.poll(Native Method)
 java.base@17.0.8.1/sun.nio.ch.KQueuePort$EventHandlerTask.poll(KQueuePort.java:200)
 java.base@17.0.8.1/sun.nio.ch.KQueuePort$EventHandlerTask.run(KQueuePort.java:287)
 java.base@17.0.8.1/java.lang.Thread.run(Thread.java:833)
13-Dec-2024 15:17:57.551 ADVERTENCIA [main] org.apache.catalina.loader.WebappClassLoaderBase.clearReferencesThreads The web application [reportserver] appears to have started a thread named [sshd-SshServer[70f26bbe](port=8022)-timer-thread-1] but has failed to stop it. This is very likely to create a memory leak. Stack trace of thread:
 java.base@17.0.8.1/jdk.internal.misc.Unsafe.park(Native Method)
 java.base@17.0.8.1/java.util.concurrent.locks.LockSupport.parkNanos(LockSupport.java:252)
 java.base@17.0.8.1/java.util.concurrent.locks.AbstractQueuedSynchronizer$ConditionObject.awaitNanos(AbstractQueuedSynchronizer.java:1672)
 java.base@17.0.8.1/java.util.concurrent.ScheduledThreadPoolExecutor$DelayedWorkQueue.take(ScheduledThreadPoolExecutor.java:1182)
 java.base@17.0.8.1/java.util.concurrent.ScheduledThreadPoolExecutor$DelayedWorkQueue.take(ScheduledThreadPoolExecutor.java:899)
 java.base@17.0.8.1/java.util.concurrent.ThreadPoolExecutor.getTask(ThreadPoolExecutor.java:1062)
 java.base@17.0.8.1/java.util.concurrent.ThreadPoolExecutor.runWorker(ThreadPoolExecutor.java:1122)
 java.base@17.0.8.1/java.util.concurrent.ThreadPoolExecutor$Worker.run(ThreadPoolExecutor.java:635)
 java.base@17.0.8.1/java.lang.Thread.run(Thread.java:833)
13-Dec-2024 15:17:57.552 ADVERTENCIA [main] org.apache.catalina.loader.WebappClassLoaderBase.clearReferencesThreads The web application [reportserver] appears to have started a thread named [dwdaemon-MaintenanceServiceImpl-1] but has failed to stop it. This is very likely to create a memory leak. Stack trace of thread:
 java.base@17.0.8.1/java.lang.Thread.sleep(Native Method)
 net.datenwerke.rs.utils.daemon.DwDaemonImpl.run(DwDaemonImpl.java:52)
 java.base@17.0.8.1/java.lang.Thread.run(Thread.java:833)
13-Dec-2024 15:17:57.552 ADVERTENCIA [main] org.apache.catalina.loader.WebappClassLoaderBase.clearReferencesThreads The web application [reportserver] appears to have started a thread named [dwdaemon-watchdog-MaintenanceServiceImpl] but has failed to stop it. This is very likely to create a memory leak. Stack trace of thread:
 java.base@17.0.8.1/java.lang.Thread.sleep(Native Method)
 net.datenwerke.rs.utils.daemon.DwDaemonWatchdog.run(DwDaemonWatchdog.java:30)
 java.base@17.0.8.1/java.lang.Thread.run(Thread.java:833)
13-Dec-2024 15:17:57.553 ADVERTENCIA [main] org.apache.catalina.loader.WebappClassLoaderBase.clearReferencesThreads The web application [reportserver] appears to have started a thread named [scheduler-watchdog] but has failed to stop it. This is very likely to create a memory leak. Stack trace of thread:
 java.base@17.0.8.1/java.lang.Thread.sleep(Native Method)
 net.datenwerke.scheduler.service.scheduler.SchedulerWatchdog.run(SchedulerWatchdog.java:32)
 java.base@17.0.8.1/java.lang.Thread.run(Thread.java:833)
13-Dec-2024 15:17:57.553 GRAVE [main] org.apache.catalina.loader.WebappClassLoaderBase.checkThreadLocalMapForLeaks La aplicación web [reportserver] creó un ThreadLocal con clave del tipo [java.lang.ThreadLocal] (valor [java.lang.ThreadLocal@76369348]) y un valor del tipo [org.hibernate.internal.SessionImpl] (valor [SessionImpl(1708896355<closed>)]) pero no pudo quitarlo cuando la aplicación web se paró. Los hilos se van a renovar con el tiempo para intentar evitar in posible fallo de memoria.
13-Dec-2024 15:17:57.613 INFORMACIÓN [main] org.apache.coyote.AbstractProtocol.stop Stopping ProtocolHandler ["http-nio-8081"]
13-Dec-2024 15:17:57.628 INFORMACIÓN [main] org.apache.coyote.AbstractProtocol.destroy Destroying ProtocolHandler ["http-nio-8081"]
13-Dec-2024 15:18:06.308 INFORMACIÓN [main] org.apache.catalina.startup.VersionLoggerListener.log Nombre de la versión del servidor: Apache Tomcat/9.0.97
13-Dec-2024 15:18:06.315 INFORMACIÓN [main] org.apache.catalina.startup.VersionLoggerListener.log Server built:                      Nov 6 2024 19:55:19 UTC
13-Dec-2024 15:18:06.316 INFORMACIÓN [main] org.apache.catalina.startup.VersionLoggerListener.log Número de versión de servidor:     9.0.97.0
13-Dec-2024 15:18:06.316 INFORMACIÓN [main] org.apache.catalina.startup.VersionLoggerListener.log OS Name:                           Mac OS X
13-Dec-2024 15:18:06.317 INFORMACIÓN [main] org.apache.catalina.startup.VersionLoggerListener.log Versión de Systema Operativo:      13.6.4
13-Dec-2024 15:18:06.317 INFORMACIÓN [main] org.apache.catalina.startup.VersionLoggerListener.log Arquitectura:                      x86_64
13-Dec-2024 15:18:06.317 INFORMACIÓN [main] org.apache.catalina.startup.VersionLoggerListener.log Java Home:                         /Users/mariapaz/.sdkman/candidates/java/17.0.8.1-tem
13-Dec-2024 15:18:06.318 INFORMACIÓN [main] org.apache.catalina.startup.VersionLoggerListener.log JVM Version:                       17.0.8.1+1
13-Dec-2024 15:18:06.319 INFORMACIÓN [main] org.apache.catalina.startup.VersionLoggerListener.log Vededor JVM:                       Eclipse Adoptium
13-Dec-2024 15:18:06.319 INFORMACIÓN [main] org.apache.catalina.startup.VersionLoggerListener.log CATALINA_BASE:                     /Users/mariapaz/GeneradorFacturasMasivas/apache-tomcat-9.0.97
13-Dec-2024 15:18:06.319 INFORMACIÓN [main] org.apache.catalina.startup.VersionLoggerListener.log CATALINA_HOME:                     /Users/mariapaz/GeneradorFacturasMasivas/apache-tomcat-9.0.97
13-Dec-2024 15:18:06.355 INFORMACIÓN [main] org.apache.catalina.startup.VersionLoggerListener.log Command line argument:             --add-opens=java.base/java.lang=ALL-UNNAMED
13-Dec-2024 15:18:06.356 INFORMACIÓN [main] org.apache.catalina.startup.VersionLoggerListener.log Command line argument:             --add-opens=java.base/java.io=ALL-UNNAMED
13-Dec-2024 15:18:06.356 INFORMACIÓN [main] org.apache.catalina.startup.VersionLoggerListener.log Command line argument:             --add-opens=java.base/java.util=ALL-UNNAMED
13-Dec-2024 15:18:06.357 INFORMACIÓN [main] org.apache.catalina.startup.VersionLoggerListener.log Command line argument:             --add-opens=java.base/java.util.concurrent=ALL-UNNAMED
13-Dec-2024 15:18:06.377 INFORMACIÓN [main] org.apache.catalina.startup.VersionLoggerListener.log Command line argument:             --add-opens=java.rmi/sun.rmi.transport=ALL-UNNAMED
13-Dec-2024 15:18:06.377 INFORMACIÓN [main] org.apache.catalina.startup.VersionLoggerListener.log Command line argument:             -Djava.util.logging.config.file=/Users/mariapaz/GeneradorFacturasMasivas/apache-tomcat-9.0.97/conf/logging.properties
13-Dec-2024 15:18:06.377 INFORMACIÓN [main] org.apache.catalina.startup.VersionLoggerListener.log Command line argument:             -Djava.util.logging.manager=org.apache.juli.ClassLoaderLogManager
13-Dec-2024 15:18:06.377 INFORMACIÓN [main] org.apache.catalina.startup.VersionLoggerListener.log Command line argument:             -Djava.security.egd=file:/dev/urandom
13-Dec-2024 15:18:06.379 INFORMACIÓN [main] org.apache.catalina.startup.VersionLoggerListener.log Command line argument:             -Djdk.tls.ephemeralDHKeySize=2048
13-Dec-2024 15:18:06.379 INFORMACIÓN [main] org.apache.catalina.startup.VersionLoggerListener.log Command line argument:             -Djava.protocol.handler.pkgs=org.apache.catalina.webresources
13-Dec-2024 15:18:06.379 INFORMACIÓN [main] org.apache.catalina.startup.VersionLoggerListener.log Command line argument:             -Dorg.apache.catalina.security.SecurityListener.UMASK=0027
13-Dec-2024 15:18:06.380 INFORMACIÓN [main] org.apache.catalina.startup.VersionLoggerListener.log Command line argument:             -Drs.configdir=/Users/mariapaz/GeneradorFacturasMasivas/apache-tomcat-9.0.97/webapps/reportserver/WEB-INF
13-Dec-2024 15:18:06.380 INFORMACIÓN [main] org.apache.catalina.startup.VersionLoggerListener.log Command line argument:             -Xmx4096M
13-Dec-2024 15:18:06.380 INFORMACIÓN [main] org.apache.catalina.startup.VersionLoggerListener.log Command line argument:             -Dfile.encoding=UTF8
13-Dec-2024 15:18:06.396 INFORMACIÓN [main] org.apache.catalina.startup.VersionLoggerListener.log Command line argument:             --add-opens=java.base/java.net=ALL-UNNAMED
13-Dec-2024 15:18:06.397 INFORMACIÓN [main] org.apache.catalina.startup.VersionLoggerListener.log Command line argument:             --add-opens=java.base/jdk.internal.ref=ALL-UNNAMED
13-Dec-2024 15:18:06.397 INFORMACIÓN [main] org.apache.catalina.startup.VersionLoggerListener.log Command line argument:             --add-opens=java.base/jdk.internal.reflect=ALL-UNNAMED
13-Dec-2024 15:18:06.397 INFORMACIÓN [main] org.apache.catalina.startup.VersionLoggerListener.log Command line argument:             --add-opens=java.base/java.lang.invoke=ALL-UNNAMED
13-Dec-2024 15:18:06.397 INFORMACIÓN [main] org.apache.catalina.startup.VersionLoggerListener.log Command line argument:             --add-opens=java.base/java.util=ALL-UNNAMED
13-Dec-2024 15:18:06.397 INFORMACIÓN [main] org.apache.catalina.startup.VersionLoggerListener.log Command line argument:             --add-opens=java.base/java.lang.ref=ALL-UNNAMED
13-Dec-2024 15:18:06.403 INFORMACIÓN [main] org.apache.catalina.startup.VersionLoggerListener.log Command line argument:             --add-opens=java.base/java.lang.reflect=ALL-UNNAMED
13-Dec-2024 15:18:06.404 INFORMACIÓN [main] org.apache.catalina.startup.VersionLoggerListener.log Command line argument:             --add-opens=java.base/sun.reflect.generics.repository=ALL-UNNAMED
13-Dec-2024 15:18:06.404 INFORMACIÓN [main] org.apache.catalina.startup.VersionLoggerListener.log Command line argument:             -Dignore.endorsed.dirs=
13-Dec-2024 15:18:06.404 INFORMACIÓN [main] org.apache.catalina.startup.VersionLoggerListener.log Command line argument:             -Dcatalina.base=/Users/mariapaz/GeneradorFacturasMasivas/apache-tomcat-9.0.97
13-Dec-2024 15:18:06.404 INFORMACIÓN [main] org.apache.catalina.startup.VersionLoggerListener.log Command line argument:             -Dcatalina.home=/Users/mariapaz/GeneradorFacturasMasivas/apache-tomcat-9.0.97
13-Dec-2024 15:18:06.414 INFORMACIÓN [main] org.apache.catalina.startup.VersionLoggerListener.log Command line argument:             -Djava.io.tmpdir=/Users/mariapaz/GeneradorFacturasMasivas/apache-tomcat-9.0.97/temp
13-Dec-2024 15:18:06.513 INFORMACIÓN [main] org.apache.catalina.core.AprLifecycleListener.lifecycleEvent La biblioteca nativa de Apache Tomcat basada en ARP que permite un rendimiento óptimo en entornos de desarrollo no ha sido hallada en java.library.path: [/Users/mariapaz/Library/Java/Extensions:/Library/Java/Extensions:/Network/Library/Java/Extensions:/System/Library/Java/Extensions:/usr/lib/java:.]
13-Dec-2024 15:18:07.975 INFORMACIÓN [main] org.apache.coyote.AbstractProtocol.init Inicializando el manejador de protocolo ["http-nio-8081"]

13-Dec-2024 15:18:08.044 INFORMACIÓN [main] org.apache.catalina.startup.Catalina.load Server initialization in [3500] milliseconds
13-Dec-2024 15:18:08.209 INFORMACIÓN [main] org.apache.catalina.core.StandardService.startInternal Arrancando servicio [Catalina]
13-Dec-2024 15:18:08.212 INFORMACIÓN [main] org.apache.catalina.core.StandardEngine.startInternal Starting Servlet engine: [Apache Tomcat/9.0.97]
13-Dec-2024 15:18:08.240 INFORMACIÓN [main] org.apache.catalina.startup.HostConfig.deployDirectory Desplegando el directorio [/Users/mariapaz/GeneradorFacturasMasivas/apache-tomcat-9.0.97/webapps/reportserver] de la aplicación web
13-Dec-2024 15:18:38.963 INFORMACIÓN [main] org.apache.jasper.servlet.TldScanner.scanJars Al menos un JAR, que se ha explorado buscando TLDs, aún no contenía TLDs. Activar historial de depuración para este historiador para una completa lista de los JARs que fueron explorados y de los que nos se halló TLDs. Saltarse JARs no necesarios durante la exploración puede dar lugar a una mejora de tiempo significativa en el arranque y compilación de JSP .
13-Dec-2024 15:20:25.454 INFORMACIÓN [main] org.apache.catalina.startup.HostConfig.deployDirectory Deployment of web application directory [/Users/mariapaz/GeneradorFacturasMasivas/apache-tomcat-9.0.97/webapps/reportserver] has finished in [137.215] ms
13-Dec-2024 15:20:25.455 INFORMACIÓN [main] org.apache.catalina.startup.HostConfig.deployDirectory Desplegando el directorio [/Users/mariapaz/GeneradorFacturasMasivas/apache-tomcat-9.0.97/webapps/docs] de la aplicación web
13-Dec-2024 15:20:26.267 INFORMACIÓN [main] org.apache.jasper.servlet.TldScanner.scanJars Al menos un JAR, que se ha explorado buscando TLDs, aún no contenía TLDs. Activar historial de depuración para este historiador para una completa lista de los JARs que fueron explorados y de los que nos se halló TLDs. Saltarse JARs no necesarios durante la exploración puede dar lugar a una mejora de tiempo significativa en el arranque y compilación de JSP .
13-Dec-2024 15:20:26.271 INFORMACIÓN [main] org.apache.catalina.startup.HostConfig.deployDirectory Deployment of web application directory [/Users/mariapaz/GeneradorFacturasMasivas/apache-tomcat-9.0.97/webapps/docs] has finished in [815] ms
13-Dec-2024 15:20:26.271 INFORMACIÓN [main] org.apache.catalina.startup.HostConfig.deployDirectory Desplegando el directorio [/Users/mariapaz/GeneradorFacturasMasivas/apache-tomcat-9.0.97/webapps/manager] de la aplicación web
13-Dec-2024 15:20:27.003 INFORMACIÓN [main] org.apache.jasper.servlet.TldScanner.scanJars Al menos un JAR, que se ha explorado buscando TLDs, aún no contenía TLDs. Activar historial de depuración para este historiador para una completa lista de los JARs que fueron explorados y de los que nos se halló TLDs. Saltarse JARs no necesarios durante la exploración puede dar lugar a una mejora de tiempo significativa en el arranque y compilación de JSP .
13-Dec-2024 15:20:27.020 INFORMACIÓN [main] org.apache.catalina.startup.HostConfig.deployDirectory Deployment of web application directory [/Users/mariapaz/GeneradorFacturasMasivas/apache-tomcat-9.0.97/webapps/manager] has finished in [749] ms
13-Dec-2024 15:20:27.021 INFORMACIÓN [main] org.apache.catalina.startup.HostConfig.deployDirectory Desplegando el directorio [/Users/mariapaz/GeneradorFacturasMasivas/apache-tomcat-9.0.97/webapps/examples] de la aplicación web
13-Dec-2024 15:20:28.287 INFORMACIÓN [main] org.apache.jasper.servlet.TldScanner.scanJars Al menos un JAR, que se ha explorado buscando TLDs, aún no contenía TLDs. Activar historial de depuración para este historiador para una completa lista de los JARs que fueron explorados y de los que nos se halló TLDs. Saltarse JARs no necesarios durante la exploración puede dar lugar a una mejora de tiempo significativa en el arranque y compilación de JSP .
13-Dec-2024 15:20:28.319 INFORMACIÓN [main] org.apache.catalina.startup.HostConfig.deployDirectory Deployment of web application directory [/Users/mariapaz/GeneradorFacturasMasivas/apache-tomcat-9.0.97/webapps/examples] has finished in [1.297] ms
13-Dec-2024 15:20:28.319 INFORMACIÓN [main] org.apache.catalina.startup.HostConfig.deployDirectory Desplegando el directorio [/Users/mariapaz/GeneradorFacturasMasivas/apache-tomcat-9.0.97/webapps/ROOT] de la aplicación web
13-Dec-2024 15:20:28.774 INFORMACIÓN [main] org.apache.jasper.servlet.TldScanner.scanJars Al menos un JAR, que se ha explorado buscando TLDs, aún no contenía TLDs. Activar historial de depuración para este historiador para una completa lista de los JARs que fueron explorados y de los que nos se halló TLDs. Saltarse JARs no necesarios durante la exploración puede dar lugar a una mejora de tiempo significativa en el arranque y compilación de JSP .
13-Dec-2024 15:20:28.778 INFORMACIÓN [main] org.apache.catalina.startup.HostConfig.deployDirectory Deployment of web application directory [/Users/mariapaz/GeneradorFacturasMasivas/apache-tomcat-9.0.97/webapps/ROOT] has finished in [458] ms
13-Dec-2024 15:20:28.778 INFORMACIÓN [main] org.apache.catalina.startup.HostConfig.deployDirectory Desplegando el directorio [/Users/mariapaz/GeneradorFacturasMasivas/apache-tomcat-9.0.97/webapps/host-manager] de la aplicación web
13-Dec-2024 15:20:29.597 INFORMACIÓN [main] org.apache.jasper.servlet.TldScanner.scanJars Al menos un JAR, que se ha explorado buscando TLDs, aún no contenía TLDs. Activar historial de depuración para este historiador para una completa lista de los JARs que fueron explorados y de los que nos se halló TLDs. Saltarse JARs no necesarios durante la exploración puede dar lugar a una mejora de tiempo significativa en el arranque y compilación de JSP .
13-Dec-2024 15:20:29.612 INFORMACIÓN [main] org.apache.catalina.startup.HostConfig.deployDirectory Deployment of web application directory [/Users/mariapaz/GeneradorFacturasMasivas/apache-tomcat-9.0.97/webapps/host-manager] has finished in [834] ms
13-Dec-2024 15:20:29.638 INFORMACIÓN [main] org.apache.coyote.AbstractProtocol.start Starting ProtocolHandler ["http-nio-8081"]
13-Dec-2024 15:20:29.666 INFORMACIÓN [main] org.apache.catalina.startup.Catalina.start Server startup in [141625] milliseconds
13-Dec-2024 15:33:18.539 INFORMACIÓN [main] org.apache.catalina.core.StandardServer.await Se ha recibido un comando de apagado a través del puerto de apagado. Parando la instancia del Servidor.
13-Dec-2024 15:33:18.986 INFORMACIÓN [main] org.apache.coyote.AbstractProtocol.pause Pausing ProtocolHandler ["http-nio-8081"]
13-Dec-2024 15:33:18.990 INFORMACIÓN [main] org.apache.catalina.core.StandardService.stopInternal Parando servicio [Catalina]
13-Dec-2024 15:33:21.443 ADVERTENCIA [main] org.apache.catalina.loader.WebappClassLoaderBase.clearReferencesJdbc La aplicación web [reportserver] registró el conductor JDBC [com.microsoft.sqlserver.jdbc.SQLServerDriver] pero falló al anular el registro mientras la aplicación web estaba parada. Para prevenir un fallo de memoria, se ha anulado el registro del conductor JDBC por la fuerza.
13-Dec-2024 15:33:21.455 ADVERTENCIA [main] org.apache.catalina.loader.WebappClassLoaderBase.clearReferencesThreads The web application [reportserver] appears to have started a thread named [org.apache.commons.vfs2.cache.SoftRefFilesCache$ReleaseThread] but has failed to stop it. This is very likely to create a memory leak. Stack trace of thread:
 java.base@17.0.8.1/java.lang.Object.wait(Native Method)
 java.base@17.0.8.1/java.lang.ref.ReferenceQueue.remove(ReferenceQueue.java:155)
 org.apache.commons.vfs2.cache.SoftRefFilesCache$ReleaseThread.run(SoftRefFilesCache.java:54)
13-Dec-2024 15:33:21.466 ADVERTENCIA [main] org.apache.catalina.loader.WebappClassLoaderBase.clearReferencesThreads The web application [reportserver] appears to have started a thread named [C3P0PooledConnectionPoolManager[identityToken->z8kfltb71hqjyowqmxyeg|7163e365]-AdminTaskTimer] but has failed to stop it. This is very likely to create a memory leak. Stack trace of thread:
 java.base@17.0.8.1/java.lang.Object.wait(Native Method)
 java.base@17.0.8.1/java.util.TimerThread.mainLoop(Timer.java:563)
 java.base@17.0.8.1/java.util.TimerThread.run(Timer.java:516)
13-Dec-2024 15:33:21.467 ADVERTENCIA [main] org.apache.catalina.loader.WebappClassLoaderBase.clearReferencesThreads The web application [reportserver] appears to have started a thread named [C3P0PooledConnectionPoolManager[identityToken->z8kfltb71hqjyowqmxyeg|7163e365]-HelperThread-#0] but has failed to stop it. This is very likely to create a memory leak. Stack trace of thread:
 java.base@17.0.8.1/java.lang.Object.wait(Native Method)
 com.mchange.v2.async.ThreadPoolAsynchronousRunner$PoolThread.run(ThreadPoolAsynchronousRunner.java:683)
13-Dec-2024 15:33:21.468 ADVERTENCIA [main] org.apache.catalina.loader.WebappClassLoaderBase.clearReferencesThreads The web application [reportserver] appears to have started a thread named [C3P0PooledConnectionPoolManager[identityToken->z8kfltb71hqjyowqmxyeg|7163e365]-HelperThread-#1] but has failed to stop it. This is very likely to create a memory leak. Stack trace of thread:
 java.base@17.0.8.1/java.lang.Object.wait(Native Method)
 com.mchange.v2.async.ThreadPoolAsynchronousRunner$PoolThread.run(ThreadPoolAsynchronousRunner.java:683)
13-Dec-2024 15:33:21.468 ADVERTENCIA [main] org.apache.catalina.loader.WebappClassLoaderBase.clearReferencesThreads The web application [reportserver] appears to have started a thread named [C3P0PooledConnectionPoolManager[identityToken->z8kfltb71hqjyowqmxyeg|7163e365]-HelperThread-#2] but has failed to stop it. This is very likely to create a memory leak. Stack trace of thread:
 java.base@17.0.8.1/java.lang.Object.wait(Native Method)
 com.mchange.v2.async.ThreadPoolAsynchronousRunner$PoolThread.run(ThreadPoolAsynchronousRunner.java:683)
13-Dec-2024 15:33:21.469 ADVERTENCIA [main] org.apache.catalina.loader.WebappClassLoaderBase.clearReferencesThreads The web application [reportserver] appears to have started a thread named [dwdaemon-JpaEventLoggerServiceImpl-1] but has failed to stop it. This is very likely to create a memory leak. Stack trace of thread:
 java.base@17.0.8.1/java.lang.Thread.sleep(Native Method)
 net.datenwerke.rs.utils.daemon.DwDaemonImpl.run(DwDaemonImpl.java:52)
 java.base@17.0.8.1/java.lang.Thread.run(Thread.java:833)
13-Dec-2024 15:33:21.470 ADVERTENCIA [main] org.apache.catalina.loader.WebappClassLoaderBase.clearReferencesThreads The web application [reportserver] appears to have started a thread named [dwdaemon-watchdog-JpaEventLoggerServiceImpl] but has failed to stop it. This is very likely to create a memory leak. Stack trace of thread:
 java.base@17.0.8.1/java.lang.Thread.sleep(Native Method)
 net.datenwerke.rs.utils.daemon.DwDaemonWatchdog.run(DwDaemonWatchdog.java:30)
 java.base@17.0.8.1/java.lang.Thread.run(Thread.java:833)
13-Dec-2024 15:33:21.471 ADVERTENCIA [main] org.apache.catalina.loader.WebappClassLoaderBase.clearReferencesThreads The web application [reportserver] appears to have started a thread named [Thread-21] but has failed to stop it. This is very likely to create a memory leak. Stack trace of thread:
 java.base@17.0.8.1/sun.nio.ch.KQueue.poll(Native Method)
 java.base@17.0.8.1/sun.nio.ch.KQueuePort$EventHandlerTask.poll(KQueuePort.java:200)
 java.base@17.0.8.1/sun.nio.ch.KQueuePort$EventHandlerTask.run(KQueuePort.java:287)
 java.base@17.0.8.1/java.lang.Thread.run(Thread.java:833)
13-Dec-2024 15:33:21.473 ADVERTENCIA [main] org.apache.catalina.loader.WebappClassLoaderBase.clearReferencesThreads The web application [reportserver] appears to have started a thread named [sshd-SshServer[6d7af8cd](port=8022)-timer-thread-1] but has failed to stop it. This is very likely to create a memory leak. Stack trace of thread:
 java.base@17.0.8.1/jdk.internal.misc.Unsafe.park(Native Method)
 java.base@17.0.8.1/java.util.concurrent.locks.LockSupport.parkNanos(LockSupport.java:252)
 java.base@17.0.8.1/java.util.concurrent.locks.AbstractQueuedSynchronizer$ConditionObject.awaitNanos(AbstractQueuedSynchronizer.java:1672)
 java.base@17.0.8.1/java.util.concurrent.ScheduledThreadPoolExecutor$DelayedWorkQueue.take(ScheduledThreadPoolExecutor.java:1182)
 java.base@17.0.8.1/java.util.concurrent.ScheduledThreadPoolExecutor$DelayedWorkQueue.take(ScheduledThreadPoolExecutor.java:899)
 java.base@17.0.8.1/java.util.concurrent.ThreadPoolExecutor.getTask(ThreadPoolExecutor.java:1062)
 java.base@17.0.8.1/java.util.concurrent.ThreadPoolExecutor.runWorker(ThreadPoolExecutor.java:1122)
 java.base@17.0.8.1/java.util.concurrent.ThreadPoolExecutor$Worker.run(ThreadPoolExecutor.java:635)
 java.base@17.0.8.1/java.lang.Thread.run(Thread.java:833)
13-Dec-2024 15:33:21.476 ADVERTENCIA [main] org.apache.catalina.loader.WebappClassLoaderBase.clearReferencesThreads The web application [reportserver] appears to have started a thread named [dwdaemon-MaintenanceServiceImpl-1] but has failed to stop it. This is very likely to create a memory leak. Stack trace of thread:
 java.base@17.0.8.1/java.lang.Thread.sleep(Native Method)
 net.datenwerke.rs.utils.daemon.DwDaemonImpl.run(DwDaemonImpl.java:52)
 java.base@17.0.8.1/java.lang.Thread.run(Thread.java:833)
13-Dec-2024 15:33:21.476 ADVERTENCIA [main] org.apache.catalina.loader.WebappClassLoaderBase.clearReferencesThreads The web application [reportserver] appears to have started a thread named [dwdaemon-watchdog-MaintenanceServiceImpl] but has failed to stop it. This is very likely to create a memory leak. Stack trace of thread:
 java.base@17.0.8.1/java.lang.Thread.sleep(Native Method)
 net.datenwerke.rs.utils.daemon.DwDaemonWatchdog.run(DwDaemonWatchdog.java:30)
 java.base@17.0.8.1/java.lang.Thread.run(Thread.java:833)
13-Dec-2024 15:33:21.487 ADVERTENCIA [main] org.apache.catalina.loader.WebappClassLoaderBase.clearReferencesThreads The web application [reportserver] appears to have started a thread named [scheduler-watchdog] but has failed to stop it. This is very likely to create a memory leak. Stack trace of thread:
 java.base@17.0.8.1/java.lang.Thread.sleep(Native Method)
 net.datenwerke.scheduler.service.scheduler.SchedulerWatchdog.run(SchedulerWatchdog.java:32)
 java.base@17.0.8.1/java.lang.Thread.run(Thread.java:833)
13-Dec-2024 15:33:21.488 GRAVE [main] org.apache.catalina.loader.WebappClassLoaderBase.checkThreadLocalMapForLeaks La aplicación web [reportserver] creó un ThreadLocal con clave del tipo [java.lang.ThreadLocal] (valor [java.lang.ThreadLocal@334c0570]) y un valor del tipo [org.hibernate.internal.SessionImpl] (valor [SessionImpl(1775844661<closed>)]) pero no pudo quitarlo cuando la aplicación web se paró. Los hilos se van a renovar con el tiempo para intentar evitar in posible fallo de memoria.
13-Dec-2024 15:33:21.605 INFORMACIÓN [main] org.apache.coyote.AbstractProtocol.stop Stopping ProtocolHandler ["http-nio-8081"]
13-Dec-2024 15:33:21.616 INFORMACIÓN [main] org.apache.coyote.AbstractProtocol.destroy Destroying ProtocolHandler ["http-nio-8081"]
13-Dec-2024 15:33:22.465 INFORMACIÓN [main] org.apache.catalina.startup.VersionLoggerListener.log Nombre de la versión del servidor: Apache Tomcat/9.0.97
13-Dec-2024 15:33:22.475 INFORMACIÓN [main] org.apache.catalina.startup.VersionLoggerListener.log Server built:                      Nov 6 2024 19:55:19 UTC
13-Dec-2024 15:33:22.476 INFORMACIÓN [main] org.apache.catalina.startup.VersionLoggerListener.log Número de versión de servidor:     9.0.97.0
13-Dec-2024 15:33:22.477 INFORMACIÓN [main] org.apache.catalina.startup.VersionLoggerListener.log OS Name:                           Mac OS X
13-Dec-2024 15:33:22.477 INFORMACIÓN [main] org.apache.catalina.startup.VersionLoggerListener.log Versión de Systema Operativo:      13.6.4
13-Dec-2024 15:33:22.478 INFORMACIÓN [main] org.apache.catalina.startup.VersionLoggerListener.log Arquitectura:                      x86_64
13-Dec-2024 15:33:22.479 INFORMACIÓN [main] org.apache.catalina.startup.VersionLoggerListener.log Java Home:                         /Users/mariapaz/.sdkman/candidates/java/17.0.8.1-tem
13-Dec-2024 15:33:22.480 INFORMACIÓN [main] org.apache.catalina.startup.VersionLoggerListener.log JVM Version:                       17.0.8.1+1
13-Dec-2024 15:33:22.480 INFORMACIÓN [main] org.apache.catalina.startup.VersionLoggerListener.log Vededor JVM:                       Eclipse Adoptium
13-Dec-2024 15:33:22.481 INFORMACIÓN [main] org.apache.catalina.startup.VersionLoggerListener.log CATALINA_BASE:                     /Users/mariapaz/GeneradorFacturasMasivas/apache-tomcat-9.0.97
13-Dec-2024 15:33:22.481 INFORMACIÓN [main] org.apache.catalina.startup.VersionLoggerListener.log CATALINA_HOME:                     /Users/mariapaz/GeneradorFacturasMasivas/apache-tomcat-9.0.97
13-Dec-2024 15:33:22.507 INFORMACIÓN [main] org.apache.catalina.startup.VersionLoggerListener.log Command line argument:             --add-opens=java.base/java.lang=ALL-UNNAMED
13-Dec-2024 15:33:22.508 INFORMACIÓN [main] org.apache.catalina.startup.VersionLoggerListener.log Command line argument:             --add-opens=java.base/java.io=ALL-UNNAMED
13-Dec-2024 15:33:22.509 INFORMACIÓN [main] org.apache.catalina.startup.VersionLoggerListener.log Command line argument:             --add-opens=java.base/java.util=ALL-UNNAMED
13-Dec-2024 15:33:22.509 INFORMACIÓN [main] org.apache.catalina.startup.VersionLoggerListener.log Command line argument:             --add-opens=java.base/java.util.concurrent=ALL-UNNAMED
13-Dec-2024 15:33:22.510 INFORMACIÓN [main] org.apache.catalina.startup.VersionLoggerListener.log Command line argument:             --add-opens=java.rmi/sun.rmi.transport=ALL-UNNAMED
13-Dec-2024 15:33:22.510 INFORMACIÓN [main] org.apache.catalina.startup.VersionLoggerListener.log Command line argument:             -Djava.util.logging.config.file=/Users/mariapaz/GeneradorFacturasMasivas/apache-tomcat-9.0.97/conf/logging.properties
13-Dec-2024 15:33:22.510 INFORMACIÓN [main] org.apache.catalina.startup.VersionLoggerListener.log Command line argument:             -Djava.util.logging.manager=org.apache.juli.ClassLoaderLogManager
13-Dec-2024 15:33:22.511 INFORMACIÓN [main] org.apache.catalina.startup.VersionLoggerListener.log Command line argument:             -Djava.security.egd=file:/dev/urandom
13-Dec-2024 15:33:22.511 INFORMACIÓN [main] org.apache.catalina.startup.VersionLoggerListener.log Command line argument:             -Djdk.tls.ephemeralDHKeySize=2048
13-Dec-2024 15:33:22.511 INFORMACIÓN [main] org.apache.catalina.startup.VersionLoggerListener.log Command line argument:             -Djava.protocol.handler.pkgs=org.apache.catalina.webresources
13-Dec-2024 15:33:22.512 INFORMACIÓN [main] org.apache.catalina.startup.VersionLoggerListener.log Command line argument:             -Dorg.apache.catalina.security.SecurityListener.UMASK=0027
13-Dec-2024 15:33:22.512 INFORMACIÓN [main] org.apache.catalina.startup.VersionLoggerListener.log Command line argument:             -Drs.configdir=/Users/mariapaz/GeneradorFacturasMasivas/apache-tomcat-9.0.97/webapps/reportserver/WEB-INF
13-Dec-2024 15:33:22.513 INFORMACIÓN [main] org.apache.catalina.startup.VersionLoggerListener.log Command line argument:             -Xmx4096M
13-Dec-2024 15:33:22.513 INFORMACIÓN [main] org.apache.catalina.startup.VersionLoggerListener.log Command line argument:             -Dfile.encoding=UTF8
13-Dec-2024 15:33:22.514 INFORMACIÓN [main] org.apache.catalina.startup.VersionLoggerListener.log Command line argument:             --add-opens=java.base/java.net=ALL-UNNAMED
13-Dec-2024 15:33:22.514 INFORMACIÓN [main] org.apache.catalina.startup.VersionLoggerListener.log Command line argument:             --add-opens=java.base/jdk.internal.ref=ALL-UNNAMED
13-Dec-2024 15:33:22.514 INFORMACIÓN [main] org.apache.catalina.startup.VersionLoggerListener.log Command line argument:             --add-opens=java.base/jdk.internal.reflect=ALL-UNNAMED
13-Dec-2024 15:33:22.515 INFORMACIÓN [main] org.apache.catalina.startup.VersionLoggerListener.log Command line argument:             --add-opens=java.base/java.lang.invoke=ALL-UNNAMED
13-Dec-2024 15:33:22.515 INFORMACIÓN [main] org.apache.catalina.startup.VersionLoggerListener.log Command line argument:             --add-opens=java.base/java.util=ALL-UNNAMED
13-Dec-2024 15:33:22.516 INFORMACIÓN [main] org.apache.catalina.startup.VersionLoggerListener.log Command line argument:             --add-opens=java.base/java.lang.ref=ALL-UNNAMED
13-Dec-2024 15:33:22.516 INFORMACIÓN [main] org.apache.catalina.startup.VersionLoggerListener.log Command line argument:             --add-opens=java.base/java.lang.reflect=ALL-UNNAMED
13-Dec-2024 15:33:22.517 INFORMACIÓN [main] org.apache.catalina.startup.VersionLoggerListener.log Command line argument:             --add-opens=java.base/sun.reflect.generics.repository=ALL-UNNAMED
13-Dec-2024 15:33:22.518 INFORMACIÓN [main] org.apache.catalina.startup.VersionLoggerListener.log Command line argument:             -Dignore.endorsed.dirs=
13-Dec-2024 15:33:22.518 INFORMACIÓN [main] org.apache.catalina.startup.VersionLoggerListener.log Command line argument:             -Dcatalina.base=/Users/mariapaz/GeneradorFacturasMasivas/apache-tomcat-9.0.97
13-Dec-2024 15:33:22.518 INFORMACIÓN [main] org.apache.catalina.startup.VersionLoggerListener.log Command line argument:             -Dcatalina.home=/Users/mariapaz/GeneradorFacturasMasivas/apache-tomcat-9.0.97
13-Dec-2024 15:33:22.519 INFORMACIÓN [main] org.apache.catalina.startup.VersionLoggerListener.log Command line argument:             -Djava.io.tmpdir=/Users/mariapaz/GeneradorFacturasMasivas/apache-tomcat-9.0.97/temp
13-Dec-2024 15:33:22.546 INFORMACIÓN [main] org.apache.catalina.core.AprLifecycleListener.lifecycleEvent La biblioteca nativa de Apache Tomcat basada en ARP que permite un rendimiento óptimo en entornos de desarrollo no ha sido hallada en java.library.path: [/Users/mariapaz/Library/Java/Extensions:/Library/Java/Extensions:/Network/Library/Java/Extensions:/System/Library/Java/Extensions:/usr/lib/java:.]
13-Dec-2024 15:33:25.357 INFORMACIÓN [main] org.apache.coyote.AbstractProtocol.init Inicializando el manejador de protocolo ["http-nio-8081"]

13-Dec-2024 15:33:25.448 INFORMACIÓN [main] org.apache.catalina.startup.Catalina.load Server initialization in [3678] milliseconds
13-Dec-2024 15:33:25.579 INFORMACIÓN [main] org.apache.catalina.core.StandardService.startInternal Arrancando servicio [Catalina]
13-Dec-2024 15:33:25.579 INFORMACIÓN [main] org.apache.catalina.core.StandardEngine.startInternal Starting Servlet engine: [Apache Tomcat/9.0.97]
13-Dec-2024 15:34:05.533 INFORMACIÓN [main] org.apache.jasper.servlet.TldScanner.scanJars Al menos un JAR, que se ha explorado buscando TLDs, aún no contenía TLDs. Activar historial de depuración para este historiador para una completa lista de los JARs que fueron explorados y de los que nos se halló TLDs. Saltarse JARs no necesarios durante la exploración puede dar lugar a una mejora de tiempo significativa en el arranque y compilación de JSP .
13-Dec-2024 15:35:57.692 INFORMACIÓN [main] org.apache.catalina.startup.HostConfig.deployDirectory Desplegando el directorio [/Users/mariapaz/GeneradorFacturasMasivas/apache-tomcat-9.0.97/webapps/docs] de la aplicación web
13-Dec-2024 15:35:58.603 INFORMACIÓN [main] org.apache.jasper.servlet.TldScanner.scanJars Al menos un JAR, que se ha explorado buscando TLDs, aún no contenía TLDs. Activar historial de depuración para este historiador para una completa lista de los JARs que fueron explorados y de los que nos se halló TLDs. Saltarse JARs no necesarios durante la exploración puede dar lugar a una mejora de tiempo significativa en el arranque y compilación de JSP .
13-Dec-2024 15:35:58.610 INFORMACIÓN [main] org.apache.catalina.startup.HostConfig.deployDirectory Deployment of web application directory [/Users/mariapaz/GeneradorFacturasMasivas/apache-tomcat-9.0.97/webapps/docs] has finished in [918] ms
13-Dec-2024 15:35:58.611 INFORMACIÓN [main] org.apache.catalina.startup.HostConfig.deployDirectory Desplegando el directorio [/Users/mariapaz/GeneradorFacturasMasivas/apache-tomcat-9.0.97/webapps/manager] de la aplicación web
13-Dec-2024 15:35:59.310 INFORMACIÓN [main] org.apache.jasper.servlet.TldScanner.scanJars Al menos un JAR, que se ha explorado buscando TLDs, aún no contenía TLDs. Activar historial de depuración para este historiador para una completa lista de los JARs que fueron explorados y de los que nos se halló TLDs. Saltarse JARs no necesarios durante la exploración puede dar lugar a una mejora de tiempo significativa en el arranque y compilación de JSP .
13-Dec-2024 15:35:59.323 INFORMACIÓN [main] org.apache.catalina.startup.HostConfig.deployDirectory Deployment of web application directory [/Users/mariapaz/GeneradorFacturasMasivas/apache-tomcat-9.0.97/webapps/manager] has finished in [712] ms
13-Dec-2024 15:35:59.323 INFORMACIÓN [main] org.apache.catalina.startup.HostConfig.deployDirectory Desplegando el directorio [/Users/mariapaz/GeneradorFacturasMasivas/apache-tomcat-9.0.97/webapps/examples] de la aplicación web
13-Dec-2024 15:36:01.237 INFORMACIÓN [main] org.apache.jasper.servlet.TldScanner.scanJars Al menos un JAR, que se ha explorado buscando TLDs, aún no contenía TLDs. Activar historial de depuración para este historiador para una completa lista de los JARs que fueron explorados y de los que nos se halló TLDs. Saltarse JARs no necesarios durante la exploración puede dar lugar a una mejora de tiempo significativa en el arranque y compilación de JSP .
13-Dec-2024 15:36:01.290 INFORMACIÓN [main] org.apache.catalina.startup.HostConfig.deployDirectory Deployment of web application directory [/Users/mariapaz/GeneradorFacturasMasivas/apache-tomcat-9.0.97/webapps/examples] has finished in [1.967] ms
13-Dec-2024 15:36:01.290 INFORMACIÓN [main] org.apache.catalina.startup.HostConfig.deployDirectory Desplegando el directorio [/Users/mariapaz/GeneradorFacturasMasivas/apache-tomcat-9.0.97/webapps/ROOT] de la aplicación web
13-Dec-2024 15:36:01.812 INFORMACIÓN [main] org.apache.jasper.servlet.TldScanner.scanJars Al menos un JAR, que se ha explorado buscando TLDs, aún no contenía TLDs. Activar historial de depuración para este historiador para una completa lista de los JARs que fueron explorados y de los que nos se halló TLDs. Saltarse JARs no necesarios durante la exploración puede dar lugar a una mejora de tiempo significativa en el arranque y compilación de JSP .
13-Dec-2024 15:36:01.816 INFORMACIÓN [main] org.apache.catalina.startup.HostConfig.deployDirectory Deployment of web application directory [/Users/mariapaz/GeneradorFacturasMasivas/apache-tomcat-9.0.97/webapps/ROOT] has finished in [526] ms
13-Dec-2024 15:36:01.817 INFORMACIÓN [main] org.apache.catalina.startup.HostConfig.deployDirectory Desplegando el directorio [/Users/mariapaz/GeneradorFacturasMasivas/apache-tomcat-9.0.97/webapps/host-manager] de la aplicación web
13-Dec-2024 15:36:02.280 INFORMACIÓN [main] org.apache.jasper.servlet.TldScanner.scanJars Al menos un JAR, que se ha explorado buscando TLDs, aún no contenía TLDs. Activar historial de depuración para este historiador para una completa lista de los JARs que fueron explorados y de los que nos se halló TLDs. Saltarse JARs no necesarios durante la exploración puede dar lugar a una mejora de tiempo significativa en el arranque y compilación de JSP .
13-Dec-2024 15:36:02.284 INFORMACIÓN [main] org.apache.catalina.startup.HostConfig.deployDirectory Deployment of web application directory [/Users/mariapaz/GeneradorFacturasMasivas/apache-tomcat-9.0.97/webapps/host-manager] has finished in [467] ms
13-Dec-2024 15:36:02.293 INFORMACIÓN [main] org.apache.coyote.AbstractProtocol.start Starting ProtocolHandler ["http-nio-8081"]
13-Dec-2024 15:36:02.312 INFORMACIÓN [main] org.apache.catalina.startup.Catalina.start Server startup in [156869] milliseconds
13-Dec-2024 15:38:23.096 INFORMACIÓN [main] org.apache.catalina.core.StandardServer.await Se ha recibido un comando de apagado a través del puerto de apagado. Parando la instancia del Servidor.
13-Dec-2024 15:38:23.097 INFORMACIÓN [main] org.apache.coyote.AbstractProtocol.pause Pausing ProtocolHandler ["http-nio-8081"]
13-Dec-2024 15:38:23.102 INFORMACIÓN [main] org.apache.catalina.core.StandardService.stopInternal Parando servicio [Catalina]
13-Dec-2024 15:38:26.331 INFORMACIÓN [main] org.apache.catalina.startup.VersionLoggerListener.log Nombre de la versión del servidor: Apache Tomcat/9.0.97
13-Dec-2024 15:38:26.339 INFORMACIÓN [main] org.apache.catalina.startup.VersionLoggerListener.log Server built:                      Nov 6 2024 19:55:19 UTC
13-Dec-2024 15:38:26.339 INFORMACIÓN [main] org.apache.catalina.startup.VersionLoggerListener.log Número de versión de servidor:     9.0.97.0
13-Dec-2024 15:38:26.340 INFORMACIÓN [main] org.apache.catalina.startup.VersionLoggerListener.log OS Name:                           Mac OS X
13-Dec-2024 15:38:26.340 INFORMACIÓN [main] org.apache.catalina.startup.VersionLoggerListener.log Versión de Systema Operativo:      13.6.4
13-Dec-2024 15:38:26.340 INFORMACIÓN [main] org.apache.catalina.startup.VersionLoggerListener.log Arquitectura:                      x86_64
13-Dec-2024 15:38:26.340 INFORMACIÓN [main] org.apache.catalina.startup.VersionLoggerListener.log Java Home:                         /Users/mariapaz/.sdkman/candidates/java/17.0.8.1-tem
13-Dec-2024 15:38:26.341 INFORMACIÓN [main] org.apache.catalina.startup.VersionLoggerListener.log JVM Version:                       17.0.8.1+1
13-Dec-2024 15:38:26.341 INFORMACIÓN [main] org.apache.catalina.startup.VersionLoggerListener.log Vededor JVM:                       Eclipse Adoptium
13-Dec-2024 15:38:26.341 INFORMACIÓN [main] org.apache.catalina.startup.VersionLoggerListener.log CATALINA_BASE:                     /Users/mariapaz/GeneradorFacturasMasivas/apache-tomcat-9.0.97
13-Dec-2024 15:38:26.341 INFORMACIÓN [main] org.apache.catalina.startup.VersionLoggerListener.log CATALINA_HOME:                     /Users/mariapaz/GeneradorFacturasMasivas/apache-tomcat-9.0.97
13-Dec-2024 15:38:26.365 INFORMACIÓN [main] org.apache.catalina.startup.VersionLoggerListener.log Command line argument:             --add-opens=java.base/java.lang=ALL-UNNAMED
13-Dec-2024 15:38:26.366 INFORMACIÓN [main] org.apache.catalina.startup.VersionLoggerListener.log Command line argument:             --add-opens=java.base/java.io=ALL-UNNAMED
13-Dec-2024 15:38:26.366 INFORMACIÓN [main] org.apache.catalina.startup.VersionLoggerListener.log Command line argument:             --add-opens=java.base/java.util=ALL-UNNAMED
13-Dec-2024 15:38:26.366 INFORMACIÓN [main] org.apache.catalina.startup.VersionLoggerListener.log Command line argument:             --add-opens=java.base/java.util.concurrent=ALL-UNNAMED
13-Dec-2024 15:38:26.366 INFORMACIÓN [main] org.apache.catalina.startup.VersionLoggerListener.log Command line argument:             --add-opens=java.rmi/sun.rmi.transport=ALL-UNNAMED
13-Dec-2024 15:38:26.367 INFORMACIÓN [main] org.apache.catalina.startup.VersionLoggerListener.log Command line argument:             -Djava.util.logging.config.file=/Users/mariapaz/GeneradorFacturasMasivas/apache-tomcat-9.0.97/conf/logging.properties
13-Dec-2024 15:38:26.367 INFORMACIÓN [main] org.apache.catalina.startup.VersionLoggerListener.log Command line argument:             -Djava.util.logging.manager=org.apache.juli.ClassLoaderLogManager
13-Dec-2024 15:38:26.367 INFORMACIÓN [main] org.apache.catalina.startup.VersionLoggerListener.log Command line argument:             -Djava.security.egd=file:/dev/urandom
13-Dec-2024 15:38:26.367 INFORMACIÓN [main] org.apache.catalina.startup.VersionLoggerListener.log Command line argument:             -Djdk.tls.ephemeralDHKeySize=2048
13-Dec-2024 15:38:26.367 INFORMACIÓN [main] org.apache.catalina.startup.VersionLoggerListener.log Command line argument:             -Djava.protocol.handler.pkgs=org.apache.catalina.webresources
13-Dec-2024 15:38:26.368 INFORMACIÓN [main] org.apache.catalina.startup.VersionLoggerListener.log Command line argument:             -Dorg.apache.catalina.security.SecurityListener.UMASK=0027
13-Dec-2024 15:38:26.368 INFORMACIÓN [main] org.apache.catalina.startup.VersionLoggerListener.log Command line argument:             -Drs.configdir=/Users/mariapaz/GeneradorFacturasMasivas/apache-tomcat-9.0.97/webapps/reportserver/WEB-INF
13-Dec-2024 15:38:26.368 INFORMACIÓN [main] org.apache.catalina.startup.VersionLoggerListener.log Command line argument:             -Xmx4096M
13-Dec-2024 15:38:26.369 INFORMACIÓN [main] org.apache.catalina.startup.VersionLoggerListener.log Command line argument:             -Dfile.encoding=UTF8
13-Dec-2024 15:38:26.369 INFORMACIÓN [main] org.apache.catalina.startup.VersionLoggerListener.log Command line argument:             --add-opens=java.base/java.net=ALL-UNNAMED
13-Dec-2024 15:38:26.369 INFORMACIÓN [main] org.apache.catalina.startup.VersionLoggerListener.log Command line argument:             --add-opens=java.base/jdk.internal.ref=ALL-UNNAMED
13-Dec-2024 15:38:26.369 INFORMACIÓN [main] org.apache.catalina.startup.VersionLoggerListener.log Command line argument:             --add-opens=java.base/jdk.internal.reflect=ALL-UNNAMED
13-Dec-2024 15:38:26.369 INFORMACIÓN [main] org.apache.catalina.startup.VersionLoggerListener.log Command line argument:             --add-opens=java.base/java.lang.invoke=ALL-UNNAMED
13-Dec-2024 15:38:26.370 INFORMACIÓN [main] org.apache.catalina.startup.VersionLoggerListener.log Command line argument:             --add-opens=java.base/java.util=ALL-UNNAMED
13-Dec-2024 15:38:26.370 INFORMACIÓN [main] org.apache.catalina.startup.VersionLoggerListener.log Command line argument:             --add-opens=java.base/java.lang.ref=ALL-UNNAMED
13-Dec-2024 15:38:26.370 INFORMACIÓN [main] org.apache.catalina.startup.VersionLoggerListener.log Command line argument:             --add-opens=java.base/java.lang.reflect=ALL-UNNAMED
13-Dec-2024 15:38:26.370 INFORMACIÓN [main] org.apache.catalina.startup.VersionLoggerListener.log Command line argument:             --add-opens=java.base/sun.reflect.generics.repository=ALL-UNNAMED
13-Dec-2024 15:38:26.370 INFORMACIÓN [main] org.apache.catalina.startup.VersionLoggerListener.log Command line argument:             -Dignore.endorsed.dirs=
13-Dec-2024 15:38:26.371 INFORMACIÓN [main] org.apache.catalina.startup.VersionLoggerListener.log Command line argument:             -Dcatalina.base=/Users/mariapaz/GeneradorFacturasMasivas/apache-tomcat-9.0.97
13-Dec-2024 15:38:26.371 INFORMACIÓN [main] org.apache.catalina.startup.VersionLoggerListener.log Command line argument:             -Dcatalina.home=/Users/mariapaz/GeneradorFacturasMasivas/apache-tomcat-9.0.97
13-Dec-2024 15:38:26.371 INFORMACIÓN [main] org.apache.catalina.startup.VersionLoggerListener.log Command line argument:             -Djava.io.tmpdir=/Users/mariapaz/GeneradorFacturasMasivas/apache-tomcat-9.0.97/temp
13-Dec-2024 15:38:26.401 INFORMACIÓN [main] org.apache.catalina.core.AprLifecycleListener.lifecycleEvent La biblioteca nativa de Apache Tomcat basada en ARP que permite un rendimiento óptimo en entornos de desarrollo no ha sido hallada en java.library.path: [/Users/mariapaz/Library/Java/Extensions:/Library/Java/Extensions:/Network/Library/Java/Extensions:/System/Library/Java/Extensions:/usr/lib/java:.]
13-Dec-2024 15:38:27.509 ADVERTENCIA [main] org.apache.catalina.loader.WebappClassLoaderBase.clearReferencesJdbc La aplicación web [reportserver] registró el conductor JDBC [com.microsoft.sqlserver.jdbc.SQLServerDriver] pero falló al anular el registro mientras la aplicación web estaba parada. Para prevenir un fallo de memoria, se ha anulado el registro del conductor JDBC por la fuerza.
13-Dec-2024 15:38:27.520 ADVERTENCIA [main] org.apache.catalina.loader.WebappClassLoaderBase.clearReferencesThreads The web application [reportserver] appears to have started a thread named [org.apache.commons.vfs2.cache.SoftRefFilesCache$ReleaseThread] but has failed to stop it. This is very likely to create a memory leak. Stack trace of thread:
 java.base@17.0.8.1/java.lang.Object.wait(Native Method)
 java.base@17.0.8.1/java.lang.ref.ReferenceQueue.remove(ReferenceQueue.java:155)
 org.apache.commons.vfs2.cache.SoftRefFilesCache$ReleaseThread.run(SoftRefFilesCache.java:54)
13-Dec-2024 15:38:27.532 ADVERTENCIA [main] org.apache.catalina.loader.WebappClassLoaderBase.clearReferencesThreads The web application [reportserver] appears to have started a thread named [C3P0PooledConnectionPoolManager[identityToken->z8kfltb71hr3vu61s06ej6|18fce96b]-AdminTaskTimer] but has failed to stop it. This is very likely to create a memory leak. Stack trace of thread:
 java.base@17.0.8.1/java.lang.Object.wait(Native Method)
 java.base@17.0.8.1/java.util.TimerThread.mainLoop(Timer.java:563)
 java.base@17.0.8.1/java.util.TimerThread.run(Timer.java:516)
13-Dec-2024 15:38:27.534 ADVERTENCIA [main] org.apache.catalina.loader.WebappClassLoaderBase.clearReferencesThreads The web application [reportserver] appears to have started a thread named [C3P0PooledConnectionPoolManager[identityToken->z8kfltb71hr3vu61s06ej6|18fce96b]-HelperThread-#0] but has failed to stop it. This is very likely to create a memory leak. Stack trace of thread:
 java.base@17.0.8.1/java.lang.Object.wait(Native Method)
 com.mchange.v2.async.ThreadPoolAsynchronousRunner$PoolThread.run(ThreadPoolAsynchronousRunner.java:683)
13-Dec-2024 15:38:27.545 ADVERTENCIA [main] org.apache.catalina.loader.WebappClassLoaderBase.clearReferencesThreads The web application [reportserver] appears to have started a thread named [C3P0PooledConnectionPoolManager[identityToken->z8kfltb71hr3vu61s06ej6|18fce96b]-HelperThread-#1] but has failed to stop it. This is very likely to create a memory leak. Stack trace of thread:
 java.base@17.0.8.1/java.lang.Object.wait(Native Method)
 com.mchange.v2.async.ThreadPoolAsynchronousRunner$PoolThread.run(ThreadPoolAsynchronousRunner.java:683)
13-Dec-2024 15:38:27.547 ADVERTENCIA [main] org.apache.catalina.loader.WebappClassLoaderBase.clearReferencesThreads The web application [reportserver] appears to have started a thread named [C3P0PooledConnectionPoolManager[identityToken->z8kfltb71hr3vu61s06ej6|18fce96b]-HelperThread-#2] but has failed to stop it. This is very likely to create a memory leak. Stack trace of thread:
 java.base@17.0.8.1/java.lang.Object.wait(Native Method)
 com.mchange.v2.async.ThreadPoolAsynchronousRunner$PoolThread.run(ThreadPoolAsynchronousRunner.java:683)
13-Dec-2024 15:38:27.548 ADVERTENCIA [main] org.apache.catalina.loader.WebappClassLoaderBase.clearReferencesThreads The web application [reportserver] appears to have started a thread named [dwdaemon-JpaEventLoggerServiceImpl-1] but has failed to stop it. This is very likely to create a memory leak. Stack trace of thread:
 java.base@17.0.8.1/java.lang.Thread.sleep(Native Method)
 net.datenwerke.rs.utils.daemon.DwDaemonImpl.run(DwDaemonImpl.java:52)
 java.base@17.0.8.1/java.lang.Thread.run(Thread.java:833)
13-Dec-2024 15:38:27.549 ADVERTENCIA [main] org.apache.catalina.loader.WebappClassLoaderBase.clearReferencesThreads The web application [reportserver] appears to have started a thread named [dwdaemon-watchdog-JpaEventLoggerServiceImpl] but has failed to stop it. This is very likely to create a memory leak. Stack trace of thread:
 java.base@17.0.8.1/java.lang.Thread.sleep(Native Method)
 net.datenwerke.rs.utils.daemon.DwDaemonWatchdog.run(DwDaemonWatchdog.java:30)
 java.base@17.0.8.1/java.lang.Thread.run(Thread.java:833)
13-Dec-2024 15:38:27.550 ADVERTENCIA [main] org.apache.catalina.loader.WebappClassLoaderBase.clearReferencesThreads The web application [reportserver] appears to have started a thread named [Thread-21] but has failed to stop it. This is very likely to create a memory leak. Stack trace of thread:
 java.base@17.0.8.1/sun.nio.ch.KQueue.poll(Native Method)
 java.base@17.0.8.1/sun.nio.ch.KQueuePort$EventHandlerTask.poll(KQueuePort.java:200)
 java.base@17.0.8.1/sun.nio.ch.KQueuePort$EventHandlerTask.run(KQueuePort.java:287)
 java.base@17.0.8.1/java.lang.Thread.run(Thread.java:833)
13-Dec-2024 15:38:27.551 ADVERTENCIA [main] org.apache.catalina.loader.WebappClassLoaderBase.clearReferencesThreads The web application [reportserver] appears to have started a thread named [sshd-SshServer[55f33be3](port=8022)-timer-thread-1] but has failed to stop it. This is very likely to create a memory leak. Stack trace of thread:
 java.base@17.0.8.1/jdk.internal.misc.Unsafe.park(Native Method)
 java.base@17.0.8.1/java.util.concurrent.locks.LockSupport.parkNanos(LockSupport.java:252)
 java.base@17.0.8.1/java.util.concurrent.locks.AbstractQueuedSynchronizer$ConditionObject.awaitNanos(AbstractQueuedSynchronizer.java:1672)
 java.base@17.0.8.1/java.util.concurrent.ScheduledThreadPoolExecutor$DelayedWorkQueue.take(ScheduledThreadPoolExecutor.java:1182)
 java.base@17.0.8.1/java.util.concurrent.ScheduledThreadPoolExecutor$DelayedWorkQueue.take(ScheduledThreadPoolExecutor.java:899)
 java.base@17.0.8.1/java.util.concurrent.ThreadPoolExecutor.getTask(ThreadPoolExecutor.java:1062)
 java.base@17.0.8.1/java.util.concurrent.ThreadPoolExecutor.runWorker(ThreadPoolExecutor.java:1122)
 java.base@17.0.8.1/java.util.concurrent.ThreadPoolExecutor$Worker.run(ThreadPoolExecutor.java:635)
 java.base@17.0.8.1/java.lang.Thread.run(Thread.java:833)
13-Dec-2024 15:38:27.551 ADVERTENCIA [main] org.apache.catalina.loader.WebappClassLoaderBase.clearReferencesThreads The web application [reportserver] appears to have started a thread named [dwdaemon-MaintenanceServiceImpl-1] but has failed to stop it. This is very likely to create a memory leak. Stack trace of thread:
 java.base@17.0.8.1/java.lang.Thread.sleep(Native Method)
 net.datenwerke.rs.utils.daemon.DwDaemonImpl.run(DwDaemonImpl.java:52)
 java.base@17.0.8.1/java.lang.Thread.run(Thread.java:833)
13-Dec-2024 15:38:27.552 ADVERTENCIA [main] org.apache.catalina.loader.WebappClassLoaderBase.clearReferencesThreads The web application [reportserver] appears to have started a thread named [dwdaemon-watchdog-MaintenanceServiceImpl] but has failed to stop it. This is very likely to create a memory leak. Stack trace of thread:
 java.base@17.0.8.1/java.lang.Thread.sleep(Native Method)
 net.datenwerke.rs.utils.daemon.DwDaemonWatchdog.run(DwDaemonWatchdog.java:30)
 java.base@17.0.8.1/java.lang.Thread.run(Thread.java:833)
13-Dec-2024 15:38:27.553 ADVERTENCIA [main] org.apache.catalina.loader.WebappClassLoaderBase.clearReferencesThreads The web application [reportserver] appears to have started a thread named [scheduler-watchdog] but has failed to stop it. This is very likely to create a memory leak. Stack trace of thread:
 java.base@17.0.8.1/java.lang.Thread.sleep(Native Method)
 net.datenwerke.scheduler.service.scheduler.SchedulerWatchdog.run(SchedulerWatchdog.java:32)
 java.base@17.0.8.1/java.lang.Thread.run(Thread.java:833)
13-Dec-2024 15:38:27.553 GRAVE [main] org.apache.catalina.loader.WebappClassLoaderBase.checkThreadLocalMapForLeaks La aplicación web [reportserver] creó un ThreadLocal con clave del tipo [java.lang.ThreadLocal] (valor [java.lang.ThreadLocal@4b12d28b]) y un valor del tipo [org.hibernate.internal.SessionImpl] (valor [SessionImpl(1781841072<closed>)]) pero no pudo quitarlo cuando la aplicación web se paró. Los hilos se van a renovar con el tiempo para intentar evitar in posible fallo de memoria.
13-Dec-2024 15:38:27.589 INFORMACIÓN [main] org.apache.coyote.AbstractProtocol.stop Stopping ProtocolHandler ["http-nio-8081"]
13-Dec-2024 15:38:27.617 INFORMACIÓN [main] org.apache.coyote.AbstractProtocol.destroy Destroying ProtocolHandler ["http-nio-8081"]
13-Dec-2024 15:38:28.168 INFORMACIÓN [main] org.apache.coyote.AbstractProtocol.init Inicializando el manejador de protocolo ["http-nio-8081"]

13-Dec-2024 15:38:28.483 INFORMACIÓN [main] org.apache.catalina.startup.Catalina.load Server initialization in [3508] milliseconds
13-Dec-2024 15:38:28.650 INFORMACIÓN [main] org.apache.catalina.core.StandardService.startInternal Arrancando servicio [Catalina]
13-Dec-2024 15:38:28.652 INFORMACIÓN [main] org.apache.catalina.core.StandardEngine.startInternal Starting Servlet engine: [Apache Tomcat/9.0.97]
13-Dec-2024 15:38:57.617 INFORMACIÓN [main] org.apache.jasper.servlet.TldScanner.scanJars Al menos un JAR, que se ha explorado buscando TLDs, aún no contenía TLDs. Activar historial de depuración para este historiador para una completa lista de los JARs que fueron explorados y de los que nos se halló TLDs. Saltarse JARs no necesarios durante la exploración puede dar lugar a una mejora de tiempo significativa en el arranque y compilación de JSP .
13-Dec-2024 15:40:38.605 INFORMACIÓN [main] org.apache.catalina.startup.HostConfig.deployDirectory Desplegando el directorio [/Users/mariapaz/GeneradorFacturasMasivas/apache-tomcat-9.0.97/webapps/docs] de la aplicación web
13-Dec-2024 15:40:39.199 INFORMACIÓN [main] org.apache.jasper.servlet.TldScanner.scanJars Al menos un JAR, que se ha explorado buscando TLDs, aún no contenía TLDs. Activar historial de depuración para este historiador para una completa lista de los JARs que fueron explorados y de los que nos se halló TLDs. Saltarse JARs no necesarios durante la exploración puede dar lugar a una mejora de tiempo significativa en el arranque y compilación de JSP .
13-Dec-2024 15:40:39.205 INFORMACIÓN [main] org.apache.catalina.startup.HostConfig.deployDirectory Deployment of web application directory [/Users/mariapaz/GeneradorFacturasMasivas/apache-tomcat-9.0.97/webapps/docs] has finished in [599] ms
13-Dec-2024 15:40:39.205 INFORMACIÓN [main] org.apache.catalina.startup.HostConfig.deployDirectory Desplegando el directorio [/Users/mariapaz/GeneradorFacturasMasivas/apache-tomcat-9.0.97/webapps/manager] de la aplicación web
13-Dec-2024 15:40:39.898 INFORMACIÓN [main] org.apache.jasper.servlet.TldScanner.scanJars Al menos un JAR, que se ha explorado buscando TLDs, aún no contenía TLDs. Activar historial de depuración para este historiador para una completa lista de los JARs que fueron explorados y de los que nos se halló TLDs. Saltarse JARs no necesarios durante la exploración puede dar lugar a una mejora de tiempo significativa en el arranque y compilación de JSP .
13-Dec-2024 15:40:39.917 INFORMACIÓN [main] org.apache.catalina.startup.HostConfig.deployDirectory Deployment of web application directory [/Users/mariapaz/GeneradorFacturasMasivas/apache-tomcat-9.0.97/webapps/manager] has finished in [712] ms
13-Dec-2024 15:40:39.918 INFORMACIÓN [main] org.apache.catalina.startup.HostConfig.deployDirectory Desplegando el directorio [/Users/mariapaz/GeneradorFacturasMasivas/apache-tomcat-9.0.97/webapps/examples] de la aplicación web
13-Dec-2024 15:40:41.577 INFORMACIÓN [main] org.apache.jasper.servlet.TldScanner.scanJars Al menos un JAR, que se ha explorado buscando TLDs, aún no contenía TLDs. Activar historial de depuración para este historiador para una completa lista de los JARs que fueron explorados y de los que nos se halló TLDs. Saltarse JARs no necesarios durante la exploración puede dar lugar a una mejora de tiempo significativa en el arranque y compilación de JSP .
13-Dec-2024 15:40:41.616 INFORMACIÓN [main] org.apache.catalina.startup.HostConfig.deployDirectory Deployment of web application directory [/Users/mariapaz/GeneradorFacturasMasivas/apache-tomcat-9.0.97/webapps/examples] has finished in [1.697] ms
13-Dec-2024 15:40:41.616 INFORMACIÓN [main] org.apache.catalina.startup.HostConfig.deployDirectory Desplegando el directorio [/Users/mariapaz/GeneradorFacturasMasivas/apache-tomcat-9.0.97/webapps/ROOT] de la aplicación web
13-Dec-2024 15:40:42.183 INFORMACIÓN [main] org.apache.jasper.servlet.TldScanner.scanJars Al menos un JAR, que se ha explorado buscando TLDs, aún no contenía TLDs. Activar historial de depuración para este historiador para una completa lista de los JARs que fueron explorados y de los que nos se halló TLDs. Saltarse JARs no necesarios durante la exploración puede dar lugar a una mejora de tiempo significativa en el arranque y compilación de JSP .
13-Dec-2024 15:40:42.194 INFORMACIÓN [main] org.apache.catalina.startup.HostConfig.deployDirectory Deployment of web application directory [/Users/mariapaz/GeneradorFacturasMasivas/apache-tomcat-9.0.97/webapps/ROOT] has finished in [578] ms
13-Dec-2024 15:40:42.195 INFORMACIÓN [main] org.apache.catalina.startup.HostConfig.deployDirectory Desplegando el directorio [/Users/mariapaz/GeneradorFacturasMasivas/apache-tomcat-9.0.97/webapps/host-manager] de la aplicación web
13-Dec-2024 15:40:42.695 INFORMACIÓN [main] org.apache.jasper.servlet.TldScanner.scanJars Al menos un JAR, que se ha explorado buscando TLDs, aún no contenía TLDs. Activar historial de depuración para este historiador para una completa lista de los JARs que fueron explorados y de los que nos se halló TLDs. Saltarse JARs no necesarios durante la exploración puede dar lugar a una mejora de tiempo significativa en el arranque y compilación de JSP .
13-Dec-2024 15:40:42.698 INFORMACIÓN [main] org.apache.catalina.startup.HostConfig.deployDirectory Deployment of web application directory [/Users/mariapaz/GeneradorFacturasMasivas/apache-tomcat-9.0.97/webapps/host-manager] has finished in [503] ms
13-Dec-2024 15:40:42.706 INFORMACIÓN [main] org.apache.coyote.AbstractProtocol.start Starting ProtocolHandler ["http-nio-8081"]
13-Dec-2024 15:40:42.723 INFORMACIÓN [main] org.apache.catalina.startup.Catalina.start Server startup in [134244] milliseconds
13-Dec-2024 15:46:58.699 INFORMACIÓN [main] org.apache.catalina.core.StandardServer.await Se ha recibido un comando de apagado a través del puerto de apagado. Parando la instancia del Servidor.
13-Dec-2024 15:46:58.702 INFORMACIÓN [main] org.apache.coyote.AbstractProtocol.pause Pausing ProtocolHandler ["http-nio-8081"]
13-Dec-2024 15:46:58.707 INFORMACIÓN [main] org.apache.catalina.core.StandardService.stopInternal Parando servicio [Catalina]
13-Dec-2024 15:47:17.584 INFORMACIÓN [main] org.apache.catalina.startup.VersionLoggerListener.log Nombre de la versión del servidor: Apache Tomcat/9.0.97
13-Dec-2024 15:47:17.590 INFORMACIÓN [main] org.apache.catalina.startup.VersionLoggerListener.log Server built:                      Nov 6 2024 19:55:19 UTC
13-Dec-2024 15:47:17.591 INFORMACIÓN [main] org.apache.catalina.startup.VersionLoggerListener.log Número de versión de servidor:     9.0.97.0
13-Dec-2024 15:47:17.592 INFORMACIÓN [main] org.apache.catalina.startup.VersionLoggerListener.log OS Name:                           Mac OS X
13-Dec-2024 15:47:17.593 INFORMACIÓN [main] org.apache.catalina.startup.VersionLoggerListener.log Versión de Systema Operativo:      13.6.4
13-Dec-2024 15:47:17.593 INFORMACIÓN [main] org.apache.catalina.startup.VersionLoggerListener.log Arquitectura:                      x86_64
13-Dec-2024 15:47:17.593 INFORMACIÓN [main] org.apache.catalina.startup.VersionLoggerListener.log Java Home:                         /Users/mariapaz/.sdkman/candidates/java/17.0.8.1-tem
13-Dec-2024 15:47:17.594 INFORMACIÓN [main] org.apache.catalina.startup.VersionLoggerListener.log JVM Version:                       17.0.8.1+1
13-Dec-2024 15:47:17.595 INFORMACIÓN [main] org.apache.catalina.startup.VersionLoggerListener.log Vededor JVM:                       Eclipse Adoptium
13-Dec-2024 15:47:17.595 INFORMACIÓN [main] org.apache.catalina.startup.VersionLoggerListener.log CATALINA_BASE:                     /Users/mariapaz/GeneradorFacturasMasivas/apache-tomcat-9.0.97
13-Dec-2024 15:47:17.595 INFORMACIÓN [main] org.apache.catalina.startup.VersionLoggerListener.log CATALINA_HOME:                     /Users/mariapaz/GeneradorFacturasMasivas/apache-tomcat-9.0.97
13-Dec-2024 15:47:17.620 INFORMACIÓN [main] org.apache.catalina.startup.VersionLoggerListener.log Command line argument:             --add-opens=java.base/java.lang=ALL-UNNAMED
13-Dec-2024 15:47:17.620 INFORMACIÓN [main] org.apache.catalina.startup.VersionLoggerListener.log Command line argument:             --add-opens=java.base/java.io=ALL-UNNAMED
13-Dec-2024 15:47:17.621 INFORMACIÓN [main] org.apache.catalina.startup.VersionLoggerListener.log Command line argument:             --add-opens=java.base/java.util=ALL-UNNAMED
13-Dec-2024 15:47:17.621 INFORMACIÓN [main] org.apache.catalina.startup.VersionLoggerListener.log Command line argument:             --add-opens=java.base/java.util.concurrent=ALL-UNNAMED
13-Dec-2024 15:47:17.621 INFORMACIÓN [main] org.apache.catalina.startup.VersionLoggerListener.log Command line argument:             --add-opens=java.rmi/sun.rmi.transport=ALL-UNNAMED
13-Dec-2024 15:47:17.621 INFORMACIÓN [main] org.apache.catalina.startup.VersionLoggerListener.log Command line argument:             -Djava.util.logging.config.file=/Users/mariapaz/GeneradorFacturasMasivas/apache-tomcat-9.0.97/conf/logging.properties
13-Dec-2024 15:47:17.622 INFORMACIÓN [main] org.apache.catalina.startup.VersionLoggerListener.log Command line argument:             -Djava.util.logging.manager=org.apache.juli.ClassLoaderLogManager
13-Dec-2024 15:47:17.622 INFORMACIÓN [main] org.apache.catalina.startup.VersionLoggerListener.log Command line argument:             -Djava.security.egd=file:/dev/urandom
13-Dec-2024 15:47:17.622 INFORMACIÓN [main] org.apache.catalina.startup.VersionLoggerListener.log Command line argument:             -Djdk.tls.ephemeralDHKeySize=2048
13-Dec-2024 15:47:17.622 INFORMACIÓN [main] org.apache.catalina.startup.VersionLoggerListener.log Command line argument:             -Djava.protocol.handler.pkgs=org.apache.catalina.webresources
13-Dec-2024 15:47:17.622 INFORMACIÓN [main] org.apache.catalina.startup.VersionLoggerListener.log Command line argument:             -Dorg.apache.catalina.security.SecurityListener.UMASK=0027
13-Dec-2024 15:47:17.623 INFORMACIÓN [main] org.apache.catalina.startup.VersionLoggerListener.log Command line argument:             -Drs.configdir=/Users/mariapaz/GeneradorFacturasMasivas/apache-tomcat-9.0.97/webapps/reportserver/WEB-INF
13-Dec-2024 15:47:17.623 INFORMACIÓN [main] org.apache.catalina.startup.VersionLoggerListener.log Command line argument:             -Xmx4096M
13-Dec-2024 15:47:17.623 INFORMACIÓN [main] org.apache.catalina.startup.VersionLoggerListener.log Command line argument:             -Dfile.encoding=UTF8
13-Dec-2024 15:47:17.624 INFORMACIÓN [main] org.apache.catalina.startup.VersionLoggerListener.log Command line argument:             --add-opens=java.base/java.net=ALL-UNNAMED
13-Dec-2024 15:47:17.624 INFORMACIÓN [main] org.apache.catalina.startup.VersionLoggerListener.log Command line argument:             --add-opens=java.base/jdk.internal.ref=ALL-UNNAMED
13-Dec-2024 15:47:17.624 INFORMACIÓN [main] org.apache.catalina.startup.VersionLoggerListener.log Command line argument:             --add-opens=java.base/jdk.internal.reflect=ALL-UNNAMED
13-Dec-2024 15:47:17.624 INFORMACIÓN [main] org.apache.catalina.startup.VersionLoggerListener.log Command line argument:             --add-opens=java.base/java.lang.invoke=ALL-UNNAMED
13-Dec-2024 15:47:17.626 INFORMACIÓN [main] org.apache.catalina.startup.VersionLoggerListener.log Command line argument:             --add-opens=java.base/java.util=ALL-UNNAMED
13-Dec-2024 15:47:17.627 INFORMACIÓN [main] org.apache.catalina.startup.VersionLoggerListener.log Command line argument:             --add-opens=java.base/java.lang.ref=ALL-UNNAMED
13-Dec-2024 15:47:17.627 INFORMACIÓN [main] org.apache.catalina.startup.VersionLoggerListener.log Command line argument:             --add-opens=java.base/java.lang.reflect=ALL-UNNAMED
13-Dec-2024 15:47:17.628 INFORMACIÓN [main] org.apache.catalina.startup.VersionLoggerListener.log Command line argument:             --add-opens=java.base/sun.reflect.generics.repository=ALL-UNNAMED
13-Dec-2024 15:47:17.628 INFORMACIÓN [main] org.apache.catalina.startup.VersionLoggerListener.log Command line argument:             -Dignore.endorsed.dirs=
13-Dec-2024 15:47:17.628 INFORMACIÓN [main] org.apache.catalina.startup.VersionLoggerListener.log Command line argument:             -Dcatalina.base=/Users/mariapaz/GeneradorFacturasMasivas/apache-tomcat-9.0.97
13-Dec-2024 15:47:17.628 INFORMACIÓN [main] org.apache.catalina.startup.VersionLoggerListener.log Command line argument:             -Dcatalina.home=/Users/mariapaz/GeneradorFacturasMasivas/apache-tomcat-9.0.97
13-Dec-2024 15:47:17.628 INFORMACIÓN [main] org.apache.catalina.startup.VersionLoggerListener.log Command line argument:             -Djava.io.tmpdir=/Users/mariapaz/GeneradorFacturasMasivas/apache-tomcat-9.0.97/temp
13-Dec-2024 15:47:17.673 INFORMACIÓN [main] org.apache.catalina.core.AprLifecycleListener.lifecycleEvent La biblioteca nativa de Apache Tomcat basada en ARP que permite un rendimiento óptimo en entornos de desarrollo no ha sido hallada en java.library.path: [/Users/mariapaz/Library/Java/Extensions:/Library/Java/Extensions:/Network/Library/Java/Extensions:/System/Library/Java/Extensions:/usr/lib/java:.]
13-Dec-2024 15:47:19.266 INFORMACIÓN [main] org.apache.coyote.AbstractProtocol.init Inicializando el manejador de protocolo ["http-nio-8081"]

13-Dec-2024 15:47:19.348 GRAVE [main] org.apache.catalina.util.LifecycleBase.handleSubClassException Fallo al iniciar el componente [Connector["http-nio-8081"]]
	org.apache.catalina.LifecycleException: Falló la inicialización del manejador de protocolo
		at org.apache.catalina.connector.Connector.initInternal(Connector.java:1027)
		at org.apache.catalina.util.LifecycleBase.init(LifecycleBase.java:122)
		at org.apache.catalina.core.StandardService.initInternal(StandardService.java:525)
		at org.apache.catalina.util.LifecycleBase.init(LifecycleBase.java:122)
		at org.apache.catalina.core.StandardServer.initInternal(StandardServer.java:986)
		at org.apache.catalina.util.LifecycleBase.init(LifecycleBase.java:122)
		at org.apache.catalina.startup.Catalina.load(Catalina.java:686)
		at org.apache.catalina.startup.Catalina.load(Catalina.java:709)
		at java.base/jdk.internal.reflect.NativeMethodAccessorImpl.invoke0(Native Method)
		at java.base/jdk.internal.reflect.NativeMethodAccessorImpl.invoke(NativeMethodAccessorImpl.java:77)
		at java.base/jdk.internal.reflect.DelegatingMethodAccessorImpl.invoke(DelegatingMethodAccessorImpl.java:43)
		at java.base/java.lang.reflect.Method.invoke(Method.java:568)
		at org.apache.catalina.startup.Bootstrap.load(Bootstrap.java:302)
		at org.apache.catalina.startup.Bootstrap.main(Bootstrap.java:472)
	Caused by: java.net.BindException: Address already in use
		at java.base/sun.nio.ch.Net.bind0(Native Method)
		at java.base/sun.nio.ch.Net.bind(Net.java:555)
		at java.base/sun.nio.ch.ServerSocketChannelImpl.netBind(ServerSocketChannelImpl.java:337)
		at java.base/sun.nio.ch.ServerSocketChannelImpl.bind(ServerSocketChannelImpl.java:294)
		at org.apache.tomcat.util.net.NioEndpoint.initServerSocket(NioEndpoint.java:268)
		at org.apache.tomcat.util.net.NioEndpoint.bind(NioEndpoint.java:223)
		at org.apache.tomcat.util.net.AbstractEndpoint.bindWithCleanup(AbstractEndpoint.java:1373)
		at org.apache.tomcat.util.net.AbstractEndpoint.init(AbstractEndpoint.java:1386)
		at org.apache.coyote.AbstractProtocol.init(AbstractProtocol.java:663)
		at org.apache.coyote.http11.AbstractHttp11Protocol.init(AbstractHttp11Protocol.java:80)
		at org.apache.catalina.connector.Connector.initInternal(Connector.java:1025)
		... 13 more
13-Dec-2024 15:47:19.351 INFORMACIÓN [main] org.apache.catalina.startup.Catalina.load Server initialization in [3153] milliseconds
13-Dec-2024 15:47:19.584 INFORMACIÓN [main] org.apache.catalina.core.StandardService.startInternal Arrancando servicio [Catalina]
13-Dec-2024 15:47:19.584 INFORMACIÓN [main] org.apache.catalina.core.StandardEngine.startInternal Starting Servlet engine: [Apache Tomcat/9.0.97]
13-Dec-2024 15:47:33.308 ADVERTENCIA [main] org.apache.catalina.loader.WebappClassLoaderBase.clearReferencesJdbc La aplicación web [reportserver] registró el conductor JDBC [com.microsoft.sqlserver.jdbc.SQLServerDriver] pero falló al anular el registro mientras la aplicación web estaba parada. Para prevenir un fallo de memoria, se ha anulado el registro del conductor JDBC por la fuerza.
13-Dec-2024 15:47:33.309 ADVERTENCIA [main] org.apache.catalina.loader.WebappClassLoaderBase.clearReferencesThreads The web application [reportserver] appears to have started a thread named [org.apache.commons.vfs2.cache.SoftRefFilesCache$ReleaseThread] but has failed to stop it. This is very likely to create a memory leak. Stack trace of thread:
 java.base@17.0.8.1/java.lang.Object.wait(Native Method)
 java.base@17.0.8.1/java.lang.ref.ReferenceQueue.remove(ReferenceQueue.java:155)
 org.apache.commons.vfs2.cache.SoftRefFilesCache$ReleaseThread.run(SoftRefFilesCache.java:54)
13-Dec-2024 15:47:33.310 ADVERTENCIA [main] org.apache.catalina.loader.WebappClassLoaderBase.clearReferencesThreads The web application [reportserver] appears to have started a thread named [C3P0PooledConnectionPoolManager[identityToken->z8kfltb71hra3z01dakq15|6d5b1a6b]-AdminTaskTimer] but has failed to stop it. This is very likely to create a memory leak. Stack trace of thread:
 java.base@17.0.8.1/java.lang.Object.wait(Native Method)
 java.base@17.0.8.1/java.util.TimerThread.mainLoop(Timer.java:563)
 java.base@17.0.8.1/java.util.TimerThread.run(Timer.java:516)
13-Dec-2024 15:47:33.311 ADVERTENCIA [main] org.apache.catalina.loader.WebappClassLoaderBase.clearReferencesThreads The web application [reportserver] appears to have started a thread named [C3P0PooledConnectionPoolManager[identityToken->z8kfltb71hra3z01dakq15|6d5b1a6b]-HelperThread-#0] but has failed to stop it. This is very likely to create a memory leak. Stack trace of thread:
 java.base@17.0.8.1/java.lang.Object.wait(Native Method)
 com.mchange.v2.async.ThreadPoolAsynchronousRunner$PoolThread.run(ThreadPoolAsynchronousRunner.java:683)
13-Dec-2024 15:47:33.312 ADVERTENCIA [main] org.apache.catalina.loader.WebappClassLoaderBase.clearReferencesThreads The web application [reportserver] appears to have started a thread named [C3P0PooledConnectionPoolManager[identityToken->z8kfltb71hra3z01dakq15|6d5b1a6b]-HelperThread-#1] but has failed to stop it. This is very likely to create a memory leak. Stack trace of thread:
 java.base@17.0.8.1/java.lang.Object.wait(Native Method)
 com.mchange.v2.async.ThreadPoolAsynchronousRunner$PoolThread.run(ThreadPoolAsynchronousRunner.java:683)
13-Dec-2024 15:47:33.313 ADVERTENCIA [main] org.apache.catalina.loader.WebappClassLoaderBase.clearReferencesThreads The web application [reportserver] appears to have started a thread named [C3P0PooledConnectionPoolManager[identityToken->z8kfltb71hra3z01dakq15|6d5b1a6b]-HelperThread-#2] but has failed to stop it. This is very likely to create a memory leak. Stack trace of thread:
 java.base@17.0.8.1/java.lang.Object.wait(Native Method)
 com.mchange.v2.async.ThreadPoolAsynchronousRunner$PoolThread.run(ThreadPoolAsynchronousRunner.java:683)
13-Dec-2024 15:47:33.313 ADVERTENCIA [main] org.apache.catalina.loader.WebappClassLoaderBase.clearReferencesThreads The web application [reportserver] appears to have started a thread named [dwdaemon-JpaEventLoggerServiceImpl-1] but has failed to stop it. This is very likely to create a memory leak. Stack trace of thread:
 java.base@17.0.8.1/java.lang.Thread.sleep(Native Method)
 net.datenwerke.rs.utils.daemon.DwDaemonImpl.run(DwDaemonImpl.java:52)
 java.base@17.0.8.1/java.lang.Thread.run(Thread.java:833)
13-Dec-2024 15:47:33.314 ADVERTENCIA [main] org.apache.catalina.loader.WebappClassLoaderBase.clearReferencesThreads The web application [reportserver] appears to have started a thread named [dwdaemon-watchdog-JpaEventLoggerServiceImpl] but has failed to stop it. This is very likely to create a memory leak. Stack trace of thread:
 java.base@17.0.8.1/java.lang.Thread.sleep(Native Method)
 net.datenwerke.rs.utils.daemon.DwDaemonWatchdog.run(DwDaemonWatchdog.java:30)
 java.base@17.0.8.1/java.lang.Thread.run(Thread.java:833)
13-Dec-2024 15:47:33.314 ADVERTENCIA [main] org.apache.catalina.loader.WebappClassLoaderBase.clearReferencesThreads The web application [reportserver] appears to have started a thread named [Thread-21] but has failed to stop it. This is very likely to create a memory leak. Stack trace of thread:
 java.base@17.0.8.1/sun.nio.ch.KQueue.poll(Native Method)
 java.base@17.0.8.1/sun.nio.ch.KQueuePort$EventHandlerTask.poll(KQueuePort.java:200)
 java.base@17.0.8.1/sun.nio.ch.KQueuePort$EventHandlerTask.run(KQueuePort.java:287)
 java.base@17.0.8.1/java.lang.Thread.run(Thread.java:833)
13-Dec-2024 15:47:33.315 ADVERTENCIA [main] org.apache.catalina.loader.WebappClassLoaderBase.clearReferencesThreads The web application [reportserver] appears to have started a thread named [sshd-SshServer[1fa4fd03](port=8022)-timer-thread-1] but has failed to stop it. This is very likely to create a memory leak. Stack trace of thread:
 java.base@17.0.8.1/jdk.internal.misc.Unsafe.park(Native Method)
 java.base@17.0.8.1/java.util.concurrent.locks.LockSupport.parkNanos(LockSupport.java:252)
 java.base@17.0.8.1/java.util.concurrent.locks.AbstractQueuedSynchronizer$ConditionObject.awaitNanos(AbstractQueuedSynchronizer.java:1672)
 java.base@17.0.8.1/java.util.concurrent.ScheduledThreadPoolExecutor$DelayedWorkQueue.take(ScheduledThreadPoolExecutor.java:1182)
 java.base@17.0.8.1/java.util.concurrent.ScheduledThreadPoolExecutor$DelayedWorkQueue.take(ScheduledThreadPoolExecutor.java:899)
 java.base@17.0.8.1/java.util.concurrent.ThreadPoolExecutor.getTask(ThreadPoolExecutor.java:1062)
 java.base@17.0.8.1/java.util.concurrent.ThreadPoolExecutor.runWorker(ThreadPoolExecutor.java:1122)
 java.base@17.0.8.1/java.util.concurrent.ThreadPoolExecutor$Worker.run(ThreadPoolExecutor.java:635)
 java.base@17.0.8.1/java.lang.Thread.run(Thread.java:833)
13-Dec-2024 15:47:33.315 ADVERTENCIA [main] org.apache.catalina.loader.WebappClassLoaderBase.clearReferencesThreads The web application [reportserver] appears to have started a thread named [dwdaemon-MaintenanceServiceImpl-1] but has failed to stop it. This is very likely to create a memory leak. Stack trace of thread:
 java.base@17.0.8.1/java.lang.Thread.sleep(Native Method)
 net.datenwerke.rs.utils.daemon.DwDaemonImpl.run(DwDaemonImpl.java:52)
 java.base@17.0.8.1/java.lang.Thread.run(Thread.java:833)
13-Dec-2024 15:47:33.316 ADVERTENCIA [main] org.apache.catalina.loader.WebappClassLoaderBase.clearReferencesThreads The web application [reportserver] appears to have started a thread named [dwdaemon-watchdog-MaintenanceServiceImpl] but has failed to stop it. This is very likely to create a memory leak. Stack trace of thread:
 java.base@17.0.8.1/java.lang.Thread.sleep(Native Method)
 net.datenwerke.rs.utils.daemon.DwDaemonWatchdog.run(DwDaemonWatchdog.java:30)
 java.base@17.0.8.1/java.lang.Thread.run(Thread.java:833)
13-Dec-2024 15:47:33.316 ADVERTENCIA [main] org.apache.catalina.loader.WebappClassLoaderBase.clearReferencesThreads The web application [reportserver] appears to have started a thread named [scheduler-watchdog] but has failed to stop it. This is very likely to create a memory leak. Stack trace of thread:
 java.base@17.0.8.1/java.lang.Thread.sleep(Native Method)
 net.datenwerke.scheduler.service.scheduler.SchedulerWatchdog.run(SchedulerWatchdog.java:32)
 java.base@17.0.8.1/java.lang.Thread.run(Thread.java:833)
13-Dec-2024 15:47:33.317 GRAVE [main] org.apache.catalina.loader.WebappClassLoaderBase.checkThreadLocalMapForLeaks La aplicación web [reportserver] creó un ThreadLocal con clave del tipo [java.lang.ThreadLocal] (valor [java.lang.ThreadLocal@4f57597e]) y un valor del tipo [org.hibernate.internal.SessionImpl] (valor [SessionImpl(850692201<closed>)]) pero no pudo quitarlo cuando la aplicación web se paró. Los hilos se van a renovar con el tiempo para intentar evitar in posible fallo de memoria.
13-Dec-2024 15:47:33.347 INFORMACIÓN [main] org.apache.coyote.AbstractProtocol.stop Stopping ProtocolHandler ["http-nio-8081"]
13-Dec-2024 15:47:33.362 INFORMACIÓN [main] org.apache.coyote.AbstractProtocol.destroy Destroying ProtocolHandler ["http-nio-8081"]
13-Dec-2024 15:48:02.153 INFORMACIÓN [main] org.apache.jasper.servlet.TldScanner.scanJars Al menos un JAR, que se ha explorado buscando TLDs, aún no contenía TLDs. Activar historial de depuración para este historiador para una completa lista de los JARs que fueron explorados y de los que nos se halló TLDs. Saltarse JARs no necesarios durante la exploración puede dar lugar a una mejora de tiempo significativa en el arranque y compilación de JSP .
13-Dec-2024 15:50:50.253 INFORMACIÓN [main] org.apache.catalina.startup.HostConfig.deployDirectory Desplegando el directorio [/Users/mariapaz/GeneradorFacturasMasivas/apache-tomcat-9.0.97/webapps/docs] de la aplicación web
13-Dec-2024 15:50:51.920 INFORMACIÓN [main] org.apache.jasper.servlet.TldScanner.scanJars Al menos un JAR, que se ha explorado buscando TLDs, aún no contenía TLDs. Activar historial de depuración para este historiador para una completa lista de los JARs que fueron explorados y de los que nos se halló TLDs. Saltarse JARs no necesarios durante la exploración puede dar lugar a una mejora de tiempo significativa en el arranque y compilación de JSP .
13-Dec-2024 15:50:51.928 INFORMACIÓN [main] org.apache.catalina.startup.HostConfig.deployDirectory Deployment of web application directory [/Users/mariapaz/GeneradorFacturasMasivas/apache-tomcat-9.0.97/webapps/docs] has finished in [1.675] ms
13-Dec-2024 15:50:51.938 INFORMACIÓN [main] org.apache.catalina.startup.HostConfig.deployDirectory Desplegando el directorio [/Users/mariapaz/GeneradorFacturasMasivas/apache-tomcat-9.0.97/webapps/manager] de la aplicación web
13-Dec-2024 15:50:52.610 INFORMACIÓN [main] org.apache.jasper.servlet.TldScanner.scanJars Al menos un JAR, que se ha explorado buscando TLDs, aún no contenía TLDs. Activar historial de depuración para este historiador para una completa lista de los JARs que fueron explorados y de los que nos se halló TLDs. Saltarse JARs no necesarios durante la exploración puede dar lugar a una mejora de tiempo significativa en el arranque y compilación de JSP .
13-Dec-2024 15:50:52.622 INFORMACIÓN [main] org.apache.catalina.startup.HostConfig.deployDirectory Deployment of web application directory [/Users/mariapaz/GeneradorFacturasMasivas/apache-tomcat-9.0.97/webapps/manager] has finished in [688] ms
13-Dec-2024 15:50:52.623 INFORMACIÓN [main] org.apache.catalina.startup.HostConfig.deployDirectory Desplegando el directorio [/Users/mariapaz/GeneradorFacturasMasivas/apache-tomcat-9.0.97/webapps/examples] de la aplicación web
13-Dec-2024 15:50:53.735 INFORMACIÓN [main] org.apache.jasper.servlet.TldScanner.scanJars Al menos un JAR, que se ha explorado buscando TLDs, aún no contenía TLDs. Activar historial de depuración para este historiador para una completa lista de los JARs que fueron explorados y de los que nos se halló TLDs. Saltarse JARs no necesarios durante la exploración puede dar lugar a una mejora de tiempo significativa en el arranque y compilación de JSP .
13-Dec-2024 15:50:53.772 INFORMACIÓN [main] org.apache.catalina.startup.HostConfig.deployDirectory Deployment of web application directory [/Users/mariapaz/GeneradorFacturasMasivas/apache-tomcat-9.0.97/webapps/examples] has finished in [1.149] ms
13-Dec-2024 15:50:53.773 INFORMACIÓN [main] org.apache.catalina.startup.HostConfig.deployDirectory Desplegando el directorio [/Users/mariapaz/GeneradorFacturasMasivas/apache-tomcat-9.0.97/webapps/ROOT] de la aplicación web
13-Dec-2024 15:50:54.225 INFORMACIÓN [main] org.apache.jasper.servlet.TldScanner.scanJars Al menos un JAR, que se ha explorado buscando TLDs, aún no contenía TLDs. Activar historial de depuración para este historiador para una completa lista de los JARs que fueron explorados y de los que nos se halló TLDs. Saltarse JARs no necesarios durante la exploración puede dar lugar a una mejora de tiempo significativa en el arranque y compilación de JSP .
13-Dec-2024 15:50:54.228 INFORMACIÓN [main] org.apache.catalina.startup.HostConfig.deployDirectory Deployment of web application directory [/Users/mariapaz/GeneradorFacturasMasivas/apache-tomcat-9.0.97/webapps/ROOT] has finished in [455] ms
13-Dec-2024 15:50:54.229 INFORMACIÓN [main] org.apache.catalina.startup.HostConfig.deployDirectory Desplegando el directorio [/Users/mariapaz/GeneradorFacturasMasivas/apache-tomcat-9.0.97/webapps/host-manager] de la aplicación web
13-Dec-2024 15:50:54.731 INFORMACIÓN [main] org.apache.jasper.servlet.TldScanner.scanJars Al menos un JAR, que se ha explorado buscando TLDs, aún no contenía TLDs. Activar historial de depuración para este historiador para una completa lista de los JARs que fueron explorados y de los que nos se halló TLDs. Saltarse JARs no necesarios durante la exploración puede dar lugar a una mejora de tiempo significativa en el arranque y compilación de JSP .
13-Dec-2024 15:50:54.735 INFORMACIÓN [main] org.apache.catalina.startup.HostConfig.deployDirectory Deployment of web application directory [/Users/mariapaz/GeneradorFacturasMasivas/apache-tomcat-9.0.97/webapps/host-manager] has finished in [506] ms
13-Dec-2024 15:50:54.745 INFORMACIÓN [main] org.apache.catalina.startup.Catalina.start Server startup in [215401] milliseconds
13-Dec-2024 15:54:14.219 INFORMACIÓN [main] org.apache.catalina.core.StandardServer.await Se ha recibido un comando de apagado a través del puerto de apagado. Parando la instancia del Servidor.
13-Dec-2024 15:54:14.222 INFORMACIÓN [main] org.apache.coyote.AbstractProtocol.pause Pausing ProtocolHandler ["http-nio-8081"]
13-Dec-2024 15:54:14.223 INFORMACIÓN [main] org.apache.catalina.core.StandardService.stopInternal Parando servicio [Catalina]
13-Dec-2024 15:54:16.171 INFORMACIÓN [main] org.apache.catalina.startup.VersionLoggerListener.log Nombre de la versión del servidor: Apache Tomcat/9.0.97
13-Dec-2024 15:54:16.183 INFORMACIÓN [main] org.apache.catalina.startup.VersionLoggerListener.log Server built:                      Nov 6 2024 19:55:19 UTC
13-Dec-2024 15:54:16.184 INFORMACIÓN [main] org.apache.catalina.startup.VersionLoggerListener.log Número de versión de servidor:     9.0.97.0
13-Dec-2024 15:54:16.184 INFORMACIÓN [main] org.apache.catalina.startup.VersionLoggerListener.log OS Name:                           Mac OS X
13-Dec-2024 15:54:16.184 INFORMACIÓN [main] org.apache.catalina.startup.VersionLoggerListener.log Versión de Systema Operativo:      13.6.4
13-Dec-2024 15:54:16.185 INFORMACIÓN [main] org.apache.catalina.startup.VersionLoggerListener.log Arquitectura:                      x86_64
13-Dec-2024 15:54:16.185 INFORMACIÓN [main] org.apache.catalina.startup.VersionLoggerListener.log Java Home:                         /Users/mariapaz/.sdkman/candidates/java/17.0.8.1-tem
13-Dec-2024 15:54:16.185 INFORMACIÓN [main] org.apache.catalina.startup.VersionLoggerListener.log JVM Version:                       17.0.8.1+1
13-Dec-2024 15:54:16.185 INFORMACIÓN [main] org.apache.catalina.startup.VersionLoggerListener.log Vededor JVM:                       Eclipse Adoptium
13-Dec-2024 15:54:16.185 INFORMACIÓN [main] org.apache.catalina.startup.VersionLoggerListener.log CATALINA_BASE:                     /Users/mariapaz/GeneradorFacturasMasivas/apache-tomcat-9.0.97
13-Dec-2024 15:54:16.186 INFORMACIÓN [main] org.apache.catalina.startup.VersionLoggerListener.log CATALINA_HOME:                     /Users/mariapaz/GeneradorFacturasMasivas/apache-tomcat-9.0.97
13-Dec-2024 15:54:16.205 INFORMACIÓN [main] org.apache.catalina.startup.VersionLoggerListener.log Command line argument:             --add-opens=java.base/java.lang=ALL-UNNAMED
13-Dec-2024 15:54:16.206 INFORMACIÓN [main] org.apache.catalina.startup.VersionLoggerListener.log Command line argument:             --add-opens=java.base/java.io=ALL-UNNAMED
13-Dec-2024 15:54:16.206 INFORMACIÓN [main] org.apache.catalina.startup.VersionLoggerListener.log Command line argument:             --add-opens=java.base/java.util=ALL-UNNAMED
13-Dec-2024 15:54:16.206 INFORMACIÓN [main] org.apache.catalina.startup.VersionLoggerListener.log Command line argument:             --add-opens=java.base/java.util.concurrent=ALL-UNNAMED
13-Dec-2024 15:54:16.206 INFORMACIÓN [main] org.apache.catalina.startup.VersionLoggerListener.log Command line argument:             --add-opens=java.rmi/sun.rmi.transport=ALL-UNNAMED
13-Dec-2024 15:54:16.207 INFORMACIÓN [main] org.apache.catalina.startup.VersionLoggerListener.log Command line argument:             -Djava.util.logging.config.file=/Users/mariapaz/GeneradorFacturasMasivas/apache-tomcat-9.0.97/conf/logging.properties
13-Dec-2024 15:54:16.207 INFORMACIÓN [main] org.apache.catalina.startup.VersionLoggerListener.log Command line argument:             -Djava.util.logging.manager=org.apache.juli.ClassLoaderLogManager
13-Dec-2024 15:54:16.207 INFORMACIÓN [main] org.apache.catalina.startup.VersionLoggerListener.log Command line argument:             -Djava.security.egd=file:/dev/urandom
13-Dec-2024 15:54:16.208 INFORMACIÓN [main] org.apache.catalina.startup.VersionLoggerListener.log Command line argument:             -Djdk.tls.ephemeralDHKeySize=2048
13-Dec-2024 15:54:16.208 INFORMACIÓN [main] org.apache.catalina.startup.VersionLoggerListener.log Command line argument:             -Djava.protocol.handler.pkgs=org.apache.catalina.webresources
13-Dec-2024 15:54:16.208 INFORMACIÓN [main] org.apache.catalina.startup.VersionLoggerListener.log Command line argument:             -Dorg.apache.catalina.security.SecurityListener.UMASK=0027
13-Dec-2024 15:54:16.208 INFORMACIÓN [main] org.apache.catalina.startup.VersionLoggerListener.log Command line argument:             -Drs.configdir=/Users/mariapaz/GeneradorFacturasMasivas/apache-tomcat-9.0.97/webapps/reportserver/WEB-INF
13-Dec-2024 15:54:16.208 INFORMACIÓN [main] org.apache.catalina.startup.VersionLoggerListener.log Command line argument:             -Xmx4096M
13-Dec-2024 15:54:16.209 INFORMACIÓN [main] org.apache.catalina.startup.VersionLoggerListener.log Command line argument:             -Dfile.encoding=UTF8
13-Dec-2024 15:54:16.212 INFORMACIÓN [main] org.apache.catalina.startup.VersionLoggerListener.log Command line argument:             --add-opens=java.base/java.net=ALL-UNNAMED
13-Dec-2024 15:54:16.213 INFORMACIÓN [main] org.apache.catalina.startup.VersionLoggerListener.log Command line argument:             --add-opens=java.base/jdk.internal.ref=ALL-UNNAMED
13-Dec-2024 15:54:16.213 INFORMACIÓN [main] org.apache.catalina.startup.VersionLoggerListener.log Command line argument:             --add-opens=java.base/jdk.internal.reflect=ALL-UNNAMED
13-Dec-2024 15:54:16.213 INFORMACIÓN [main] org.apache.catalina.startup.VersionLoggerListener.log Command line argument:             --add-opens=java.base/java.lang.invoke=ALL-UNNAMED
13-Dec-2024 15:54:16.213 INFORMACIÓN [main] org.apache.catalina.startup.VersionLoggerListener.log Command line argument:             --add-opens=java.base/java.util=ALL-UNNAMED
13-Dec-2024 15:54:16.213 INFORMACIÓN [main] org.apache.catalina.startup.VersionLoggerListener.log Command line argument:             --add-opens=java.base/java.lang.ref=ALL-UNNAMED
13-Dec-2024 15:54:16.245 INFORMACIÓN [main] org.apache.catalina.startup.VersionLoggerListener.log Command line argument:             --add-opens=java.base/java.lang.reflect=ALL-UNNAMED
13-Dec-2024 15:54:16.251 INFORMACIÓN [main] org.apache.catalina.startup.VersionLoggerListener.log Command line argument:             --add-opens=java.base/sun.reflect.generics.repository=ALL-UNNAMED
13-Dec-2024 15:54:16.252 INFORMACIÓN [main] org.apache.catalina.startup.VersionLoggerListener.log Command line argument:             -Dignore.endorsed.dirs=
13-Dec-2024 15:54:16.252 INFORMACIÓN [main] org.apache.catalina.startup.VersionLoggerListener.log Command line argument:             -Dcatalina.base=/Users/mariapaz/GeneradorFacturasMasivas/apache-tomcat-9.0.97
13-Dec-2024 15:54:16.252 INFORMACIÓN [main] org.apache.catalina.startup.VersionLoggerListener.log Command line argument:             -Dcatalina.home=/Users/mariapaz/GeneradorFacturasMasivas/apache-tomcat-9.0.97
13-Dec-2024 15:54:16.252 INFORMACIÓN [main] org.apache.catalina.startup.VersionLoggerListener.log Command line argument:             -Djava.io.tmpdir=/Users/mariapaz/GeneradorFacturasMasivas/apache-tomcat-9.0.97/temp
13-Dec-2024 15:54:16.290 INFORMACIÓN [main] org.apache.catalina.core.AprLifecycleListener.lifecycleEvent La biblioteca nativa de Apache Tomcat basada en ARP que permite un rendimiento óptimo en entornos de desarrollo no ha sido hallada en java.library.path: [/Users/mariapaz/Library/Java/Extensions:/Library/Java/Extensions:/Network/Library/Java/Extensions:/System/Library/Java/Extensions:/usr/lib/java:.]
13-Dec-2024 15:54:18.518 INFORMACIÓN [main] org.apache.coyote.AbstractProtocol.init Inicializando el manejador de protocolo ["http-nio-8081"]

13-Dec-2024 15:54:18.623 INFORMACIÓN [main] org.apache.catalina.startup.Catalina.load Server initialization in [3315] milliseconds
13-Dec-2024 15:54:18.882 INFORMACIÓN [main] org.apache.catalina.core.StandardService.startInternal Arrancando servicio [Catalina]
13-Dec-2024 15:54:18.884 INFORMACIÓN [main] org.apache.catalina.core.StandardEngine.startInternal Starting Servlet engine: [Apache Tomcat/9.0.97]
13-Dec-2024 15:54:25.092 ADVERTENCIA [main] org.apache.catalina.loader.WebappClassLoaderBase.clearReferencesJdbc La aplicación web [reportserver] registró el conductor JDBC [com.microsoft.sqlserver.jdbc.SQLServerDriver] pero falló al anular el registro mientras la aplicación web estaba parada. Para prevenir un fallo de memoria, se ha anulado el registro del conductor JDBC por la fuerza.
13-Dec-2024 15:54:25.093 ADVERTENCIA [main] org.apache.catalina.loader.WebappClassLoaderBase.clearReferencesThreads The web application [reportserver] appears to have started a thread named [org.apache.commons.vfs2.cache.SoftRefFilesCache$ReleaseThread] but has failed to stop it. This is very likely to create a memory leak. Stack trace of thread:
 java.base@17.0.8.1/java.lang.Object.wait(Native Method)
 java.base@17.0.8.1/java.lang.ref.ReferenceQueue.remove(ReferenceQueue.java:155)
 org.apache.commons.vfs2.cache.SoftRefFilesCache$ReleaseThread.run(SoftRefFilesCache.java:54)
13-Dec-2024 15:54:25.104 ADVERTENCIA [main] org.apache.catalina.loader.WebappClassLoaderBase.clearReferencesThreads The web application [reportserver] appears to have started a thread named [C3P0PooledConnectionPoolManager[identityToken->z8kfltb71hrlwbn6obnx4|4d1f30ab]-AdminTaskTimer] but has failed to stop it. This is very likely to create a memory leak. Stack trace of thread:
 java.base@17.0.8.1/java.lang.Object.wait(Native Method)
 java.base@17.0.8.1/java.util.TimerThread.mainLoop(Timer.java:563)
 java.base@17.0.8.1/java.util.TimerThread.run(Timer.java:516)
13-Dec-2024 15:54:25.105 ADVERTENCIA [main] org.apache.catalina.loader.WebappClassLoaderBase.clearReferencesThreads The web application [reportserver] appears to have started a thread named [C3P0PooledConnectionPoolManager[identityToken->z8kfltb71hrlwbn6obnx4|4d1f30ab]-HelperThread-#0] but has failed to stop it. This is very likely to create a memory leak. Stack trace of thread:
 java.base@17.0.8.1/java.lang.Object.wait(Native Method)
 com.mchange.v2.async.ThreadPoolAsynchronousRunner$PoolThread.run(ThreadPoolAsynchronousRunner.java:683)
13-Dec-2024 15:54:25.126 ADVERTENCIA [main] org.apache.catalina.loader.WebappClassLoaderBase.clearReferencesThreads The web application [reportserver] appears to have started a thread named [C3P0PooledConnectionPoolManager[identityToken->z8kfltb71hrlwbn6obnx4|4d1f30ab]-HelperThread-#1] but has failed to stop it. This is very likely to create a memory leak. Stack trace of thread:
 java.base@17.0.8.1/java.lang.Object.wait(Native Method)
 com.mchange.v2.async.ThreadPoolAsynchronousRunner$PoolThread.run(ThreadPoolAsynchronousRunner.java:683)
13-Dec-2024 15:54:25.127 ADVERTENCIA [main] org.apache.catalina.loader.WebappClassLoaderBase.clearReferencesThreads The web application [reportserver] appears to have started a thread named [C3P0PooledConnectionPoolManager[identityToken->z8kfltb71hrlwbn6obnx4|4d1f30ab]-HelperThread-#2] but has failed to stop it. This is very likely to create a memory leak. Stack trace of thread:
 java.base@17.0.8.1/java.lang.Object.wait(Native Method)
 com.mchange.v2.async.ThreadPoolAsynchronousRunner$PoolThread.run(ThreadPoolAsynchronousRunner.java:683)
13-Dec-2024 15:54:25.141 ADVERTENCIA [main] org.apache.catalina.loader.WebappClassLoaderBase.clearReferencesThreads The web application [reportserver] appears to have started a thread named [dwdaemon-JpaEventLoggerServiceImpl-1] but has failed to stop it. This is very likely to create a memory leak. Stack trace of thread:
 java.base@17.0.8.1/java.lang.Thread.sleep(Native Method)
 net.datenwerke.rs.utils.daemon.DwDaemonImpl.run(DwDaemonImpl.java:52)
 java.base@17.0.8.1/java.lang.Thread.run(Thread.java:833)
13-Dec-2024 15:54:25.142 ADVERTENCIA [main] org.apache.catalina.loader.WebappClassLoaderBase.clearReferencesThreads The web application [reportserver] appears to have started a thread named [dwdaemon-watchdog-JpaEventLoggerServiceImpl] but has failed to stop it. This is very likely to create a memory leak. Stack trace of thread:
 java.base@17.0.8.1/java.lang.Thread.sleep(Native Method)
 net.datenwerke.rs.utils.daemon.DwDaemonWatchdog.run(DwDaemonWatchdog.java:30)
 java.base@17.0.8.1/java.lang.Thread.run(Thread.java:833)
13-Dec-2024 15:54:25.143 ADVERTENCIA [main] org.apache.catalina.loader.WebappClassLoaderBase.clearReferencesThreads The web application [reportserver] appears to have started a thread named [Thread-21] but has failed to stop it. This is very likely to create a memory leak. Stack trace of thread:
 java.base@17.0.8.1/sun.nio.ch.KQueue.poll(Native Method)
 java.base@17.0.8.1/sun.nio.ch.KQueuePort$EventHandlerTask.poll(KQueuePort.java:200)
 java.base@17.0.8.1/sun.nio.ch.KQueuePort$EventHandlerTask.run(KQueuePort.java:287)
 java.base@17.0.8.1/java.lang.Thread.run(Thread.java:833)
13-Dec-2024 15:54:25.144 ADVERTENCIA [main] org.apache.catalina.loader.WebappClassLoaderBase.clearReferencesThreads The web application [reportserver] appears to have started a thread named [sshd-SshServer[5cb19a31](port=8022)-timer-thread-1] but has failed to stop it. This is very likely to create a memory leak. Stack trace of thread:
 java.base@17.0.8.1/jdk.internal.misc.Unsafe.park(Native Method)
 java.base@17.0.8.1/java.util.concurrent.locks.LockSupport.parkNanos(LockSupport.java:252)
 java.base@17.0.8.1/java.util.concurrent.locks.AbstractQueuedSynchronizer$ConditionObject.awaitNanos(AbstractQueuedSynchronizer.java:1672)
 java.base@17.0.8.1/java.util.concurrent.ScheduledThreadPoolExecutor$DelayedWorkQueue.take(ScheduledThreadPoolExecutor.java:1182)
 java.base@17.0.8.1/java.util.concurrent.ScheduledThreadPoolExecutor$DelayedWorkQueue.take(ScheduledThreadPoolExecutor.java:899)
 java.base@17.0.8.1/java.util.concurrent.ThreadPoolExecutor.getTask(ThreadPoolExecutor.java:1062)
 java.base@17.0.8.1/java.util.concurrent.ThreadPoolExecutor.runWorker(ThreadPoolExecutor.java:1122)
 java.base@17.0.8.1/java.util.concurrent.ThreadPoolExecutor$Worker.run(ThreadPoolExecutor.java:635)
 java.base@17.0.8.1/java.lang.Thread.run(Thread.java:833)
13-Dec-2024 15:54:25.147 ADVERTENCIA [main] org.apache.catalina.loader.WebappClassLoaderBase.clearReferencesThreads The web application [reportserver] appears to have started a thread named [dwdaemon-MaintenanceServiceImpl-1] but has failed to stop it. This is very likely to create a memory leak. Stack trace of thread:
 java.base@17.0.8.1/java.lang.Thread.sleep(Native Method)
 net.datenwerke.rs.utils.daemon.DwDaemonImpl.run(DwDaemonImpl.java:52)
 java.base@17.0.8.1/java.lang.Thread.run(Thread.java:833)
13-Dec-2024 15:54:25.147 ADVERTENCIA [main] org.apache.catalina.loader.WebappClassLoaderBase.clearReferencesThreads The web application [reportserver] appears to have started a thread named [dwdaemon-watchdog-MaintenanceServiceImpl] but has failed to stop it. This is very likely to create a memory leak. Stack trace of thread:
 java.base@17.0.8.1/java.lang.Thread.sleep(Native Method)
 net.datenwerke.rs.utils.daemon.DwDaemonWatchdog.run(DwDaemonWatchdog.java:30)
 java.base@17.0.8.1/java.lang.Thread.run(Thread.java:833)
13-Dec-2024 15:54:25.148 ADVERTENCIA [main] org.apache.catalina.loader.WebappClassLoaderBase.clearReferencesThreads The web application [reportserver] appears to have started a thread named [scheduler-watchdog] but has failed to stop it. This is very likely to create a memory leak. Stack trace of thread:
 java.base@17.0.8.1/java.lang.Thread.sleep(Native Method)
 net.datenwerke.scheduler.service.scheduler.SchedulerWatchdog.run(SchedulerWatchdog.java:32)
 java.base@17.0.8.1/java.lang.Thread.run(Thread.java:833)
13-Dec-2024 15:54:25.148 GRAVE [main] org.apache.catalina.loader.WebappClassLoaderBase.checkThreadLocalMapForLeaks La aplicación web [reportserver] creó un ThreadLocal con clave del tipo [java.lang.ThreadLocal] (valor [java.lang.ThreadLocal@5899996c]) y un valor del tipo [org.hibernate.internal.SessionImpl] (valor [SessionImpl(1018874420<closed>)]) pero no pudo quitarlo cuando la aplicación web se paró. Los hilos se van a renovar con el tiempo para intentar evitar in posible fallo de memoria.
13-Dec-2024 15:54:25.178 INFORMACIÓN [main] org.apache.coyote.AbstractProtocol.stop Stopping ProtocolHandler ["http-nio-8081"]
13-Dec-2024 15:54:25.182 INFORMACIÓN [main] org.apache.coyote.AbstractProtocol.destroy Destroying ProtocolHandler ["http-nio-8081"]
13-Dec-2024 15:54:55.808 INFORMACIÓN [main] org.apache.jasper.servlet.TldScanner.scanJars Al menos un JAR, que se ha explorado buscando TLDs, aún no contenía TLDs. Activar historial de depuración para este historiador para una completa lista de los JARs que fueron explorados y de los que nos se halló TLDs. Saltarse JARs no necesarios durante la exploración puede dar lugar a una mejora de tiempo significativa en el arranque y compilación de JSP .
13-Dec-2024 15:56:36.577 INFORMACIÓN [main] org.apache.catalina.startup.HostConfig.deployDirectory Desplegando el directorio [/Users/mariapaz/GeneradorFacturasMasivas/apache-tomcat-9.0.97/webapps/docs] de la aplicación web
13-Dec-2024 15:56:37.048 INFORMACIÓN [main] org.apache.jasper.servlet.TldScanner.scanJars Al menos un JAR, que se ha explorado buscando TLDs, aún no contenía TLDs. Activar historial de depuración para este historiador para una completa lista de los JARs que fueron explorados y de los que nos se halló TLDs. Saltarse JARs no necesarios durante la exploración puede dar lugar a una mejora de tiempo significativa en el arranque y compilación de JSP .
13-Dec-2024 15:56:37.053 INFORMACIÓN [main] org.apache.catalina.startup.HostConfig.deployDirectory Deployment of web application directory [/Users/mariapaz/GeneradorFacturasMasivas/apache-tomcat-9.0.97/webapps/docs] has finished in [475] ms
13-Dec-2024 15:56:37.054 INFORMACIÓN [main] org.apache.catalina.startup.HostConfig.deployDirectory Desplegando el directorio [/Users/mariapaz/GeneradorFacturasMasivas/apache-tomcat-9.0.97/webapps/manager] de la aplicación web
13-Dec-2024 15:56:37.651 INFORMACIÓN [main] org.apache.jasper.servlet.TldScanner.scanJars Al menos un JAR, que se ha explorado buscando TLDs, aún no contenía TLDs. Activar historial de depuración para este historiador para una completa lista de los JARs que fueron explorados y de los que nos se halló TLDs. Saltarse JARs no necesarios durante la exploración puede dar lugar a una mejora de tiempo significativa en el arranque y compilación de JSP .
13-Dec-2024 15:56:37.665 INFORMACIÓN [main] org.apache.catalina.startup.HostConfig.deployDirectory Deployment of web application directory [/Users/mariapaz/GeneradorFacturasMasivas/apache-tomcat-9.0.97/webapps/manager] has finished in [611] ms
13-Dec-2024 15:56:37.665 INFORMACIÓN [main] org.apache.catalina.startup.HostConfig.deployDirectory Desplegando el directorio [/Users/mariapaz/GeneradorFacturasMasivas/apache-tomcat-9.0.97/webapps/examples] de la aplicación web
13-Dec-2024 15:56:38.503 INFORMACIÓN [main] org.apache.jasper.servlet.TldScanner.scanJars Al menos un JAR, que se ha explorado buscando TLDs, aún no contenía TLDs. Activar historial de depuración para este historiador para una completa lista de los JARs que fueron explorados y de los que nos se halló TLDs. Saltarse JARs no necesarios durante la exploración puede dar lugar a una mejora de tiempo significativa en el arranque y compilación de JSP .
13-Dec-2024 15:56:38.537 INFORMACIÓN [main] org.apache.catalina.startup.HostConfig.deployDirectory Deployment of web application directory [/Users/mariapaz/GeneradorFacturasMasivas/apache-tomcat-9.0.97/webapps/examples] has finished in [872] ms
13-Dec-2024 15:56:38.537 INFORMACIÓN [main] org.apache.catalina.startup.HostConfig.deployDirectory Desplegando el directorio [/Users/mariapaz/GeneradorFacturasMasivas/apache-tomcat-9.0.97/webapps/ROOT] de la aplicación web
13-Dec-2024 15:56:39.136 INFORMACIÓN [main] org.apache.jasper.servlet.TldScanner.scanJars Al menos un JAR, que se ha explorado buscando TLDs, aún no contenía TLDs. Activar historial de depuración para este historiador para una completa lista de los JARs que fueron explorados y de los que nos se halló TLDs. Saltarse JARs no necesarios durante la exploración puede dar lugar a una mejora de tiempo significativa en el arranque y compilación de JSP .
13-Dec-2024 15:56:39.142 INFORMACIÓN [main] org.apache.catalina.startup.HostConfig.deployDirectory Deployment of web application directory [/Users/mariapaz/GeneradorFacturasMasivas/apache-tomcat-9.0.97/webapps/ROOT] has finished in [602] ms
13-Dec-2024 15:56:39.144 INFORMACIÓN [main] org.apache.catalina.startup.HostConfig.deployDirectory Desplegando el directorio [/Users/mariapaz/GeneradorFacturasMasivas/apache-tomcat-9.0.97/webapps/host-manager] de la aplicación web
13-Dec-2024 15:56:40.210 INFORMACIÓN [main] org.apache.jasper.servlet.TldScanner.scanJars Al menos un JAR, que se ha explorado buscando TLDs, aún no contenía TLDs. Activar historial de depuración para este historiador para una completa lista de los JARs que fueron explorados y de los que nos se halló TLDs. Saltarse JARs no necesarios durante la exploración puede dar lugar a una mejora de tiempo significativa en el arranque y compilación de JSP .
13-Dec-2024 15:56:40.217 INFORMACIÓN [main] org.apache.catalina.startup.HostConfig.deployDirectory Deployment of web application directory [/Users/mariapaz/GeneradorFacturasMasivas/apache-tomcat-9.0.97/webapps/host-manager] has finished in [1.073] ms
13-Dec-2024 15:56:40.230 INFORMACIÓN [main] org.apache.coyote.AbstractProtocol.start Starting ProtocolHandler ["http-nio-8081"]
13-Dec-2024 15:56:40.264 INFORMACIÓN [main] org.apache.catalina.startup.Catalina.start Server startup in [141645] milliseconds
13-Dec-2024 16:02:23.650 INFORMACIÓN [main] org.apache.catalina.core.StandardServer.await Se ha recibido un comando de apagado a través del puerto de apagado. Parando la instancia del Servidor.
13-Dec-2024 16:02:23.652 INFORMACIÓN [main] org.apache.coyote.AbstractProtocol.pause Pausing ProtocolHandler ["http-nio-8081"]
13-Dec-2024 16:02:23.656 INFORMACIÓN [main] org.apache.catalina.core.StandardService.stopInternal Parando servicio [Catalina]
13-Dec-2024 16:02:26.653 INFORMACIÓN [main] org.apache.catalina.startup.VersionLoggerListener.log Nombre de la versión del servidor: Apache Tomcat/9.0.97
13-Dec-2024 16:02:26.676 INFORMACIÓN [main] org.apache.catalina.startup.VersionLoggerListener.log Server built:                      Nov 6 2024 19:55:19 UTC
13-Dec-2024 16:02:26.677 INFORMACIÓN [main] org.apache.catalina.startup.VersionLoggerListener.log Número de versión de servidor:     9.0.97.0
13-Dec-2024 16:02:26.677 INFORMACIÓN [main] org.apache.catalina.startup.VersionLoggerListener.log OS Name:                           Mac OS X
13-Dec-2024 16:02:26.677 INFORMACIÓN [main] org.apache.catalina.startup.VersionLoggerListener.log Versión de Systema Operativo:      13.6.4
13-Dec-2024 16:02:26.677 INFORMACIÓN [main] org.apache.catalina.startup.VersionLoggerListener.log Arquitectura:                      x86_64
13-Dec-2024 16:02:26.678 INFORMACIÓN [main] org.apache.catalina.startup.VersionLoggerListener.log Java Home:                         /Users/mariapaz/.sdkman/candidates/java/17.0.8.1-tem
13-Dec-2024 16:02:26.678 INFORMACIÓN [main] org.apache.catalina.startup.VersionLoggerListener.log JVM Version:                       17.0.8.1+1
13-Dec-2024 16:02:26.678 INFORMACIÓN [main] org.apache.catalina.startup.VersionLoggerListener.log Vededor JVM:                       Eclipse Adoptium
13-Dec-2024 16:02:26.678 INFORMACIÓN [main] org.apache.catalina.startup.VersionLoggerListener.log CATALINA_BASE:                     /Users/mariapaz/GeneradorFacturasMasivas/apache-tomcat-9.0.97
13-Dec-2024 16:02:26.679 INFORMACIÓN [main] org.apache.catalina.startup.VersionLoggerListener.log CATALINA_HOME:                     /Users/mariapaz/GeneradorFacturasMasivas/apache-tomcat-9.0.97
13-Dec-2024 16:02:26.727 INFORMACIÓN [main] org.apache.catalina.startup.VersionLoggerListener.log Command line argument:             --add-opens=java.base/java.lang=ALL-UNNAMED
13-Dec-2024 16:02:26.728 INFORMACIÓN [main] org.apache.catalina.startup.VersionLoggerListener.log Command line argument:             --add-opens=java.base/java.io=ALL-UNNAMED
13-Dec-2024 16:02:26.729 INFORMACIÓN [main] org.apache.catalina.startup.VersionLoggerListener.log Command line argument:             --add-opens=java.base/java.util=ALL-UNNAMED
13-Dec-2024 16:02:26.730 INFORMACIÓN [main] org.apache.catalina.startup.VersionLoggerListener.log Command line argument:             --add-opens=java.base/java.util.concurrent=ALL-UNNAMED
13-Dec-2024 16:02:26.730 INFORMACIÓN [main] org.apache.catalina.startup.VersionLoggerListener.log Command line argument:             --add-opens=java.rmi/sun.rmi.transport=ALL-UNNAMED
13-Dec-2024 16:02:26.730 INFORMACIÓN [main] org.apache.catalina.startup.VersionLoggerListener.log Command line argument:             -Djava.util.logging.config.file=/Users/mariapaz/GeneradorFacturasMasivas/apache-tomcat-9.0.97/conf/logging.properties
13-Dec-2024 16:02:26.732 INFORMACIÓN [main] org.apache.catalina.startup.VersionLoggerListener.log Command line argument:             -Djava.util.logging.manager=org.apache.juli.ClassLoaderLogManager
13-Dec-2024 16:02:26.732 INFORMACIÓN [main] org.apache.catalina.startup.VersionLoggerListener.log Command line argument:             -Djava.security.egd=file:/dev/urandom
13-Dec-2024 16:02:26.733 INFORMACIÓN [main] org.apache.catalina.startup.VersionLoggerListener.log Command line argument:             -Djdk.tls.ephemeralDHKeySize=2048
13-Dec-2024 16:02:26.733 INFORMACIÓN [main] org.apache.catalina.startup.VersionLoggerListener.log Command line argument:             -Djava.protocol.handler.pkgs=org.apache.catalina.webresources
13-Dec-2024 16:02:26.734 INFORMACIÓN [main] org.apache.catalina.startup.VersionLoggerListener.log Command line argument:             -Dorg.apache.catalina.security.SecurityListener.UMASK=0027
13-Dec-2024 16:02:26.734 INFORMACIÓN [main] org.apache.catalina.startup.VersionLoggerListener.log Command line argument:             -Drs.configdir=/Users/mariapaz/GeneradorFacturasMasivas/apache-tomcat-9.0.97/webapps/reportserver/WEB-INF
13-Dec-2024 16:02:26.734 INFORMACIÓN [main] org.apache.catalina.startup.VersionLoggerListener.log Command line argument:             -Xmx4096M
13-Dec-2024 16:02:26.734 INFORMACIÓN [main] org.apache.catalina.startup.VersionLoggerListener.log Command line argument:             -Dfile.encoding=UTF8
13-Dec-2024 16:02:26.735 INFORMACIÓN [main] org.apache.catalina.startup.VersionLoggerListener.log Command line argument:             --add-opens=java.base/java.net=ALL-UNNAMED
13-Dec-2024 16:02:26.735 INFORMACIÓN [main] org.apache.catalina.startup.VersionLoggerListener.log Command line argument:             --add-opens=java.base/jdk.internal.ref=ALL-UNNAMED
13-Dec-2024 16:02:26.735 INFORMACIÓN [main] org.apache.catalina.startup.VersionLoggerListener.log Command line argument:             --add-opens=java.base/jdk.internal.reflect=ALL-UNNAMED
13-Dec-2024 16:02:26.736 INFORMACIÓN [main] org.apache.catalina.startup.VersionLoggerListener.log Command line argument:             --add-opens=java.base/java.lang.invoke=ALL-UNNAMED
13-Dec-2024 16:02:26.736 INFORMACIÓN [main] org.apache.catalina.startup.VersionLoggerListener.log Command line argument:             --add-opens=java.base/java.util=ALL-UNNAMED
13-Dec-2024 16:02:26.737 INFORMACIÓN [main] org.apache.catalina.startup.VersionLoggerListener.log Command line argument:             --add-opens=java.base/java.lang.ref=ALL-UNNAMED
13-Dec-2024 16:02:26.741 INFORMACIÓN [main] org.apache.catalina.startup.VersionLoggerListener.log Command line argument:             --add-opens=java.base/java.lang.reflect=ALL-UNNAMED
13-Dec-2024 16:02:26.741 INFORMACIÓN [main] org.apache.catalina.startup.VersionLoggerListener.log Command line argument:             --add-opens=java.base/sun.reflect.generics.repository=ALL-UNNAMED
13-Dec-2024 16:02:26.741 INFORMACIÓN [main] org.apache.catalina.startup.VersionLoggerListener.log Command line argument:             -Dignore.endorsed.dirs=
13-Dec-2024 16:02:26.741 INFORMACIÓN [main] org.apache.catalina.startup.VersionLoggerListener.log Command line argument:             -Dcatalina.base=/Users/mariapaz/GeneradorFacturasMasivas/apache-tomcat-9.0.97
13-Dec-2024 16:02:26.742 INFORMACIÓN [main] org.apache.catalina.startup.VersionLoggerListener.log Command line argument:             -Dcatalina.home=/Users/mariapaz/GeneradorFacturasMasivas/apache-tomcat-9.0.97
13-Dec-2024 16:02:26.743 INFORMACIÓN [main] org.apache.catalina.startup.VersionLoggerListener.log Command line argument:             -Djava.io.tmpdir=/Users/mariapaz/GeneradorFacturasMasivas/apache-tomcat-9.0.97/temp
13-Dec-2024 16:02:26.786 INFORMACIÓN [main] org.apache.catalina.core.AprLifecycleListener.lifecycleEvent La biblioteca nativa de Apache Tomcat basada en ARP que permite un rendimiento óptimo en entornos de desarrollo no ha sido hallada en java.library.path: [/Users/mariapaz/Library/Java/Extensions:/Library/Java/Extensions:/Network/Library/Java/Extensions:/System/Library/Java/Extensions:/usr/lib/java:.]
13-Dec-2024 16:02:29.436 INFORMACIÓN [main] org.apache.coyote.AbstractProtocol.init Inicializando el manejador de protocolo ["http-nio-8081"]

13-Dec-2024 16:02:29.526 GRAVE [main] org.apache.catalina.util.LifecycleBase.handleSubClassException Fallo al iniciar el componente [Connector["http-nio-8081"]]
	org.apache.catalina.LifecycleException: Falló la inicialización del manejador de protocolo
		at org.apache.catalina.connector.Connector.initInternal(Connector.java:1027)
		at org.apache.catalina.util.LifecycleBase.init(LifecycleBase.java:122)
		at org.apache.catalina.core.StandardService.initInternal(StandardService.java:525)
		at org.apache.catalina.util.LifecycleBase.init(LifecycleBase.java:122)
		at org.apache.catalina.core.StandardServer.initInternal(StandardServer.java:986)
		at org.apache.catalina.util.LifecycleBase.init(LifecycleBase.java:122)
		at org.apache.catalina.startup.Catalina.load(Catalina.java:686)
		at org.apache.catalina.startup.Catalina.load(Catalina.java:709)
		at java.base/jdk.internal.reflect.NativeMethodAccessorImpl.invoke0(Native Method)
		at java.base/jdk.internal.reflect.NativeMethodAccessorImpl.invoke(NativeMethodAccessorImpl.java:77)
		at java.base/jdk.internal.reflect.DelegatingMethodAccessorImpl.invoke(DelegatingMethodAccessorImpl.java:43)
		at java.base/java.lang.reflect.Method.invoke(Method.java:568)
		at org.apache.catalina.startup.Bootstrap.load(Bootstrap.java:302)
		at org.apache.catalina.startup.Bootstrap.main(Bootstrap.java:472)
	Caused by: java.net.BindException: Address already in use
		at java.base/sun.nio.ch.Net.bind0(Native Method)
		at java.base/sun.nio.ch.Net.bind(Net.java:555)
		at java.base/sun.nio.ch.ServerSocketChannelImpl.netBind(ServerSocketChannelImpl.java:337)
		at java.base/sun.nio.ch.ServerSocketChannelImpl.bind(ServerSocketChannelImpl.java:294)
		at org.apache.tomcat.util.net.NioEndpoint.initServerSocket(NioEndpoint.java:268)
		at org.apache.tomcat.util.net.NioEndpoint.bind(NioEndpoint.java:223)
		at org.apache.tomcat.util.net.AbstractEndpoint.bindWithCleanup(AbstractEndpoint.java:1373)
		at org.apache.tomcat.util.net.AbstractEndpoint.init(AbstractEndpoint.java:1386)
		at org.apache.coyote.AbstractProtocol.init(AbstractProtocol.java:663)
		at org.apache.coyote.http11.AbstractHttp11Protocol.init(AbstractHttp11Protocol.java:80)
		at org.apache.catalina.connector.Connector.initInternal(Connector.java:1025)
		... 13 more
13-Dec-2024 16:02:29.528 INFORMACIÓN [main] org.apache.catalina.startup.Catalina.load Server initialization in [4748] milliseconds
13-Dec-2024 16:02:29.895 ADVERTENCIA [main] org.apache.catalina.loader.WebappClassLoaderBase.clearReferencesJdbc La aplicación web [reportserver] registró el conductor JDBC [com.microsoft.sqlserver.jdbc.SQLServerDriver] pero falló al anular el registro mientras la aplicación web estaba parada. Para prevenir un fallo de memoria, se ha anulado el registro del conductor JDBC por la fuerza.
13-Dec-2024 16:02:29.920 ADVERTENCIA [main] org.apache.catalina.loader.WebappClassLoaderBase.clearReferencesThreads The web application [reportserver] appears to have started a thread named [org.apache.commons.vfs2.cache.SoftRefFilesCache$ReleaseThread] but has failed to stop it. This is very likely to create a memory leak. Stack trace of thread:
 java.base@17.0.8.1/java.lang.Object.wait(Native Method)
 java.base@17.0.8.1/java.lang.ref.ReferenceQueue.remove(ReferenceQueue.java:155)
 org.apache.commons.vfs2.cache.SoftRefFilesCache$ReleaseThread.run(SoftRefFilesCache.java:54)
13-Dec-2024 16:02:29.923 ADVERTENCIA [main] org.apache.catalina.loader.WebappClassLoaderBase.clearReferencesThreads The web application [reportserver] appears to have started a thread named [C3P0PooledConnectionPoolManager[identityToken->z8kfltb71hrunco1y289pr|74d94be8]-AdminTaskTimer] but has failed to stop it. This is very likely to create a memory leak. Stack trace of thread:
 java.base@17.0.8.1/java.lang.Object.wait(Native Method)
 java.base@17.0.8.1/java.util.TimerThread.mainLoop(Timer.java:563)
 java.base@17.0.8.1/java.util.TimerThread.run(Timer.java:516)
13-Dec-2024 16:02:29.923 ADVERTENCIA [main] org.apache.catalina.loader.WebappClassLoaderBase.clearReferencesThreads The web application [reportserver] appears to have started a thread named [C3P0PooledConnectionPoolManager[identityToken->z8kfltb71hrunco1y289pr|74d94be8]-HelperThread-#0] but has failed to stop it. This is very likely to create a memory leak. Stack trace of thread:
 java.base@17.0.8.1/java.lang.Object.wait(Native Method)
 com.mchange.v2.async.ThreadPoolAsynchronousRunner$PoolThread.run(ThreadPoolAsynchronousRunner.java:683)
13-Dec-2024 16:02:29.925 ADVERTENCIA [main] org.apache.catalina.loader.WebappClassLoaderBase.clearReferencesThreads The web application [reportserver] appears to have started a thread named [C3P0PooledConnectionPoolManager[identityToken->z8kfltb71hrunco1y289pr|74d94be8]-HelperThread-#1] but has failed to stop it. This is very likely to create a memory leak. Stack trace of thread:
 java.base@17.0.8.1/java.lang.Object.wait(Native Method)
 com.mchange.v2.async.ThreadPoolAsynchronousRunner$PoolThread.run(ThreadPoolAsynchronousRunner.java:683)
13-Dec-2024 16:02:29.925 ADVERTENCIA [main] org.apache.catalina.loader.WebappClassLoaderBase.clearReferencesThreads The web application [reportserver] appears to have started a thread named [C3P0PooledConnectionPoolManager[identityToken->z8kfltb71hrunco1y289pr|74d94be8]-HelperThread-#2] but has failed to stop it. This is very likely to create a memory leak. Stack trace of thread:
 java.base@17.0.8.1/java.lang.Object.wait(Native Method)
 com.mchange.v2.async.ThreadPoolAsynchronousRunner$PoolThread.run(ThreadPoolAsynchronousRunner.java:683)
13-Dec-2024 16:02:29.938 ADVERTENCIA [main] org.apache.catalina.loader.WebappClassLoaderBase.clearReferencesThreads The web application [reportserver] appears to have started a thread named [dwdaemon-JpaEventLoggerServiceImpl-1] but has failed to stop it. This is very likely to create a memory leak. Stack trace of thread:
 java.base@17.0.8.1/java.lang.Thread.sleep(Native Method)
 net.datenwerke.rs.utils.daemon.DwDaemonImpl.run(DwDaemonImpl.java:52)
 java.base@17.0.8.1/java.lang.Thread.run(Thread.java:833)
13-Dec-2024 16:02:29.939 ADVERTENCIA [main] org.apache.catalina.loader.WebappClassLoaderBase.clearReferencesThreads The web application [reportserver] appears to have started a thread named [dwdaemon-watchdog-JpaEventLoggerServiceImpl] but has failed to stop it. This is very likely to create a memory leak. Stack trace of thread:
 java.base@17.0.8.1/java.lang.Thread.sleep(Native Method)
 net.datenwerke.rs.utils.daemon.DwDaemonWatchdog.run(DwDaemonWatchdog.java:30)
 java.base@17.0.8.1/java.lang.Thread.run(Thread.java:833)
13-Dec-2024 16:02:29.940 ADVERTENCIA [main] org.apache.catalina.loader.WebappClassLoaderBase.clearReferencesThreads The web application [reportserver] appears to have started a thread named [Thread-21] but has failed to stop it. This is very likely to create a memory leak. Stack trace of thread:
 java.base@17.0.8.1/sun.nio.ch.KQueue.poll(Native Method)
 java.base@17.0.8.1/sun.nio.ch.KQueuePort$EventHandlerTask.poll(KQueuePort.java:200)
 java.base@17.0.8.1/sun.nio.ch.KQueuePort$EventHandlerTask.run(KQueuePort.java:287)
 java.base@17.0.8.1/java.lang.Thread.run(Thread.java:833)
13-Dec-2024 16:02:30.022 ADVERTENCIA [main] org.apache.catalina.loader.WebappClassLoaderBase.clearReferencesThreads The web application [reportserver] appears to have started a thread named [sshd-SshServer[71148768](port=8022)-timer-thread-1] but has failed to stop it. This is very likely to create a memory leak. Stack trace of thread:
 java.base@17.0.8.1/jdk.internal.misc.Unsafe.park(Native Method)
 java.base@17.0.8.1/java.util.concurrent.locks.LockSupport.parkNanos(LockSupport.java:252)
 java.base@17.0.8.1/java.util.concurrent.locks.AbstractQueuedSynchronizer$ConditionObject.awaitNanos(AbstractQueuedSynchronizer.java:1672)
 java.base@17.0.8.1/java.util.concurrent.ScheduledThreadPoolExecutor$DelayedWorkQueue.take(ScheduledThreadPoolExecutor.java:1182)
 java.base@17.0.8.1/java.util.concurrent.ScheduledThreadPoolExecutor$DelayedWorkQueue.take(ScheduledThreadPoolExecutor.java:899)
 java.base@17.0.8.1/java.util.concurrent.ThreadPoolExecutor.getTask(ThreadPoolExecutor.java:1062)
 java.base@17.0.8.1/java.util.concurrent.ThreadPoolExecutor.runWorker(ThreadPoolExecutor.java:1122)
 java.base@17.0.8.1/java.util.concurrent.ThreadPoolExecutor$Worker.run(ThreadPoolExecutor.java:635)
 java.base@17.0.8.1/java.lang.Thread.run(Thread.java:833)
13-Dec-2024 16:02:30.022 ADVERTENCIA [main] org.apache.catalina.loader.WebappClassLoaderBase.clearReferencesThreads The web application [reportserver] appears to have started a thread named [dwdaemon-MaintenanceServiceImpl-1] but has failed to stop it. This is very likely to create a memory leak. Stack trace of thread:
 java.base@17.0.8.1/java.lang.Thread.sleep(Native Method)
 net.datenwerke.rs.utils.daemon.DwDaemonImpl.run(DwDaemonImpl.java:52)
 java.base@17.0.8.1/java.lang.Thread.run(Thread.java:833)
13-Dec-2024 16:02:30.024 ADVERTENCIA [main] org.apache.catalina.loader.WebappClassLoaderBase.clearReferencesThreads The web application [reportserver] appears to have started a thread named [dwdaemon-watchdog-MaintenanceServiceImpl] but has failed to stop it. This is very likely to create a memory leak. Stack trace of thread:
 java.base@17.0.8.1/java.lang.Thread.sleep(Native Method)
 net.datenwerke.rs.utils.daemon.DwDaemonWatchdog.run(DwDaemonWatchdog.java:30)
 java.base@17.0.8.1/java.lang.Thread.run(Thread.java:833)
13-Dec-2024 16:02:30.025 ADVERTENCIA [main] org.apache.catalina.loader.WebappClassLoaderBase.clearReferencesThreads The web application [reportserver] appears to have started a thread named [scheduler-watchdog] but has failed to stop it. This is very likely to create a memory leak. Stack trace of thread:
 java.base@17.0.8.1/java.lang.Thread.sleep(Native Method)
 net.datenwerke.scheduler.service.scheduler.SchedulerWatchdog.run(SchedulerWatchdog.java:32)
 java.base@17.0.8.1/java.lang.Thread.run(Thread.java:833)
13-Dec-2024 16:02:30.025 GRAVE [main] org.apache.catalina.loader.WebappClassLoaderBase.checkThreadLocalMapForLeaks La aplicación web [reportserver] creó un ThreadLocal con clave del tipo [java.lang.ThreadLocal] (valor [java.lang.ThreadLocal@35b13259]) y un valor del tipo [org.hibernate.internal.SessionImpl] (valor [SessionImpl(926967323<closed>)]) pero no pudo quitarlo cuando la aplicación web se paró. Los hilos se van a renovar con el tiempo para intentar evitar in posible fallo de memoria.
13-Dec-2024 16:02:30.026 INFORMACIÓN [main] org.apache.catalina.core.StandardService.startInternal Arrancando servicio [Catalina]
13-Dec-2024 16:02:30.027 INFORMACIÓN [main] org.apache.catalina.core.StandardEngine.startInternal Starting Servlet engine: [Apache Tomcat/9.0.97]
13-Dec-2024 16:02:30.061 INFORMACIÓN [main] org.apache.coyote.AbstractProtocol.stop Stopping ProtocolHandler ["http-nio-8081"]
13-Dec-2024 16:02:30.184 INFORMACIÓN [main] org.apache.coyote.AbstractProtocol.destroy Destroying ProtocolHandler ["http-nio-8081"]
13-Dec-2024 16:03:21.049 INFORMACIÓN [main] org.apache.jasper.servlet.TldScanner.scanJars Al menos un JAR, que se ha explorado buscando TLDs, aún no contenía TLDs. Activar historial de depuración para este historiador para una completa lista de los JARs que fueron explorados y de los que nos se halló TLDs. Saltarse JARs no necesarios durante la exploración puede dar lugar a una mejora de tiempo significativa en el arranque y compilación de JSP .
13-Dec-2024 16:03:26.279 INFORMACIÓN [main] org.apache.catalina.startup.VersionLoggerListener.log Nombre de la versión del servidor: Apache Tomcat/9.0.97
13-Dec-2024 16:03:26.305 INFORMACIÓN [main] org.apache.catalina.startup.VersionLoggerListener.log Server built:                      Nov 6 2024 19:55:19 UTC
13-Dec-2024 16:03:26.306 INFORMACIÓN [main] org.apache.catalina.startup.VersionLoggerListener.log Número de versión de servidor:     9.0.97.0
13-Dec-2024 16:03:26.308 INFORMACIÓN [main] org.apache.catalina.startup.VersionLoggerListener.log OS Name:                           Mac OS X
13-Dec-2024 16:03:26.308 INFORMACIÓN [main] org.apache.catalina.startup.VersionLoggerListener.log Versión de Systema Operativo:      13.6.4
13-Dec-2024 16:03:26.312 INFORMACIÓN [main] org.apache.catalina.startup.VersionLoggerListener.log Arquitectura:                      x86_64
13-Dec-2024 16:03:26.313 INFORMACIÓN [main] org.apache.catalina.startup.VersionLoggerListener.log Java Home:                         /Users/mariapaz/.sdkman/candidates/java/17.0.8.1-tem
13-Dec-2024 16:03:26.313 INFORMACIÓN [main] org.apache.catalina.startup.VersionLoggerListener.log JVM Version:                       17.0.8.1+1
13-Dec-2024 16:03:26.314 INFORMACIÓN [main] org.apache.catalina.startup.VersionLoggerListener.log Vededor JVM:                       Eclipse Adoptium
13-Dec-2024 16:03:26.314 INFORMACIÓN [main] org.apache.catalina.startup.VersionLoggerListener.log CATALINA_BASE:                     /Users/mariapaz/GeneradorFacturasMasivas/apache-tomcat-9.0.97
13-Dec-2024 16:03:26.314 INFORMACIÓN [main] org.apache.catalina.startup.VersionLoggerListener.log CATALINA_HOME:                     /Users/mariapaz/GeneradorFacturasMasivas/apache-tomcat-9.0.97
13-Dec-2024 16:03:26.364 INFORMACIÓN [main] org.apache.catalina.startup.VersionLoggerListener.log Command line argument:             --add-opens=java.base/java.lang=ALL-UNNAMED
13-Dec-2024 16:03:26.364 INFORMACIÓN [main] org.apache.catalina.startup.VersionLoggerListener.log Command line argument:             --add-opens=java.base/java.io=ALL-UNNAMED
13-Dec-2024 16:03:26.365 INFORMACIÓN [main] org.apache.catalina.startup.VersionLoggerListener.log Command line argument:             --add-opens=java.base/java.util=ALL-UNNAMED
13-Dec-2024 16:03:26.365 INFORMACIÓN [main] org.apache.catalina.startup.VersionLoggerListener.log Command line argument:             --add-opens=java.base/java.util.concurrent=ALL-UNNAMED
13-Dec-2024 16:03:26.365 INFORMACIÓN [main] org.apache.catalina.startup.VersionLoggerListener.log Command line argument:             --add-opens=java.rmi/sun.rmi.transport=ALL-UNNAMED
13-Dec-2024 16:03:26.365 INFORMACIÓN [main] org.apache.catalina.startup.VersionLoggerListener.log Command line argument:             -Djava.util.logging.config.file=/Users/mariapaz/GeneradorFacturasMasivas/apache-tomcat-9.0.97/conf/logging.properties
13-Dec-2024 16:03:26.365 INFORMACIÓN [main] org.apache.catalina.startup.VersionLoggerListener.log Command line argument:             -Djava.util.logging.manager=org.apache.juli.ClassLoaderLogManager
13-Dec-2024 16:03:26.366 INFORMACIÓN [main] org.apache.catalina.startup.VersionLoggerListener.log Command line argument:             -Djava.security.egd=file:/dev/urandom
13-Dec-2024 16:03:26.366 INFORMACIÓN [main] org.apache.catalina.startup.VersionLoggerListener.log Command line argument:             -Djdk.tls.ephemeralDHKeySize=2048
13-Dec-2024 16:03:26.366 INFORMACIÓN [main] org.apache.catalina.startup.VersionLoggerListener.log Command line argument:             -Djava.protocol.handler.pkgs=org.apache.catalina.webresources
13-Dec-2024 16:03:26.366 INFORMACIÓN [main] org.apache.catalina.startup.VersionLoggerListener.log Command line argument:             -Dorg.apache.catalina.security.SecurityListener.UMASK=0027
13-Dec-2024 16:03:26.366 INFORMACIÓN [main] org.apache.catalina.startup.VersionLoggerListener.log Command line argument:             -Drs.configdir=/Users/mariapaz/GeneradorFacturasMasivas/apache-tomcat-9.0.97/webapps/reportserver/WEB-INF
13-Dec-2024 16:03:26.366 INFORMACIÓN [main] org.apache.catalina.startup.VersionLoggerListener.log Command line argument:             -Xmx4096M
13-Dec-2024 16:03:26.367 INFORMACIÓN [main] org.apache.catalina.startup.VersionLoggerListener.log Command line argument:             -Dfile.encoding=UTF8
13-Dec-2024 16:03:26.367 INFORMACIÓN [main] org.apache.catalina.startup.VersionLoggerListener.log Command line argument:             --add-opens=java.base/java.net=ALL-UNNAMED
13-Dec-2024 16:03:26.367 INFORMACIÓN [main] org.apache.catalina.startup.VersionLoggerListener.log Command line argument:             --add-opens=java.base/jdk.internal.ref=ALL-UNNAMED
13-Dec-2024 16:03:26.367 INFORMACIÓN [main] org.apache.catalina.startup.VersionLoggerListener.log Command line argument:             --add-opens=java.base/jdk.internal.reflect=ALL-UNNAMED
13-Dec-2024 16:03:26.367 INFORMACIÓN [main] org.apache.catalina.startup.VersionLoggerListener.log Command line argument:             --add-opens=java.base/java.lang.invoke=ALL-UNNAMED
13-Dec-2024 16:03:26.370 INFORMACIÓN [main] org.apache.catalina.startup.VersionLoggerListener.log Command line argument:             --add-opens=java.base/java.util=ALL-UNNAMED
13-Dec-2024 16:03:26.370 INFORMACIÓN [main] org.apache.catalina.startup.VersionLoggerListener.log Command line argument:             --add-opens=java.base/java.lang.ref=ALL-UNNAMED
13-Dec-2024 16:03:26.370 INFORMACIÓN [main] org.apache.catalina.startup.VersionLoggerListener.log Command line argument:             --add-opens=java.base/java.lang.reflect=ALL-UNNAMED
13-Dec-2024 16:03:26.371 INFORMACIÓN [main] org.apache.catalina.startup.VersionLoggerListener.log Command line argument:             --add-opens=java.base/sun.reflect.generics.repository=ALL-UNNAMED
13-Dec-2024 16:03:26.371 INFORMACIÓN [main] org.apache.catalina.startup.VersionLoggerListener.log Command line argument:             -Dignore.endorsed.dirs=
13-Dec-2024 16:03:26.372 INFORMACIÓN [main] org.apache.catalina.startup.VersionLoggerListener.log Command line argument:             -Dcatalina.base=/Users/mariapaz/GeneradorFacturasMasivas/apache-tomcat-9.0.97
13-Dec-2024 16:03:26.372 INFORMACIÓN [main] org.apache.catalina.startup.VersionLoggerListener.log Command line argument:             -Dcatalina.home=/Users/mariapaz/GeneradorFacturasMasivas/apache-tomcat-9.0.97
13-Dec-2024 16:03:26.373 INFORMACIÓN [main] org.apache.catalina.startup.VersionLoggerListener.log Command line argument:             -Djava.io.tmpdir=/Users/mariapaz/GeneradorFacturasMasivas/apache-tomcat-9.0.97/temp
13-Dec-2024 16:03:26.463 INFORMACIÓN [main] org.apache.catalina.core.AprLifecycleListener.lifecycleEvent La biblioteca nativa de Apache Tomcat basada en ARP que permite un rendimiento óptimo en entornos de desarrollo no ha sido hallada en java.library.path: [/Users/mariapaz/Library/Java/Extensions:/Library/Java/Extensions:/Network/Library/Java/Extensions:/System/Library/Java/Extensions:/usr/lib/java:.]
13-Dec-2024 16:03:28.770 INFORMACIÓN [main] org.apache.coyote.AbstractProtocol.init Inicializando el manejador de protocolo ["http-nio-8081"]

13-Dec-2024 16:03:28.875 INFORMACIÓN [main] org.apache.catalina.startup.Catalina.load Server initialization in [4554] milliseconds
13-Dec-2024 16:03:29.048 INFORMACIÓN [main] org.apache.catalina.core.StandardService.startInternal Arrancando servicio [Catalina]
13-Dec-2024 16:03:29.049 INFORMACIÓN [main] org.apache.catalina.core.StandardEngine.startInternal Starting Servlet engine: [Apache Tomcat/9.0.97]
13-Dec-2024 16:05:31.712 INFORMACIÓN [main] org.apache.jasper.servlet.TldScanner.scanJars Al menos un JAR, que se ha explorado buscando TLDs, aún no contenía TLDs. Activar historial de depuración para este historiador para una completa lista de los JARs que fueron explorados y de los que nos se halló TLDs. Saltarse JARs no necesarios durante la exploración puede dar lugar a una mejora de tiempo significativa en el arranque y compilación de JSP .
13-Dec-2024 16:06:32.826 INFORMACIÓN [main] org.apache.catalina.startup.HostConfig.deployDirectory Desplegando el directorio [/Users/mariapaz/GeneradorFacturasMasivas/apache-tomcat-9.0.97/webapps/docs] de la aplicación web
13-Dec-2024 16:06:33.915 INFORMACIÓN [main] org.apache.jasper.servlet.TldScanner.scanJars Al menos un JAR, que se ha explorado buscando TLDs, aún no contenía TLDs. Activar historial de depuración para este historiador para una completa lista de los JARs que fueron explorados y de los que nos se halló TLDs. Saltarse JARs no necesarios durante la exploración puede dar lugar a una mejora de tiempo significativa en el arranque y compilación de JSP .
13-Dec-2024 16:06:33.919 INFORMACIÓN [main] org.apache.catalina.startup.HostConfig.deployDirectory Deployment of web application directory [/Users/mariapaz/GeneradorFacturasMasivas/apache-tomcat-9.0.97/webapps/docs] has finished in [1.092] ms
13-Dec-2024 16:06:33.921 INFORMACIÓN [main] org.apache.catalina.startup.HostConfig.deployDirectory Desplegando el directorio [/Users/mariapaz/GeneradorFacturasMasivas/apache-tomcat-9.0.97/webapps/manager] de la aplicación web
13-Dec-2024 16:06:34.960 INFORMACIÓN [main] org.apache.jasper.servlet.TldScanner.scanJars Al menos un JAR, que se ha explorado buscando TLDs, aún no contenía TLDs. Activar historial de depuración para este historiador para una completa lista de los JARs que fueron explorados y de los que nos se halló TLDs. Saltarse JARs no necesarios durante la exploración puede dar lugar a una mejora de tiempo significativa en el arranque y compilación de JSP .
13-Dec-2024 16:06:35.012 INFORMACIÓN [main] org.apache.catalina.startup.HostConfig.deployDirectory Deployment of web application directory [/Users/mariapaz/GeneradorFacturasMasivas/apache-tomcat-9.0.97/webapps/manager] has finished in [1.092] ms
13-Dec-2024 16:06:35.016 INFORMACIÓN [main] org.apache.catalina.startup.HostConfig.deployDirectory Desplegando el directorio [/Users/mariapaz/GeneradorFacturasMasivas/apache-tomcat-9.0.97/webapps/examples] de la aplicación web
13-Dec-2024 16:06:36.539 INFORMACIÓN [main] org.apache.jasper.servlet.TldScanner.scanJars Al menos un JAR, que se ha explorado buscando TLDs, aún no contenía TLDs. Activar historial de depuración para este historiador para una completa lista de los JARs que fueron explorados y de los que nos se halló TLDs. Saltarse JARs no necesarios durante la exploración puede dar lugar a una mejora de tiempo significativa en el arranque y compilación de JSP .
13-Dec-2024 16:06:36.618 INFORMACIÓN [main] org.apache.catalina.startup.HostConfig.deployDirectory Deployment of web application directory [/Users/mariapaz/GeneradorFacturasMasivas/apache-tomcat-9.0.97/webapps/examples] has finished in [1.601] ms
13-Dec-2024 16:06:36.618 INFORMACIÓN [main] org.apache.catalina.startup.HostConfig.deployDirectory Desplegando el directorio [/Users/mariapaz/GeneradorFacturasMasivas/apache-tomcat-9.0.97/webapps/ROOT] de la aplicación web
13-Dec-2024 16:06:37.586 INFORMACIÓN [main] org.apache.jasper.servlet.TldScanner.scanJars Al menos un JAR, que se ha explorado buscando TLDs, aún no contenía TLDs. Activar historial de depuración para este historiador para una completa lista de los JARs que fueron explorados y de los que nos se halló TLDs. Saltarse JARs no necesarios durante la exploración puede dar lugar a una mejora de tiempo significativa en el arranque y compilación de JSP .
13-Dec-2024 16:06:37.590 INFORMACIÓN [main] org.apache.catalina.startup.HostConfig.deployDirectory Deployment of web application directory [/Users/mariapaz/GeneradorFacturasMasivas/apache-tomcat-9.0.97/webapps/ROOT] has finished in [971] ms
13-Dec-2024 16:06:37.590 INFORMACIÓN [main] org.apache.catalina.startup.HostConfig.deployDirectory Desplegando el directorio [/Users/mariapaz/GeneradorFacturasMasivas/apache-tomcat-9.0.97/webapps/host-manager] de la aplicación web
13-Dec-2024 16:06:38.369 INFORMACIÓN [main] org.apache.jasper.servlet.TldScanner.scanJars Al menos un JAR, que se ha explorado buscando TLDs, aún no contenía TLDs. Activar historial de depuración para este historiador para una completa lista de los JARs que fueron explorados y de los que nos se halló TLDs. Saltarse JARs no necesarios durante la exploración puede dar lugar a una mejora de tiempo significativa en el arranque y compilación de JSP .
13-Dec-2024 16:06:38.375 INFORMACIÓN [main] org.apache.catalina.startup.HostConfig.deployDirectory Deployment of web application directory [/Users/mariapaz/GeneradorFacturasMasivas/apache-tomcat-9.0.97/webapps/host-manager] has finished in [784] ms
13-Dec-2024 16:06:38.391 INFORMACIÓN [main] org.apache.catalina.startup.Catalina.start Server startup in [248868] milliseconds
13-Dec-2024 16:07:47.023 INFORMACIÓN [main] org.apache.catalina.startup.HostConfig.deployDirectory Desplegando el directorio [/Users/mariapaz/GeneradorFacturasMasivas/apache-tomcat-9.0.97/webapps/docs] de la aplicación web
13-Dec-2024 16:07:47.789 INFORMACIÓN [main] org.apache.jasper.servlet.TldScanner.scanJars Al menos un JAR, que se ha explorado buscando TLDs, aún no contenía TLDs. Activar historial de depuración para este historiador para una completa lista de los JARs que fueron explorados y de los que nos se halló TLDs. Saltarse JARs no necesarios durante la exploración puede dar lugar a una mejora de tiempo significativa en el arranque y compilación de JSP .
13-Dec-2024 16:07:47.794 INFORMACIÓN [main] org.apache.catalina.startup.HostConfig.deployDirectory Deployment of web application directory [/Users/mariapaz/GeneradorFacturasMasivas/apache-tomcat-9.0.97/webapps/docs] has finished in [770] ms
13-Dec-2024 16:07:47.794 INFORMACIÓN [main] org.apache.catalina.startup.HostConfig.deployDirectory Desplegando el directorio [/Users/mariapaz/GeneradorFacturasMasivas/apache-tomcat-9.0.97/webapps/manager] de la aplicación web
13-Dec-2024 16:07:48.313 INFORMACIÓN [main] org.apache.jasper.servlet.TldScanner.scanJars Al menos un JAR, que se ha explorado buscando TLDs, aún no contenía TLDs. Activar historial de depuración para este historiador para una completa lista de los JARs que fueron explorados y de los que nos se halló TLDs. Saltarse JARs no necesarios durante la exploración puede dar lugar a una mejora de tiempo significativa en el arranque y compilación de JSP .
13-Dec-2024 16:07:48.327 INFORMACIÓN [main] org.apache.catalina.startup.HostConfig.deployDirectory Deployment of web application directory [/Users/mariapaz/GeneradorFacturasMasivas/apache-tomcat-9.0.97/webapps/manager] has finished in [532] ms
13-Dec-2024 16:07:48.327 INFORMACIÓN [main] org.apache.catalina.startup.HostConfig.deployDirectory Desplegando el directorio [/Users/mariapaz/GeneradorFacturasMasivas/apache-tomcat-9.0.97/webapps/examples] de la aplicación web
13-Dec-2024 16:07:49.304 INFORMACIÓN [main] org.apache.jasper.servlet.TldScanner.scanJars Al menos un JAR, que se ha explorado buscando TLDs, aún no contenía TLDs. Activar historial de depuración para este historiador para una completa lista de los JARs que fueron explorados y de los que nos se halló TLDs. Saltarse JARs no necesarios durante la exploración puede dar lugar a una mejora de tiempo significativa en el arranque y compilación de JSP .
13-Dec-2024 16:07:49.344 INFORMACIÓN [main] org.apache.catalina.startup.HostConfig.deployDirectory Deployment of web application directory [/Users/mariapaz/GeneradorFacturasMasivas/apache-tomcat-9.0.97/webapps/examples] has finished in [1.017] ms
13-Dec-2024 16:07:49.344 INFORMACIÓN [main] org.apache.catalina.startup.HostConfig.deployDirectory Desplegando el directorio [/Users/mariapaz/GeneradorFacturasMasivas/apache-tomcat-9.0.97/webapps/ROOT] de la aplicación web
13-Dec-2024 16:07:49.806 INFORMACIÓN [main] org.apache.jasper.servlet.TldScanner.scanJars Al menos un JAR, que se ha explorado buscando TLDs, aún no contenía TLDs. Activar historial de depuración para este historiador para una completa lista de los JARs que fueron explorados y de los que nos se halló TLDs. Saltarse JARs no necesarios durante la exploración puede dar lugar a una mejora de tiempo significativa en el arranque y compilación de JSP .
13-Dec-2024 16:07:49.810 INFORMACIÓN [main] org.apache.catalina.startup.HostConfig.deployDirectory Deployment of web application directory [/Users/mariapaz/GeneradorFacturasMasivas/apache-tomcat-9.0.97/webapps/ROOT] has finished in [465] ms
13-Dec-2024 16:07:49.811 INFORMACIÓN [main] org.apache.catalina.startup.HostConfig.deployDirectory Desplegando el directorio [/Users/mariapaz/GeneradorFacturasMasivas/apache-tomcat-9.0.97/webapps/host-manager] de la aplicación web
13-Dec-2024 16:07:50.343 INFORMACIÓN [main] org.apache.jasper.servlet.TldScanner.scanJars Al menos un JAR, que se ha explorado buscando TLDs, aún no contenía TLDs. Activar historial de depuración para este historiador para una completa lista de los JARs que fueron explorados y de los que nos se halló TLDs. Saltarse JARs no necesarios durante la exploración puede dar lugar a una mejora de tiempo significativa en el arranque y compilación de JSP .
13-Dec-2024 16:07:50.349 INFORMACIÓN [main] org.apache.catalina.startup.HostConfig.deployDirectory Deployment of web application directory [/Users/mariapaz/GeneradorFacturasMasivas/apache-tomcat-9.0.97/webapps/host-manager] has finished in [537] ms
13-Dec-2024 16:07:50.364 INFORMACIÓN [main] org.apache.coyote.AbstractProtocol.start Starting ProtocolHandler ["http-nio-8081"]
13-Dec-2024 16:07:50.387 INFORMACIÓN [main] org.apache.catalina.startup.Catalina.start Server startup in [261520] milliseconds
13-Dec-2024 16:07:50.391 GRAVE [main] org.apache.catalina.core.StandardServer.await Failed to create server shutdown socket on address [localhost] and port [8010] (base port [8010] and offset [0])
	java.net.BindException: Address already in use
		at java.base/sun.nio.ch.Net.bind0(Native Method)
		at java.base/sun.nio.ch.Net.bind(Net.java:555)
		at java.base/sun.nio.ch.Net.bind(Net.java:544)
		at java.base/sun.nio.ch.NioSocketImpl.bind(NioSocketImpl.java:648)
		at java.base/java.net.ServerSocket.bind(ServerSocket.java:388)
		at java.base/java.net.ServerSocket.<init>(ServerSocket.java:274)
		at org.apache.catalina.core.StandardServer.await(StandardServer.java:537)
		at org.apache.catalina.startup.Catalina.await(Catalina.java:825)
		at org.apache.catalina.startup.Catalina.start(Catalina.java:773)
		at java.base/jdk.internal.reflect.NativeMethodAccessorImpl.invoke0(Native Method)
		at java.base/jdk.internal.reflect.NativeMethodAccessorImpl.invoke(NativeMethodAccessorImpl.java:77)
		at java.base/jdk.internal.reflect.DelegatingMethodAccessorImpl.invoke(DelegatingMethodAccessorImpl.java:43)
		at java.base/java.lang.reflect.Method.invoke(Method.java:568)
		at org.apache.catalina.startup.Bootstrap.start(Bootstrap.java:345)
		at org.apache.catalina.startup.Bootstrap.main(Bootstrap.java:473)
13-Dec-2024 16:07:50.394 INFORMACIÓN [main] org.apache.coyote.AbstractProtocol.pause Pausing ProtocolHandler ["http-nio-8081"]
13-Dec-2024 16:07:50.400 INFORMACIÓN [main] org.apache.catalina.core.StandardService.stopInternal Parando servicio [Catalina]
13-Dec-2024 16:07:50.945 ADVERTENCIA [main] org.apache.catalina.loader.WebappClassLoaderBase.clearReferencesJdbc La aplicación web [reportserver] registró el conductor JDBC [com.microsoft.sqlserver.jdbc.SQLServerDriver] pero falló al anular el registro mientras la aplicación web estaba parada. Para prevenir un fallo de memoria, se ha anulado el registro del conductor JDBC por la fuerza.
13-Dec-2024 16:07:50.947 ADVERTENCIA [main] org.apache.catalina.loader.WebappClassLoaderBase.clearReferencesThreads The web application [reportserver] appears to have started a thread named [org.apache.commons.vfs2.cache.SoftRefFilesCache$ReleaseThread] but has failed to stop it. This is very likely to create a memory leak. Stack trace of thread:
 java.base@17.0.8.1/java.lang.Object.wait(Native Method)
 java.base@17.0.8.1/java.lang.ref.ReferenceQueue.remove(ReferenceQueue.java:155)
 org.apache.commons.vfs2.cache.SoftRefFilesCache$ReleaseThread.run(SoftRefFilesCache.java:54)
13-Dec-2024 16:07:50.947 ADVERTENCIA [main] org.apache.catalina.loader.WebappClassLoaderBase.clearReferencesThreads The web application [reportserver] appears to have started a thread named [C3P0PooledConnectionPoolManager[identityToken->z8kfltb71hs8rjhjk71rx|16de2582]-AdminTaskTimer] but has failed to stop it. This is very likely to create a memory leak. Stack trace of thread:
 java.base@17.0.8.1/java.lang.Object.wait(Native Method)
 java.base@17.0.8.1/java.util.TimerThread.mainLoop(Timer.java:563)
 java.base@17.0.8.1/java.util.TimerThread.run(Timer.java:516)
13-Dec-2024 16:07:50.948 ADVERTENCIA [main] org.apache.catalina.loader.WebappClassLoaderBase.clearReferencesThreads The web application [reportserver] appears to have started a thread named [C3P0PooledConnectionPoolManager[identityToken->z8kfltb71hs8rjhjk71rx|16de2582]-HelperThread-#0] but has failed to stop it. This is very likely to create a memory leak. Stack trace of thread:
 java.base@17.0.8.1/java.lang.Object.wait(Native Method)
 com.mchange.v2.async.ThreadPoolAsynchronousRunner$PoolThread.run(ThreadPoolAsynchronousRunner.java:683)
13-Dec-2024 16:07:50.960 ADVERTENCIA [main] org.apache.catalina.loader.WebappClassLoaderBase.clearReferencesThreads The web application [reportserver] appears to have started a thread named [C3P0PooledConnectionPoolManager[identityToken->z8kfltb71hs8rjhjk71rx|16de2582]-HelperThread-#1] but has failed to stop it. This is very likely to create a memory leak. Stack trace of thread:
 java.base@17.0.8.1/java.lang.Object.wait(Native Method)
 com.mchange.v2.async.ThreadPoolAsynchronousRunner$PoolThread.run(ThreadPoolAsynchronousRunner.java:683)
13-Dec-2024 16:07:50.963 ADVERTENCIA [main] org.apache.catalina.loader.WebappClassLoaderBase.clearReferencesThreads The web application [reportserver] appears to have started a thread named [C3P0PooledConnectionPoolManager[identityToken->z8kfltb71hs8rjhjk71rx|16de2582]-HelperThread-#2] but has failed to stop it. This is very likely to create a memory leak. Stack trace of thread:
 java.base@17.0.8.1/java.lang.Object.wait(Native Method)
 com.mchange.v2.async.ThreadPoolAsynchronousRunner$PoolThread.run(ThreadPoolAsynchronousRunner.java:683)
13-Dec-2024 16:07:50.964 ADVERTENCIA [main] org.apache.catalina.loader.WebappClassLoaderBase.clearReferencesThreads The web application [reportserver] appears to have started a thread named [dwdaemon-JpaEventLoggerServiceImpl-1] but has failed to stop it. This is very likely to create a memory leak. Stack trace of thread:
 java.base@17.0.8.1/java.lang.Thread.sleep(Native Method)
 net.datenwerke.rs.utils.daemon.DwDaemonImpl.run(DwDaemonImpl.java:52)
 java.base@17.0.8.1/java.lang.Thread.run(Thread.java:833)
13-Dec-2024 16:07:50.973 ADVERTENCIA [main] org.apache.catalina.loader.WebappClassLoaderBase.clearReferencesThreads The web application [reportserver] appears to have started a thread named [dwdaemon-watchdog-JpaEventLoggerServiceImpl] but has failed to stop it. This is very likely to create a memory leak. Stack trace of thread:
 java.base@17.0.8.1/java.lang.Thread.sleep(Native Method)
 net.datenwerke.rs.utils.daemon.DwDaemonWatchdog.run(DwDaemonWatchdog.java:30)
 java.base@17.0.8.1/java.lang.Thread.run(Thread.java:833)
13-Dec-2024 16:07:50.974 ADVERTENCIA [main] org.apache.catalina.loader.WebappClassLoaderBase.clearReferencesThreads The web application [reportserver] appears to have started a thread named [Thread-21] but has failed to stop it. This is very likely to create a memory leak. Stack trace of thread:
 java.base@17.0.8.1/sun.nio.ch.KQueue.poll(Native Method)
 java.base@17.0.8.1/sun.nio.ch.KQueuePort$EventHandlerTask.poll(KQueuePort.java:200)
 java.base@17.0.8.1/sun.nio.ch.KQueuePort$EventHandlerTask.run(KQueuePort.java:287)
 java.base@17.0.8.1/java.lang.Thread.run(Thread.java:833)
13-Dec-2024 16:07:50.975 ADVERTENCIA [main] org.apache.catalina.loader.WebappClassLoaderBase.clearReferencesThreads The web application [reportserver] appears to have started a thread named [sshd-SshServer[1908f56c](port=8022)-timer-thread-1] but has failed to stop it. This is very likely to create a memory leak. Stack trace of thread:
 java.base@17.0.8.1/jdk.internal.misc.Unsafe.park(Native Method)
 java.base@17.0.8.1/java.util.concurrent.locks.LockSupport.parkNanos(LockSupport.java:252)
 java.base@17.0.8.1/java.util.concurrent.locks.AbstractQueuedSynchronizer$ConditionObject.awaitNanos(AbstractQueuedSynchronizer.java:1672)
 java.base@17.0.8.1/java.util.concurrent.ScheduledThreadPoolExecutor$DelayedWorkQueue.take(ScheduledThreadPoolExecutor.java:1182)
 java.base@17.0.8.1/java.util.concurrent.ScheduledThreadPoolExecutor$DelayedWorkQueue.take(ScheduledThreadPoolExecutor.java:899)
 java.base@17.0.8.1/java.util.concurrent.ThreadPoolExecutor.getTask(ThreadPoolExecutor.java:1062)
 java.base@17.0.8.1/java.util.concurrent.ThreadPoolExecutor.runWorker(ThreadPoolExecutor.java:1122)
 java.base@17.0.8.1/java.util.concurrent.ThreadPoolExecutor$Worker.run(ThreadPoolExecutor.java:635)
 java.base@17.0.8.1/java.lang.Thread.run(Thread.java:833)
13-Dec-2024 16:07:50.983 ADVERTENCIA [main] org.apache.catalina.loader.WebappClassLoaderBase.clearReferencesThreads The web application [reportserver] appears to have started a thread named [dwdaemon-MaintenanceServiceImpl-1] but has failed to stop it. This is very likely to create a memory leak. Stack trace of thread:
 java.base@17.0.8.1/java.lang.Thread.sleep(Native Method)
 net.datenwerke.rs.utils.daemon.DwDaemonImpl.run(DwDaemonImpl.java:52)
 java.base@17.0.8.1/java.lang.Thread.run(Thread.java:833)
13-Dec-2024 16:07:50.984 ADVERTENCIA [main] org.apache.catalina.loader.WebappClassLoaderBase.clearReferencesThreads The web application [reportserver] appears to have started a thread named [dwdaemon-watchdog-MaintenanceServiceImpl] but has failed to stop it. This is very likely to create a memory leak. Stack trace of thread:
 java.base@17.0.8.1/java.lang.Thread.sleep(Native Method)
 net.datenwerke.rs.utils.daemon.DwDaemonWatchdog.run(DwDaemonWatchdog.java:30)
 java.base@17.0.8.1/java.lang.Thread.run(Thread.java:833)
13-Dec-2024 16:07:50.988 ADVERTENCIA [main] org.apache.catalina.loader.WebappClassLoaderBase.clearReferencesThreads The web application [reportserver] appears to have started a thread named [Thread-10] but has failed to stop it. This is very likely to create a memory leak. Stack trace of thread:
 java.base@17.0.8.1/java.lang.Thread.sleep(Native Method)
 net.datenwerke.rs.scheduler.service.scheduler.RsSchedulerStartup.lambda$0(RsSchedulerStartup.java:115)
 net.datenwerke.rs.scheduler.service.scheduler.RsSchedulerStartup$$Lambda$795/0x0000000221c11668.run(Unknown Source)
 java.base@17.0.8.1/java.lang.Thread.run(Thread.java:833)
13-Dec-2024 16:07:50.989 GRAVE [main] org.apache.catalina.loader.WebappClassLoaderBase.checkThreadLocalMapForLeaks La aplicación web [reportserver] creó un ThreadLocal con clave del tipo [java.lang.ThreadLocal] (valor [java.lang.ThreadLocal@12540d51]) y un valor del tipo [org.hibernate.internal.SessionImpl] (valor [SessionImpl(1234954406<closed>)]) pero no pudo quitarlo cuando la aplicación web se paró. Los hilos se van a renovar con el tiempo para intentar evitar in posible fallo de memoria.
13-Dec-2024 16:07:50.990 GRAVE [main] org.apache.catalina.loader.WebappClassLoaderBase.checkThreadLocalMapForLeaks La aplicación web [reportserver] creó un ThreadLocal con clave del tipo [java.lang.ThreadLocal] (valor [java.lang.ThreadLocal@12540d51]) y un valor del tipo [org.hibernate.internal.SessionImpl] (valor [SessionImpl(1240285558<closed>)]) pero no pudo quitarlo cuando la aplicación web se paró. Los hilos se van a renovar con el tiempo para intentar evitar in posible fallo de memoria.
13-Dec-2024 16:07:51.020 INFORMACIÓN [main] org.apache.coyote.AbstractProtocol.stop Stopping ProtocolHandler ["http-nio-8081"]
13-Dec-2024 16:07:51.029 INFORMACIÓN [main] org.apache.coyote.AbstractProtocol.destroy Destroying ProtocolHandler ["http-nio-8081"]
13-Dec-2024 16:09:54.645 INFORMACIÓN [main] org.apache.catalina.core.StandardServer.await Se ha recibido un comando de apagado a través del puerto de apagado. Parando la instancia del Servidor.
13-Dec-2024 16:09:54.646 INFORMACIÓN [main] org.apache.coyote.AbstractProtocol.pause Pausing ProtocolHandler ["http-nio-8081"]
13-Dec-2024 16:09:54.646 INFORMACIÓN [main] org.apache.catalina.core.StandardService.stopInternal Parando servicio [Catalina]
13-Dec-2024 16:09:55.239 ADVERTENCIA [main] org.apache.catalina.loader.WebappClassLoaderBase.clearReferencesJdbc La aplicación web [reportserver] registró el conductor JDBC [com.microsoft.sqlserver.jdbc.SQLServerDriver] pero falló al anular el registro mientras la aplicación web estaba parada. Para prevenir un fallo de memoria, se ha anulado el registro del conductor JDBC por la fuerza.
13-Dec-2024 16:09:55.242 ADVERTENCIA [main] org.apache.catalina.loader.WebappClassLoaderBase.clearReferencesThreads The web application [reportserver] appears to have started a thread named [org.apache.commons.vfs2.cache.SoftRefFilesCache$ReleaseThread] but has failed to stop it. This is very likely to create a memory leak. Stack trace of thread:
 java.base@17.0.8.1/java.lang.Object.wait(Native Method)
 java.base@17.0.8.1/java.lang.ref.ReferenceQueue.remove(ReferenceQueue.java:155)
 org.apache.commons.vfs2.cache.SoftRefFilesCache$ReleaseThread.run(SoftRefFilesCache.java:54)
13-Dec-2024 16:09:55.244 ADVERTENCIA [main] org.apache.catalina.loader.WebappClassLoaderBase.clearReferencesThreads The web application [reportserver] appears to have started a thread named [C3P0PooledConnectionPoolManager[identityToken->z8kfltb71hs5l6k1fy53gx|755a3f5]-AdminTaskTimer] but has failed to stop it. This is very likely to create a memory leak. Stack trace of thread:
 java.base@17.0.8.1/java.lang.Object.wait(Native Method)
 java.base@17.0.8.1/java.util.TimerThread.mainLoop(Timer.java:563)
 java.base@17.0.8.1/java.util.TimerThread.run(Timer.java:516)
13-Dec-2024 16:09:55.256 ADVERTENCIA [main] org.apache.catalina.loader.WebappClassLoaderBase.clearReferencesThreads The web application [reportserver] appears to have started a thread named [C3P0PooledConnectionPoolManager[identityToken->z8kfltb71hs5l6k1fy53gx|755a3f5]-HelperThread-#0] but has failed to stop it. This is very likely to create a memory leak. Stack trace of thread:
 java.base@17.0.8.1/java.lang.Object.wait(Native Method)
 com.mchange.v2.async.ThreadPoolAsynchronousRunner$PoolThread.run(ThreadPoolAsynchronousRunner.java:683)
13-Dec-2024 16:09:55.268 ADVERTENCIA [main] org.apache.catalina.loader.WebappClassLoaderBase.clearReferencesThreads The web application [reportserver] appears to have started a thread named [C3P0PooledConnectionPoolManager[identityToken->z8kfltb71hs5l6k1fy53gx|755a3f5]-HelperThread-#1] but has failed to stop it. This is very likely to create a memory leak. Stack trace of thread:
 java.base@17.0.8.1/java.lang.Object.wait(Native Method)
 com.mchange.v2.async.ThreadPoolAsynchronousRunner$PoolThread.run(ThreadPoolAsynchronousRunner.java:683)
13-Dec-2024 16:09:55.269 ADVERTENCIA [main] org.apache.catalina.loader.WebappClassLoaderBase.clearReferencesThreads The web application [reportserver] appears to have started a thread named [C3P0PooledConnectionPoolManager[identityToken->z8kfltb71hs5l6k1fy53gx|755a3f5]-HelperThread-#2] but has failed to stop it. This is very likely to create a memory leak. Stack trace of thread:
 java.base@17.0.8.1/java.lang.Object.wait(Native Method)
 com.mchange.v2.async.ThreadPoolAsynchronousRunner$PoolThread.run(ThreadPoolAsynchronousRunner.java:683)
13-Dec-2024 16:09:55.270 ADVERTENCIA [main] org.apache.catalina.loader.WebappClassLoaderBase.clearReferencesThreads The web application [reportserver] appears to have started a thread named [dwdaemon-JpaEventLoggerServiceImpl-1] but has failed to stop it. This is very likely to create a memory leak. Stack trace of thread:
 java.base@17.0.8.1/java.lang.Thread.sleep(Native Method)
 net.datenwerke.rs.utils.daemon.DwDaemonImpl.run(DwDaemonImpl.java:52)
 java.base@17.0.8.1/java.lang.Thread.run(Thread.java:833)
13-Dec-2024 16:09:55.271 ADVERTENCIA [main] org.apache.catalina.loader.WebappClassLoaderBase.clearReferencesThreads The web application [reportserver] appears to have started a thread named [dwdaemon-watchdog-JpaEventLoggerServiceImpl] but has failed to stop it. This is very likely to create a memory leak. Stack trace of thread:
 java.base@17.0.8.1/java.lang.Thread.sleep(Native Method)
 net.datenwerke.rs.utils.daemon.DwDaemonWatchdog.run(DwDaemonWatchdog.java:30)
 java.base@17.0.8.1/java.lang.Thread.run(Thread.java:833)
13-Dec-2024 16:09:55.271 ADVERTENCIA [main] org.apache.catalina.loader.WebappClassLoaderBase.clearReferencesThreads The web application [reportserver] appears to have started a thread named [Thread-21] but has failed to stop it. This is very likely to create a memory leak. Stack trace of thread:
 java.base@17.0.8.1/sun.nio.ch.KQueue.poll(Native Method)
 java.base@17.0.8.1/sun.nio.ch.KQueuePort$EventHandlerTask.poll(KQueuePort.java:200)
 java.base@17.0.8.1/sun.nio.ch.KQueuePort$EventHandlerTask.run(KQueuePort.java:287)
 java.base@17.0.8.1/java.lang.Thread.run(Thread.java:833)
13-Dec-2024 16:09:55.272 ADVERTENCIA [main] org.apache.catalina.loader.WebappClassLoaderBase.clearReferencesThreads The web application [reportserver] appears to have started a thread named [sshd-SshServer[44835357](port=8022)-timer-thread-1] but has failed to stop it. This is very likely to create a memory leak. Stack trace of thread:
 java.base@17.0.8.1/jdk.internal.misc.Unsafe.park(Native Method)
 java.base@17.0.8.1/java.util.concurrent.locks.LockSupport.parkNanos(LockSupport.java:252)
 java.base@17.0.8.1/java.util.concurrent.locks.AbstractQueuedSynchronizer$ConditionObject.awaitNanos(AbstractQueuedSynchronizer.java:1672)
 java.base@17.0.8.1/java.util.concurrent.ScheduledThreadPoolExecutor$DelayedWorkQueue.take(ScheduledThreadPoolExecutor.java:1182)
 java.base@17.0.8.1/java.util.concurrent.ScheduledThreadPoolExecutor$DelayedWorkQueue.take(ScheduledThreadPoolExecutor.java:899)
 java.base@17.0.8.1/java.util.concurrent.ThreadPoolExecutor.getTask(ThreadPoolExecutor.java:1062)
 java.base@17.0.8.1/java.util.concurrent.ThreadPoolExecutor.runWorker(ThreadPoolExecutor.java:1122)
 java.base@17.0.8.1/java.util.concurrent.ThreadPoolExecutor$Worker.run(ThreadPoolExecutor.java:635)
 java.base@17.0.8.1/java.lang.Thread.run(Thread.java:833)
13-Dec-2024 16:09:55.273 ADVERTENCIA [main] org.apache.catalina.loader.WebappClassLoaderBase.clearReferencesThreads The web application [reportserver] appears to have started a thread named [dwdaemon-MaintenanceServiceImpl-1] but has failed to stop it. This is very likely to create a memory leak. Stack trace of thread:
 java.base@17.0.8.1/java.lang.Thread.sleep(Native Method)
 net.datenwerke.rs.utils.daemon.DwDaemonImpl.run(DwDaemonImpl.java:52)
 java.base@17.0.8.1/java.lang.Thread.run(Thread.java:833)
13-Dec-2024 16:09:55.274 ADVERTENCIA [main] org.apache.catalina.loader.WebappClassLoaderBase.clearReferencesThreads The web application [reportserver] appears to have started a thread named [dwdaemon-watchdog-MaintenanceServiceImpl] but has failed to stop it. This is very likely to create a memory leak. Stack trace of thread:
 java.base@17.0.8.1/java.lang.Thread.sleep(Native Method)
 net.datenwerke.rs.utils.daemon.DwDaemonWatchdog.run(DwDaemonWatchdog.java:30)
 java.base@17.0.8.1/java.lang.Thread.run(Thread.java:833)
13-Dec-2024 16:09:55.275 ADVERTENCIA [main] org.apache.catalina.loader.WebappClassLoaderBase.clearReferencesThreads The web application [reportserver] appears to have started a thread named [scheduler-watchdog] but has failed to stop it. This is very likely to create a memory leak. Stack trace of thread:
 java.base@17.0.8.1/java.lang.Thread.sleep(Native Method)
 net.datenwerke.scheduler.service.scheduler.SchedulerWatchdog.run(SchedulerWatchdog.java:32)
 java.base@17.0.8.1/java.lang.Thread.run(Thread.java:833)
13-Dec-2024 16:09:55.275 GRAVE [main] org.apache.catalina.loader.WebappClassLoaderBase.checkThreadLocalMapForLeaks La aplicación web [reportserver] creó un ThreadLocal con clave del tipo [java.lang.ThreadLocal] (valor [java.lang.ThreadLocal@f6febb4]) y un valor del tipo [org.hibernate.internal.SessionImpl] (valor [SessionImpl(1099316917<closed>)]) pero no pudo quitarlo cuando la aplicación web se paró. Los hilos se van a renovar con el tiempo para intentar evitar in posible fallo de memoria.
13-Dec-2024 16:09:55.337 INFORMACIÓN [main] org.apache.coyote.AbstractProtocol.stop Stopping ProtocolHandler ["http-nio-8081"]
13-Dec-2024 16:09:55.347 INFORMACIÓN [main] org.apache.coyote.AbstractProtocol.destroy Destroying ProtocolHandler ["http-nio-8081"]
13-Dec-2024 16:09:56.623 INFORMACIÓN [main] org.apache.catalina.startup.VersionLoggerListener.log Nombre de la versión del servidor: Apache Tomcat/9.0.97
13-Dec-2024 16:09:56.664 INFORMACIÓN [main] org.apache.catalina.startup.VersionLoggerListener.log Server built:                      Nov 6 2024 19:55:19 UTC
13-Dec-2024 16:09:56.665 INFORMACIÓN [main] org.apache.catalina.startup.VersionLoggerListener.log Número de versión de servidor:     9.0.97.0
13-Dec-2024 16:09:56.665 INFORMACIÓN [main] org.apache.catalina.startup.VersionLoggerListener.log OS Name:                           Mac OS X
13-Dec-2024 16:09:56.665 INFORMACIÓN [main] org.apache.catalina.startup.VersionLoggerListener.log Versión de Systema Operativo:      13.6.4
13-Dec-2024 16:09:56.666 INFORMACIÓN [main] org.apache.catalina.startup.VersionLoggerListener.log Arquitectura:                      x86_64
13-Dec-2024 16:09:56.666 INFORMACIÓN [main] org.apache.catalina.startup.VersionLoggerListener.log Java Home:                         /Users/mariapaz/.sdkman/candidates/java/17.0.8.1-tem
13-Dec-2024 16:09:56.666 INFORMACIÓN [main] org.apache.catalina.startup.VersionLoggerListener.log JVM Version:                       17.0.8.1+1
13-Dec-2024 16:09:56.666 INFORMACIÓN [main] org.apache.catalina.startup.VersionLoggerListener.log Vededor JVM:                       Eclipse Adoptium
13-Dec-2024 16:09:56.667 INFORMACIÓN [main] org.apache.catalina.startup.VersionLoggerListener.log CATALINA_BASE:                     /Users/mariapaz/GeneradorFacturasMasivas/apache-tomcat-9.0.97
13-Dec-2024 16:09:56.667 INFORMACIÓN [main] org.apache.catalina.startup.VersionLoggerListener.log CATALINA_HOME:                     /Users/mariapaz/GeneradorFacturasMasivas/apache-tomcat-9.0.97
13-Dec-2024 16:09:56.669 INFORMACIÓN [main] org.apache.catalina.startup.VersionLoggerListener.log Command line argument:             --add-opens=java.base/java.lang=ALL-UNNAMED
13-Dec-2024 16:09:56.670 INFORMACIÓN [main] org.apache.catalina.startup.VersionLoggerListener.log Command line argument:             --add-opens=java.base/java.io=ALL-UNNAMED
13-Dec-2024 16:09:56.670 INFORMACIÓN [main] org.apache.catalina.startup.VersionLoggerListener.log Command line argument:             --add-opens=java.base/java.util=ALL-UNNAMED
13-Dec-2024 16:09:56.670 INFORMACIÓN [main] org.apache.catalina.startup.VersionLoggerListener.log Command line argument:             --add-opens=java.base/java.util.concurrent=ALL-UNNAMED
13-Dec-2024 16:09:56.670 INFORMACIÓN [main] org.apache.catalina.startup.VersionLoggerListener.log Command line argument:             --add-opens=java.rmi/sun.rmi.transport=ALL-UNNAMED
13-Dec-2024 16:09:56.671 INFORMACIÓN [main] org.apache.catalina.startup.VersionLoggerListener.log Command line argument:             -Djava.util.logging.config.file=/Users/mariapaz/GeneradorFacturasMasivas/apache-tomcat-9.0.97/conf/logging.properties
13-Dec-2024 16:09:56.671 INFORMACIÓN [main] org.apache.catalina.startup.VersionLoggerListener.log Command line argument:             -Djava.util.logging.manager=org.apache.juli.ClassLoaderLogManager
13-Dec-2024 16:09:56.671 INFORMACIÓN [main] org.apache.catalina.startup.VersionLoggerListener.log Command line argument:             -Djava.security.egd=file:/dev/urandom
13-Dec-2024 16:09:56.671 INFORMACIÓN [main] org.apache.catalina.startup.VersionLoggerListener.log Command line argument:             -Djdk.tls.ephemeralDHKeySize=2048
13-Dec-2024 16:09:56.671 INFORMACIÓN [main] org.apache.catalina.startup.VersionLoggerListener.log Command line argument:             -Djava.protocol.handler.pkgs=org.apache.catalina.webresources
13-Dec-2024 16:09:56.672 INFORMACIÓN [main] org.apache.catalina.startup.VersionLoggerListener.log Command line argument:             -Dorg.apache.catalina.security.SecurityListener.UMASK=0027
13-Dec-2024 16:09:56.672 INFORMACIÓN [main] org.apache.catalina.startup.VersionLoggerListener.log Command line argument:             -Drs.configdir=/Users/mariapaz/GeneradorFacturasMasivas/apache-tomcat-9.0.97/webapps/reportserver/WEB-INF
13-Dec-2024 16:09:56.673 INFORMACIÓN [main] org.apache.catalina.startup.VersionLoggerListener.log Command line argument:             -Xmx4096M
13-Dec-2024 16:09:56.673 INFORMACIÓN [main] org.apache.catalina.startup.VersionLoggerListener.log Command line argument:             -Dfile.encoding=UTF8
13-Dec-2024 16:09:56.673 INFORMACIÓN [main] org.apache.catalina.startup.VersionLoggerListener.log Command line argument:             --add-opens=java.base/java.net=ALL-UNNAMED
13-Dec-2024 16:09:56.674 INFORMACIÓN [main] org.apache.catalina.startup.VersionLoggerListener.log Command line argument:             --add-opens=java.base/jdk.internal.ref=ALL-UNNAMED
13-Dec-2024 16:09:56.674 INFORMACIÓN [main] org.apache.catalina.startup.VersionLoggerListener.log Command line argument:             --add-opens=java.base/jdk.internal.reflect=ALL-UNNAMED
13-Dec-2024 16:09:56.674 INFORMACIÓN [main] org.apache.catalina.startup.VersionLoggerListener.log Command line argument:             --add-opens=java.base/java.lang.invoke=ALL-UNNAMED
13-Dec-2024 16:09:56.674 INFORMACIÓN [main] org.apache.catalina.startup.VersionLoggerListener.log Command line argument:             --add-opens=java.base/java.util=ALL-UNNAMED
13-Dec-2024 16:09:56.675 INFORMACIÓN [main] org.apache.catalina.startup.VersionLoggerListener.log Command line argument:             --add-opens=java.base/java.lang.ref=ALL-UNNAMED
13-Dec-2024 16:09:56.675 INFORMACIÓN [main] org.apache.catalina.startup.VersionLoggerListener.log Command line argument:             --add-opens=java.base/java.lang.reflect=ALL-UNNAMED
13-Dec-2024 16:09:56.675 INFORMACIÓN [main] org.apache.catalina.startup.VersionLoggerListener.log Command line argument:             --add-opens=java.base/sun.reflect.generics.repository=ALL-UNNAMED
13-Dec-2024 16:09:56.676 INFORMACIÓN [main] org.apache.catalina.startup.VersionLoggerListener.log Command line argument:             -Dignore.endorsed.dirs=
13-Dec-2024 16:09:56.676 INFORMACIÓN [main] org.apache.catalina.startup.VersionLoggerListener.log Command line argument:             -Dcatalina.base=/Users/mariapaz/GeneradorFacturasMasivas/apache-tomcat-9.0.97
13-Dec-2024 16:09:56.676 INFORMACIÓN [main] org.apache.catalina.startup.VersionLoggerListener.log Command line argument:             -Dcatalina.home=/Users/mariapaz/GeneradorFacturasMasivas/apache-tomcat-9.0.97
13-Dec-2024 16:09:56.676 INFORMACIÓN [main] org.apache.catalina.startup.VersionLoggerListener.log Command line argument:             -Djava.io.tmpdir=/Users/mariapaz/GeneradorFacturasMasivas/apache-tomcat-9.0.97/temp
13-Dec-2024 16:09:56.703 INFORMACIÓN [main] org.apache.catalina.core.AprLifecycleListener.lifecycleEvent La biblioteca nativa de Apache Tomcat basada en ARP que permite un rendimiento óptimo en entornos de desarrollo no ha sido hallada en java.library.path: [/Users/mariapaz/Library/Java/Extensions:/Library/Java/Extensions:/Network/Library/Java/Extensions:/System/Library/Java/Extensions:/usr/lib/java:.]
13-Dec-2024 16:10:00.628 INFORMACIÓN [main] org.apache.coyote.AbstractProtocol.init Inicializando el manejador de protocolo ["http-nio-8081"]

13-Dec-2024 16:10:00.840 INFORMACIÓN [main] org.apache.catalina.startup.Catalina.load Server initialization in [5150] milliseconds
13-Dec-2024 16:10:01.136 INFORMACIÓN [main] org.apache.catalina.core.StandardService.startInternal Arrancando servicio [Catalina]
13-Dec-2024 16:10:01.136 INFORMACIÓN [main] org.apache.catalina.core.StandardEngine.startInternal Starting Servlet engine: [Apache Tomcat/9.0.97]
13-Dec-2024 16:10:30.739 INFORMACIÓN [main] org.apache.jasper.servlet.TldScanner.scanJars Al menos un JAR, que se ha explorado buscando TLDs, aún no contenía TLDs. Activar historial de depuración para este historiador para una completa lista de los JARs que fueron explorados y de los que nos se halló TLDs. Saltarse JARs no necesarios durante la exploración puede dar lugar a una mejora de tiempo significativa en el arranque y compilación de JSP .
13-Dec-2024 16:12:02.585 INFORMACIÓN [main] org.apache.catalina.startup.HostConfig.deployDirectory Desplegando el directorio [/Users/mariapaz/GeneradorFacturasMasivas/apache-tomcat-9.0.97/webapps/docs] de la aplicación web
13-Dec-2024 16:12:03.285 INFORMACIÓN [main] org.apache.jasper.servlet.TldScanner.scanJars Al menos un JAR, que se ha explorado buscando TLDs, aún no contenía TLDs. Activar historial de depuración para este historiador para una completa lista de los JARs que fueron explorados y de los que nos se halló TLDs. Saltarse JARs no necesarios durante la exploración puede dar lugar a una mejora de tiempo significativa en el arranque y compilación de JSP .
13-Dec-2024 16:12:03.292 INFORMACIÓN [main] org.apache.catalina.startup.HostConfig.deployDirectory Deployment of web application directory [/Users/mariapaz/GeneradorFacturasMasivas/apache-tomcat-9.0.97/webapps/docs] has finished in [706] ms
13-Dec-2024 16:12:03.293 INFORMACIÓN [main] org.apache.catalina.startup.HostConfig.deployDirectory Desplegando el directorio [/Users/mariapaz/GeneradorFacturasMasivas/apache-tomcat-9.0.97/webapps/manager] de la aplicación web
13-Dec-2024 16:12:04.029 INFORMACIÓN [main] org.apache.jasper.servlet.TldScanner.scanJars Al menos un JAR, que se ha explorado buscando TLDs, aún no contenía TLDs. Activar historial de depuración para este historiador para una completa lista de los JARs que fueron explorados y de los que nos se halló TLDs. Saltarse JARs no necesarios durante la exploración puede dar lugar a una mejora de tiempo significativa en el arranque y compilación de JSP .
13-Dec-2024 16:12:04.076 INFORMACIÓN [main] org.apache.catalina.startup.HostConfig.deployDirectory Deployment of web application directory [/Users/mariapaz/GeneradorFacturasMasivas/apache-tomcat-9.0.97/webapps/manager] has finished in [783] ms
13-Dec-2024 16:12:04.076 INFORMACIÓN [main] org.apache.catalina.startup.HostConfig.deployDirectory Desplegando el directorio [/Users/mariapaz/GeneradorFacturasMasivas/apache-tomcat-9.0.97/webapps/examples] de la aplicación web
13-Dec-2024 16:12:05.211 INFORMACIÓN [main] org.apache.jasper.servlet.TldScanner.scanJars Al menos un JAR, que se ha explorado buscando TLDs, aún no contenía TLDs. Activar historial de depuración para este historiador para una completa lista de los JARs que fueron explorados y de los que nos se halló TLDs. Saltarse JARs no necesarios durante la exploración puede dar lugar a una mejora de tiempo significativa en el arranque y compilación de JSP .
13-Dec-2024 16:12:05.249 INFORMACIÓN [main] org.apache.catalina.startup.HostConfig.deployDirectory Deployment of web application directory [/Users/mariapaz/GeneradorFacturasMasivas/apache-tomcat-9.0.97/webapps/examples] has finished in [1.173] ms
13-Dec-2024 16:12:05.250 INFORMACIÓN [main] org.apache.catalina.startup.HostConfig.deployDirectory Desplegando el directorio [/Users/mariapaz/GeneradorFacturasMasivas/apache-tomcat-9.0.97/webapps/ROOT] de la aplicación web
13-Dec-2024 16:12:05.795 INFORMACIÓN [main] org.apache.jasper.servlet.TldScanner.scanJars Al menos un JAR, que se ha explorado buscando TLDs, aún no contenía TLDs. Activar historial de depuración para este historiador para una completa lista de los JARs que fueron explorados y de los que nos se halló TLDs. Saltarse JARs no necesarios durante la exploración puede dar lugar a una mejora de tiempo significativa en el arranque y compilación de JSP .
13-Dec-2024 16:12:05.799 INFORMACIÓN [main] org.apache.catalina.startup.HostConfig.deployDirectory Deployment of web application directory [/Users/mariapaz/GeneradorFacturasMasivas/apache-tomcat-9.0.97/webapps/ROOT] has finished in [548] ms
13-Dec-2024 16:12:05.799 INFORMACIÓN [main] org.apache.catalina.startup.HostConfig.deployDirectory Desplegando el directorio [/Users/mariapaz/GeneradorFacturasMasivas/apache-tomcat-9.0.97/webapps/host-manager] de la aplicación web
13-Dec-2024 16:12:06.303 INFORMACIÓN [main] org.apache.jasper.servlet.TldScanner.scanJars Al menos un JAR, que se ha explorado buscando TLDs, aún no contenía TLDs. Activar historial de depuración para este historiador para una completa lista de los JARs que fueron explorados y de los que nos se halló TLDs. Saltarse JARs no necesarios durante la exploración puede dar lugar a una mejora de tiempo significativa en el arranque y compilación de JSP .
13-Dec-2024 16:12:06.307 INFORMACIÓN [main] org.apache.catalina.startup.HostConfig.deployDirectory Deployment of web application directory [/Users/mariapaz/GeneradorFacturasMasivas/apache-tomcat-9.0.97/webapps/host-manager] has finished in [508] ms
13-Dec-2024 16:12:06.315 INFORMACIÓN [main] org.apache.coyote.AbstractProtocol.start Starting ProtocolHandler ["http-nio-8081"]
13-Dec-2024 16:12:06.332 INFORMACIÓN [main] org.apache.catalina.startup.Catalina.start Server startup in [125496] milliseconds
13-Dec-2024 16:15:40.857 INFORMACIÓN [main] org.apache.catalina.core.StandardServer.await Se ha recibido un comando de apagado a través del puerto de apagado. Parando la instancia del Servidor.
13-Dec-2024 16:15:40.860 INFORMACIÓN [main] org.apache.coyote.AbstractProtocol.pause Pausing ProtocolHandler ["http-nio-8081"]
13-Dec-2024 16:15:40.870 INFORMACIÓN [main] org.apache.catalina.core.StandardService.stopInternal Parando servicio [Catalina]
13-Dec-2024 16:15:44.538 INFORMACIÓN [main] org.apache.catalina.startup.VersionLoggerListener.log Nombre de la versión del servidor: Apache Tomcat/9.0.97
13-Dec-2024 16:15:44.563 INFORMACIÓN [main] org.apache.catalina.startup.VersionLoggerListener.log Server built:                      Nov 6 2024 19:55:19 UTC
13-Dec-2024 16:15:44.564 INFORMACIÓN [main] org.apache.catalina.startup.VersionLoggerListener.log Número de versión de servidor:     9.0.97.0
13-Dec-2024 16:15:44.564 INFORMACIÓN [main] org.apache.catalina.startup.VersionLoggerListener.log OS Name:                           Mac OS X
13-Dec-2024 16:15:44.564 INFORMACIÓN [main] org.apache.catalina.startup.VersionLoggerListener.log Versión de Systema Operativo:      13.6.4
13-Dec-2024 16:15:44.564 INFORMACIÓN [main] org.apache.catalina.startup.VersionLoggerListener.log Arquitectura:                      x86_64
13-Dec-2024 16:15:44.565 INFORMACIÓN [main] org.apache.catalina.startup.VersionLoggerListener.log Java Home:                         /Users/mariapaz/.sdkman/candidates/java/17.0.8.1-tem
13-Dec-2024 16:15:44.565 INFORMACIÓN [main] org.apache.catalina.startup.VersionLoggerListener.log JVM Version:                       17.0.8.1+1
13-Dec-2024 16:15:44.565 INFORMACIÓN [main] org.apache.catalina.startup.VersionLoggerListener.log Vededor JVM:                       Eclipse Adoptium
13-Dec-2024 16:15:44.565 INFORMACIÓN [main] org.apache.catalina.startup.VersionLoggerListener.log CATALINA_BASE:                     /Users/mariapaz/GeneradorFacturasMasivas/apache-tomcat-9.0.97
13-Dec-2024 16:15:44.566 INFORMACIÓN [main] org.apache.catalina.startup.VersionLoggerListener.log CATALINA_HOME:                     /Users/mariapaz/GeneradorFacturasMasivas/apache-tomcat-9.0.97
13-Dec-2024 16:15:44.581 INFORMACIÓN [main] org.apache.catalina.startup.VersionLoggerListener.log Command line argument:             --add-opens=java.base/java.lang=ALL-UNNAMED
13-Dec-2024 16:15:44.583 INFORMACIÓN [main] org.apache.catalina.startup.VersionLoggerListener.log Command line argument:             --add-opens=java.base/java.io=ALL-UNNAMED
13-Dec-2024 16:15:44.583 INFORMACIÓN [main] org.apache.catalina.startup.VersionLoggerListener.log Command line argument:             --add-opens=java.base/java.util=ALL-UNNAMED
13-Dec-2024 16:15:44.583 INFORMACIÓN [main] org.apache.catalina.startup.VersionLoggerListener.log Command line argument:             --add-opens=java.base/java.util.concurrent=ALL-UNNAMED
13-Dec-2024 16:15:44.584 INFORMACIÓN [main] org.apache.catalina.startup.VersionLoggerListener.log Command line argument:             --add-opens=java.rmi/sun.rmi.transport=ALL-UNNAMED
13-Dec-2024 16:15:44.584 INFORMACIÓN [main] org.apache.catalina.startup.VersionLoggerListener.log Command line argument:             -Djava.util.logging.config.file=/Users/mariapaz/GeneradorFacturasMasivas/apache-tomcat-9.0.97/conf/logging.properties
13-Dec-2024 16:15:44.584 INFORMACIÓN [main] org.apache.catalina.startup.VersionLoggerListener.log Command line argument:             -Djava.util.logging.manager=org.apache.juli.ClassLoaderLogManager
13-Dec-2024 16:15:44.585 INFORMACIÓN [main] org.apache.catalina.startup.VersionLoggerListener.log Command line argument:             -Djava.security.egd=file:/dev/urandom
13-Dec-2024 16:15:44.585 INFORMACIÓN [main] org.apache.catalina.startup.VersionLoggerListener.log Command line argument:             -Djdk.tls.ephemeralDHKeySize=2048
13-Dec-2024 16:15:44.585 INFORMACIÓN [main] org.apache.catalina.startup.VersionLoggerListener.log Command line argument:             -Djava.protocol.handler.pkgs=org.apache.catalina.webresources
13-Dec-2024 16:15:44.585 INFORMACIÓN [main] org.apache.catalina.startup.VersionLoggerListener.log Command line argument:             -Dorg.apache.catalina.security.SecurityListener.UMASK=0027
13-Dec-2024 16:15:44.585 INFORMACIÓN [main] org.apache.catalina.startup.VersionLoggerListener.log Command line argument:             -Drs.configdir=/Users/mariapaz/GeneradorFacturasMasivas/apache-tomcat-9.0.97/webapps/reportserver/WEB-INF
13-Dec-2024 16:15:44.586 INFORMACIÓN [main] org.apache.catalina.startup.VersionLoggerListener.log Command line argument:             -Xmx4096M
13-Dec-2024 16:15:44.586 INFORMACIÓN [main] org.apache.catalina.startup.VersionLoggerListener.log Command line argument:             -Dfile.encoding=UTF8
13-Dec-2024 16:15:44.589 INFORMACIÓN [main] org.apache.catalina.startup.VersionLoggerListener.log Command line argument:             --add-opens=java.base/java.net=ALL-UNNAMED
13-Dec-2024 16:15:44.589 INFORMACIÓN [main] org.apache.catalina.startup.VersionLoggerListener.log Command line argument:             --add-opens=java.base/jdk.internal.ref=ALL-UNNAMED
13-Dec-2024 16:15:44.589 INFORMACIÓN [main] org.apache.catalina.startup.VersionLoggerListener.log Command line argument:             --add-opens=java.base/jdk.internal.reflect=ALL-UNNAMED
13-Dec-2024 16:15:44.590 INFORMACIÓN [main] org.apache.catalina.startup.VersionLoggerListener.log Command line argument:             --add-opens=java.base/java.lang.invoke=ALL-UNNAMED
13-Dec-2024 16:15:44.590 INFORMACIÓN [main] org.apache.catalina.startup.VersionLoggerListener.log Command line argument:             --add-opens=java.base/java.util=ALL-UNNAMED
13-Dec-2024 16:15:44.590 INFORMACIÓN [main] org.apache.catalina.startup.VersionLoggerListener.log Command line argument:             --add-opens=java.base/java.lang.ref=ALL-UNNAMED
13-Dec-2024 16:15:44.590 INFORMACIÓN [main] org.apache.catalina.startup.VersionLoggerListener.log Command line argument:             --add-opens=java.base/java.lang.reflect=ALL-UNNAMED
13-Dec-2024 16:15:44.590 INFORMACIÓN [main] org.apache.catalina.startup.VersionLoggerListener.log Command line argument:             --add-opens=java.base/sun.reflect.generics.repository=ALL-UNNAMED
13-Dec-2024 16:15:44.591 INFORMACIÓN [main] org.apache.catalina.startup.VersionLoggerListener.log Command line argument:             -Dignore.endorsed.dirs=
13-Dec-2024 16:15:44.592 INFORMACIÓN [main] org.apache.catalina.startup.VersionLoggerListener.log Command line argument:             -Dcatalina.base=/Users/mariapaz/GeneradorFacturasMasivas/apache-tomcat-9.0.97
13-Dec-2024 16:15:44.592 INFORMACIÓN [main] org.apache.catalina.startup.VersionLoggerListener.log Command line argument:             -Dcatalina.home=/Users/mariapaz/GeneradorFacturasMasivas/apache-tomcat-9.0.97
13-Dec-2024 16:15:44.592 INFORMACIÓN [main] org.apache.catalina.startup.VersionLoggerListener.log Command line argument:             -Djava.io.tmpdir=/Users/mariapaz/GeneradorFacturasMasivas/apache-tomcat-9.0.97/temp
13-Dec-2024 16:15:44.643 INFORMACIÓN [main] org.apache.catalina.core.AprLifecycleListener.lifecycleEvent La biblioteca nativa de Apache Tomcat basada en ARP que permite un rendimiento óptimo en entornos de desarrollo no ha sido hallada en java.library.path: [/Users/mariapaz/Library/Java/Extensions:/Library/Java/Extensions:/Network/Library/Java/Extensions:/System/Library/Java/Extensions:/usr/lib/java:.]
13-Dec-2024 16:15:47.026 INFORMACIÓN [main] org.apache.coyote.AbstractProtocol.init Inicializando el manejador de protocolo ["http-nio-8081"]

13-Dec-2024 16:15:47.099 GRAVE [main] org.apache.catalina.util.LifecycleBase.handleSubClassException Fallo al iniciar el componente [Connector["http-nio-8081"]]
	org.apache.catalina.LifecycleException: Falló la inicialización del manejador de protocolo
		at org.apache.catalina.connector.Connector.initInternal(Connector.java:1027)
		at org.apache.catalina.util.LifecycleBase.init(LifecycleBase.java:122)
		at org.apache.catalina.core.StandardService.initInternal(StandardService.java:525)
		at org.apache.catalina.util.LifecycleBase.init(LifecycleBase.java:122)
		at org.apache.catalina.core.StandardServer.initInternal(StandardServer.java:986)
		at org.apache.catalina.util.LifecycleBase.init(LifecycleBase.java:122)
		at org.apache.catalina.startup.Catalina.load(Catalina.java:686)
		at org.apache.catalina.startup.Catalina.load(Catalina.java:709)
		at java.base/jdk.internal.reflect.NativeMethodAccessorImpl.invoke0(Native Method)
		at java.base/jdk.internal.reflect.NativeMethodAccessorImpl.invoke(NativeMethodAccessorImpl.java:77)
		at java.base/jdk.internal.reflect.DelegatingMethodAccessorImpl.invoke(DelegatingMethodAccessorImpl.java:43)
		at java.base/java.lang.reflect.Method.invoke(Method.java:568)
		at org.apache.catalina.startup.Bootstrap.load(Bootstrap.java:302)
		at org.apache.catalina.startup.Bootstrap.main(Bootstrap.java:472)
	Caused by: java.net.BindException: Address already in use
		at java.base/sun.nio.ch.Net.bind0(Native Method)
		at java.base/sun.nio.ch.Net.bind(Net.java:555)
		at java.base/sun.nio.ch.ServerSocketChannelImpl.netBind(ServerSocketChannelImpl.java:337)
		at java.base/sun.nio.ch.ServerSocketChannelImpl.bind(ServerSocketChannelImpl.java:294)
		at org.apache.tomcat.util.net.NioEndpoint.initServerSocket(NioEndpoint.java:268)
		at org.apache.tomcat.util.net.NioEndpoint.bind(NioEndpoint.java:223)
		at org.apache.tomcat.util.net.AbstractEndpoint.bindWithCleanup(AbstractEndpoint.java:1373)
		at org.apache.tomcat.util.net.AbstractEndpoint.init(AbstractEndpoint.java:1386)
		at org.apache.coyote.AbstractProtocol.init(AbstractProtocol.java:663)
		at org.apache.coyote.http11.AbstractHttp11Protocol.init(AbstractHttp11Protocol.java:80)
		at org.apache.catalina.connector.Connector.initInternal(Connector.java:1025)
		... 13 more
13-Dec-2024 16:15:47.105 INFORMACIÓN [main] org.apache.catalina.startup.Catalina.load Server initialization in [4348] milliseconds
13-Dec-2024 16:15:47.441 INFORMACIÓN [main] org.apache.catalina.core.StandardService.startInternal Arrancando servicio [Catalina]
13-Dec-2024 16:15:47.442 INFORMACIÓN [main] org.apache.catalina.core.StandardEngine.startInternal Starting Servlet engine: [Apache Tomcat/9.0.97]
13-Dec-2024 16:16:12.714 ADVERTENCIA [main] org.apache.catalina.loader.WebappClassLoaderBase.clearReferencesJdbc La aplicación web [reportserver] registró el conductor JDBC [com.microsoft.sqlserver.jdbc.SQLServerDriver] pero falló al anular el registro mientras la aplicación web estaba parada. Para prevenir un fallo de memoria, se ha anulado el registro del conductor JDBC por la fuerza.
13-Dec-2024 16:16:12.727 ADVERTENCIA [main] org.apache.catalina.loader.WebappClassLoaderBase.clearReferencesThreads The web application [reportserver] appears to have started a thread named [org.apache.commons.vfs2.cache.SoftRefFilesCache$ReleaseThread] but has failed to stop it. This is very likely to create a memory leak. Stack trace of thread:
 java.base@17.0.8.1/java.lang.Object.wait(Native Method)
 java.base@17.0.8.1/java.lang.ref.ReferenceQueue.remove(ReferenceQueue.java:155)
 org.apache.commons.vfs2.cache.SoftRefFilesCache$ReleaseThread.run(SoftRefFilesCache.java:54)
13-Dec-2024 16:16:12.742 ADVERTENCIA [main] org.apache.catalina.loader.WebappClassLoaderBase.clearReferencesThreads The web application [reportserver] appears to have started a thread named [C3P0PooledConnectionPoolManager[identityToken->z8kfltb71hsemmozyy4yk|426e6c94]-AdminTaskTimer] but has failed to stop it. This is very likely to create a memory leak. Stack trace of thread:
 java.base@17.0.8.1/java.lang.Object.wait(Native Method)
 java.base@17.0.8.1/java.util.TimerThread.mainLoop(Timer.java:563)
 java.base@17.0.8.1/java.util.TimerThread.run(Timer.java:516)
13-Dec-2024 16:16:12.743 ADVERTENCIA [main] org.apache.catalina.loader.WebappClassLoaderBase.clearReferencesThreads The web application [reportserver] appears to have started a thread named [C3P0PooledConnectionPoolManager[identityToken->z8kfltb71hsemmozyy4yk|426e6c94]-HelperThread-#0] but has failed to stop it. This is very likely to create a memory leak. Stack trace of thread:
 java.base@17.0.8.1/java.lang.Object.wait(Native Method)
 com.mchange.v2.async.ThreadPoolAsynchronousRunner$PoolThread.run(ThreadPoolAsynchronousRunner.java:683)
13-Dec-2024 16:16:12.755 ADVERTENCIA [main] org.apache.catalina.loader.WebappClassLoaderBase.clearReferencesThreads The web application [reportserver] appears to have started a thread named [C3P0PooledConnectionPoolManager[identityToken->z8kfltb71hsemmozyy4yk|426e6c94]-HelperThread-#1] but has failed to stop it. This is very likely to create a memory leak. Stack trace of thread:
 java.base@17.0.8.1/java.lang.Object.wait(Native Method)
 com.mchange.v2.async.ThreadPoolAsynchronousRunner$PoolThread.run(ThreadPoolAsynchronousRunner.java:683)
13-Dec-2024 16:16:12.777 ADVERTENCIA [main] org.apache.catalina.loader.WebappClassLoaderBase.clearReferencesThreads The web application [reportserver] appears to have started a thread named [C3P0PooledConnectionPoolManager[identityToken->z8kfltb71hsemmozyy4yk|426e6c94]-HelperThread-#2] but has failed to stop it. This is very likely to create a memory leak. Stack trace of thread:
 java.base@17.0.8.1/java.lang.Object.wait(Native Method)
 com.mchange.v2.async.ThreadPoolAsynchronousRunner$PoolThread.run(ThreadPoolAsynchronousRunner.java:683)
13-Dec-2024 16:16:12.778 ADVERTENCIA [main] org.apache.catalina.loader.WebappClassLoaderBase.clearReferencesThreads The web application [reportserver] appears to have started a thread named [dwdaemon-JpaEventLoggerServiceImpl-1] but has failed to stop it. This is very likely to create a memory leak. Stack trace of thread:
 java.base@17.0.8.1/java.lang.Thread.sleep(Native Method)
 net.datenwerke.rs.utils.daemon.DwDaemonImpl.run(DwDaemonImpl.java:52)
 java.base@17.0.8.1/java.lang.Thread.run(Thread.java:833)
13-Dec-2024 16:16:12.779 ADVERTENCIA [main] org.apache.catalina.loader.WebappClassLoaderBase.clearReferencesThreads The web application [reportserver] appears to have started a thread named [dwdaemon-watchdog-JpaEventLoggerServiceImpl] but has failed to stop it. This is very likely to create a memory leak. Stack trace of thread:
 java.base@17.0.8.1/java.lang.Thread.sleep(Native Method)
 net.datenwerke.rs.utils.daemon.DwDaemonWatchdog.run(DwDaemonWatchdog.java:30)
 java.base@17.0.8.1/java.lang.Thread.run(Thread.java:833)
13-Dec-2024 16:16:12.830 ADVERTENCIA [main] org.apache.catalina.loader.WebappClassLoaderBase.clearReferencesThreads The web application [reportserver] appears to have started a thread named [Thread-21] but has failed to stop it. This is very likely to create a memory leak. Stack trace of thread:
 java.base@17.0.8.1/sun.nio.ch.KQueue.poll(Native Method)
 java.base@17.0.8.1/sun.nio.ch.KQueuePort$EventHandlerTask.poll(KQueuePort.java:200)
 java.base@17.0.8.1/sun.nio.ch.KQueuePort$EventHandlerTask.run(KQueuePort.java:287)
 java.base@17.0.8.1/java.lang.Thread.run(Thread.java:833)
13-Dec-2024 16:16:12.839 ADVERTENCIA [main] org.apache.catalina.loader.WebappClassLoaderBase.clearReferencesThreads The web application [reportserver] appears to have started a thread named [sshd-SshServer[58f6d32d](port=8022)-timer-thread-1] but has failed to stop it. This is very likely to create a memory leak. Stack trace of thread:
 java.base@17.0.8.1/jdk.internal.misc.Unsafe.park(Native Method)
 java.base@17.0.8.1/java.util.concurrent.locks.LockSupport.parkNanos(LockSupport.java:252)
 java.base@17.0.8.1/java.util.concurrent.locks.AbstractQueuedSynchronizer$ConditionObject.awaitNanos(AbstractQueuedSynchronizer.java:1672)
 java.base@17.0.8.1/java.util.concurrent.ScheduledThreadPoolExecutor$DelayedWorkQueue.take(ScheduledThreadPoolExecutor.java:1182)
 java.base@17.0.8.1/java.util.concurrent.ScheduledThreadPoolExecutor$DelayedWorkQueue.take(ScheduledThreadPoolExecutor.java:899)
 java.base@17.0.8.1/java.util.concurrent.ThreadPoolExecutor.getTask(ThreadPoolExecutor.java:1062)
 java.base@17.0.8.1/java.util.concurrent.ThreadPoolExecutor.runWorker(ThreadPoolExecutor.java:1122)
 java.base@17.0.8.1/java.util.concurrent.ThreadPoolExecutor$Worker.run(ThreadPoolExecutor.java:635)
 java.base@17.0.8.1/java.lang.Thread.run(Thread.java:833)
13-Dec-2024 16:16:12.840 ADVERTENCIA [main] org.apache.catalina.loader.WebappClassLoaderBase.clearReferencesThreads The web application [reportserver] appears to have started a thread named [dwdaemon-MaintenanceServiceImpl-1] but has failed to stop it. This is very likely to create a memory leak. Stack trace of thread:
 java.base@17.0.8.1/java.lang.Thread.sleep(Native Method)
 net.datenwerke.rs.utils.daemon.DwDaemonImpl.run(DwDaemonImpl.java:52)
 java.base@17.0.8.1/java.lang.Thread.run(Thread.java:833)
13-Dec-2024 16:16:12.845 ADVERTENCIA [main] org.apache.catalina.loader.WebappClassLoaderBase.clearReferencesThreads The web application [reportserver] appears to have started a thread named [dwdaemon-watchdog-MaintenanceServiceImpl] but has failed to stop it. This is very likely to create a memory leak. Stack trace of thread:
 java.base@17.0.8.1/java.lang.Thread.sleep(Native Method)
 net.datenwerke.rs.utils.daemon.DwDaemonWatchdog.run(DwDaemonWatchdog.java:30)
 java.base@17.0.8.1/java.lang.Thread.run(Thread.java:833)
13-Dec-2024 16:16:12.847 ADVERTENCIA [main] org.apache.catalina.loader.WebappClassLoaderBase.clearReferencesThreads The web application [reportserver] appears to have started a thread named [scheduler-watchdog] but has failed to stop it. This is very likely to create a memory leak. Stack trace of thread:
 java.base@17.0.8.1/java.lang.Thread.sleep(Native Method)
 net.datenwerke.scheduler.service.scheduler.SchedulerWatchdog.run(SchedulerWatchdog.java:32)
 java.base@17.0.8.1/java.lang.Thread.run(Thread.java:833)
13-Dec-2024 16:16:12.847 GRAVE [main] org.apache.catalina.loader.WebappClassLoaderBase.checkThreadLocalMapForLeaks La aplicación web [reportserver] creó un ThreadLocal con clave del tipo [java.lang.ThreadLocal] (valor [java.lang.ThreadLocal@2659c4b]) y un valor del tipo [org.hibernate.internal.SessionImpl] (valor [SessionImpl(2088842509<closed>)]) pero no pudo quitarlo cuando la aplicación web se paró. Los hilos se van a renovar con el tiempo para intentar evitar in posible fallo de memoria.
13-Dec-2024 16:16:13.077 INFORMACIÓN [35] org.apache.catalina.loader.WebappClassLoaderBase.checkStateForResourceLoading Acceso ilegal: esta instancia de aplicación web ya ha sido parada.  Could not load [ch.qos.logback.classic.spi.ThrowableProxy].  La eventual traza de pila que sigue ha sido motivada por un error lanzado con motivos de depuración así como para intentar terminar el hilo que motivó el acceso ilegal y no tiene impacto funcional.
	java.lang.IllegalStateException: Acceso ilegal: esta instancia de aplicación web ya ha sido parada.  Could not load [ch.qos.logback.classic.spi.ThrowableProxy].  La eventual traza de pila que sigue ha sido motivada por un error lanzado con motivos de depuración así como para intentar terminar el hilo que motivó el acceso ilegal y no tiene impacto funcional.
		at org.apache.catalina.loader.WebappClassLoaderBase.checkStateForResourceLoading(WebappClassLoaderBase.java:1359)
		at org.apache.catalina.loader.WebappClassLoaderBase.checkStateForClassLoading(WebappClassLoaderBase.java:1347)
		at org.apache.catalina.loader.WebappClassLoaderBase.loadClass(WebappClassLoaderBase.java:1181)
		at org.apache.catalina.loader.WebappClassLoaderBase.loadClass(WebappClassLoaderBase.java:1148)
		at ch.qos.logback.classic.spi.LoggingEvent.<init>(LoggingEvent.java:143)
		at ch.qos.logback.classic.Logger.buildLoggingEventAndAppend(Logger.java:424)
		at ch.qos.logback.classic.Logger.filterAndLog_0_Or3Plus(Logger.java:386)
		at ch.qos.logback.classic.Logger.warn(Logger.java:697)
		at net.datenwerke.rs.utils.daemon.DwDaemonImpl.run(DwDaemonImpl.java:41)
		at java.base/java.lang.Thread.run(Thread.java:833)
13-Dec-2024 16:16:13.110 INFORMACIÓN [main] org.apache.coyote.AbstractProtocol.stop Stopping ProtocolHandler ["http-nio-8081"]
13-Dec-2024 16:16:13.158 INFORMACIÓN [main] org.apache.coyote.AbstractProtocol.destroy Destroying ProtocolHandler ["http-nio-8081"]
13-Dec-2024 16:17:05.831 INFORMACIÓN [main] org.apache.jasper.servlet.TldScanner.scanJars Al menos un JAR, que se ha explorado buscando TLDs, aún no contenía TLDs. Activar historial de depuración para este historiador para una completa lista de los JARs que fueron explorados y de los que nos se halló TLDs. Saltarse JARs no necesarios durante la exploración puede dar lugar a una mejora de tiempo significativa en el arranque y compilación de JSP .
13-Dec-2024 16:17:08.854 INFORMACIÓN [main] org.apache.catalina.startup.VersionLoggerListener.log Nombre de la versión del servidor: Apache Tomcat/9.0.97
13-Dec-2024 16:17:08.866 INFORMACIÓN [main] org.apache.catalina.startup.VersionLoggerListener.log Server built:                      Nov 6 2024 19:55:19 UTC
13-Dec-2024 16:17:08.867 INFORMACIÓN [main] org.apache.catalina.startup.VersionLoggerListener.log Número de versión de servidor:     9.0.97.0
13-Dec-2024 16:17:08.867 INFORMACIÓN [main] org.apache.catalina.startup.VersionLoggerListener.log OS Name:                           Mac OS X
13-Dec-2024 16:17:08.867 INFORMACIÓN [main] org.apache.catalina.startup.VersionLoggerListener.log Versión de Systema Operativo:      13.6.4
13-Dec-2024 16:17:08.868 INFORMACIÓN [main] org.apache.catalina.startup.VersionLoggerListener.log Arquitectura:                      x86_64
13-Dec-2024 16:17:08.868 INFORMACIÓN [main] org.apache.catalina.startup.VersionLoggerListener.log Java Home:                         /Users/mariapaz/.sdkman/candidates/java/17.0.8.1-tem
13-Dec-2024 16:17:08.869 INFORMACIÓN [main] org.apache.catalina.startup.VersionLoggerListener.log JVM Version:                       17.0.8.1+1
13-Dec-2024 16:17:08.869 INFORMACIÓN [main] org.apache.catalina.startup.VersionLoggerListener.log Vededor JVM:                       Eclipse Adoptium
13-Dec-2024 16:17:08.869 INFORMACIÓN [main] org.apache.catalina.startup.VersionLoggerListener.log CATALINA_BASE:                     /Users/mariapaz/GeneradorFacturasMasivas/apache-tomcat-9.0.97
13-Dec-2024 16:17:08.872 INFORMACIÓN [main] org.apache.catalina.startup.VersionLoggerListener.log CATALINA_HOME:                     /Users/mariapaz/GeneradorFacturasMasivas/apache-tomcat-9.0.97
13-Dec-2024 16:17:08.892 INFORMACIÓN [main] org.apache.catalina.startup.VersionLoggerListener.log Command line argument:             --add-opens=java.base/java.lang=ALL-UNNAMED
13-Dec-2024 16:17:08.893 INFORMACIÓN [main] org.apache.catalina.startup.VersionLoggerListener.log Command line argument:             --add-opens=java.base/java.io=ALL-UNNAMED
13-Dec-2024 16:17:08.893 INFORMACIÓN [main] org.apache.catalina.startup.VersionLoggerListener.log Command line argument:             --add-opens=java.base/java.util=ALL-UNNAMED
13-Dec-2024 16:17:08.893 INFORMACIÓN [main] org.apache.catalina.startup.VersionLoggerListener.log Command line argument:             --add-opens=java.base/java.util.concurrent=ALL-UNNAMED
13-Dec-2024 16:17:08.893 INFORMACIÓN [main] org.apache.catalina.startup.VersionLoggerListener.log Command line argument:             --add-opens=java.rmi/sun.rmi.transport=ALL-UNNAMED
13-Dec-2024 16:17:08.894 INFORMACIÓN [main] org.apache.catalina.startup.VersionLoggerListener.log Command line argument:             -Djava.util.logging.config.file=/Users/mariapaz/GeneradorFacturasMasivas/apache-tomcat-9.0.97/conf/logging.properties
13-Dec-2024 16:17:08.894 INFORMACIÓN [main] org.apache.catalina.startup.VersionLoggerListener.log Command line argument:             -Djava.util.logging.manager=org.apache.juli.ClassLoaderLogManager
13-Dec-2024 16:17:08.894 INFORMACIÓN [main] org.apache.catalina.startup.VersionLoggerListener.log Command line argument:             -Djava.security.egd=file:/dev/urandom
13-Dec-2024 16:17:08.894 INFORMACIÓN [main] org.apache.catalina.startup.VersionLoggerListener.log Command line argument:             -Djdk.tls.ephemeralDHKeySize=2048
13-Dec-2024 16:17:08.895 INFORMACIÓN [main] org.apache.catalina.startup.VersionLoggerListener.log Command line argument:             -Djava.protocol.handler.pkgs=org.apache.catalina.webresources
13-Dec-2024 16:17:08.895 INFORMACIÓN [main] org.apache.catalina.startup.VersionLoggerListener.log Command line argument:             -Dorg.apache.catalina.security.SecurityListener.UMASK=0027
13-Dec-2024 16:17:08.895 INFORMACIÓN [main] org.apache.catalina.startup.VersionLoggerListener.log Command line argument:             -Drs.configdir=/Users/mariapaz/GeneradorFacturasMasivas/apache-tomcat-9.0.97/webapps/reportserver/WEB-INF
13-Dec-2024 16:17:08.896 INFORMACIÓN [main] org.apache.catalina.startup.VersionLoggerListener.log Command line argument:             -Xmx4096M
13-Dec-2024 16:17:08.896 INFORMACIÓN [main] org.apache.catalina.startup.VersionLoggerListener.log Command line argument:             -Dfile.encoding=UTF8
13-Dec-2024 16:17:08.896 INFORMACIÓN [main] org.apache.catalina.startup.VersionLoggerListener.log Command line argument:             --add-opens=java.base/java.net=ALL-UNNAMED
13-Dec-2024 16:17:08.896 INFORMACIÓN [main] org.apache.catalina.startup.VersionLoggerListener.log Command line argument:             --add-opens=java.base/jdk.internal.ref=ALL-UNNAMED
13-Dec-2024 16:17:08.896 INFORMACIÓN [main] org.apache.catalina.startup.VersionLoggerListener.log Command line argument:             --add-opens=java.base/jdk.internal.reflect=ALL-UNNAMED
13-Dec-2024 16:17:08.897 INFORMACIÓN [main] org.apache.catalina.startup.VersionLoggerListener.log Command line argument:             --add-opens=java.base/java.lang.invoke=ALL-UNNAMED
13-Dec-2024 16:17:08.897 INFORMACIÓN [main] org.apache.catalina.startup.VersionLoggerListener.log Command line argument:             --add-opens=java.base/java.util=ALL-UNNAMED
13-Dec-2024 16:17:08.897 INFORMACIÓN [main] org.apache.catalina.startup.VersionLoggerListener.log Command line argument:             --add-opens=java.base/java.lang.ref=ALL-UNNAMED
13-Dec-2024 16:17:08.897 INFORMACIÓN [main] org.apache.catalina.startup.VersionLoggerListener.log Command line argument:             --add-opens=java.base/java.lang.reflect=ALL-UNNAMED
13-Dec-2024 16:17:08.898 INFORMACIÓN [main] org.apache.catalina.startup.VersionLoggerListener.log Command line argument:             --add-opens=java.base/sun.reflect.generics.repository=ALL-UNNAMED
13-Dec-2024 16:17:08.898 INFORMACIÓN [main] org.apache.catalina.startup.VersionLoggerListener.log Command line argument:             -Dignore.endorsed.dirs=
13-Dec-2024 16:17:08.898 INFORMACIÓN [main] org.apache.catalina.startup.VersionLoggerListener.log Command line argument:             -Dcatalina.base=/Users/mariapaz/GeneradorFacturasMasivas/apache-tomcat-9.0.97
13-Dec-2024 16:17:08.898 INFORMACIÓN [main] org.apache.catalina.startup.VersionLoggerListener.log Command line argument:             -Dcatalina.home=/Users/mariapaz/GeneradorFacturasMasivas/apache-tomcat-9.0.97
13-Dec-2024 16:17:08.898 INFORMACIÓN [main] org.apache.catalina.startup.VersionLoggerListener.log Command line argument:             -Djava.io.tmpdir=/Users/mariapaz/GeneradorFacturasMasivas/apache-tomcat-9.0.97/temp
13-Dec-2024 16:17:08.984 INFORMACIÓN [main] org.apache.catalina.core.AprLifecycleListener.lifecycleEvent La biblioteca nativa de Apache Tomcat basada en ARP que permite un rendimiento óptimo en entornos de desarrollo no ha sido hallada en java.library.path: [/Users/mariapaz/Library/Java/Extensions:/Library/Java/Extensions:/Network/Library/Java/Extensions:/System/Library/Java/Extensions:/usr/lib/java:.]
13-Dec-2024 16:17:11.953 INFORMACIÓN [main] org.apache.coyote.AbstractProtocol.init Inicializando el manejador de protocolo ["http-nio-8081"]

13-Dec-2024 16:17:12.360 INFORMACIÓN [main] org.apache.catalina.startup.Catalina.load Server initialization in [5677] milliseconds
13-Dec-2024 16:17:12.654 INFORMACIÓN [main] org.apache.catalina.core.StandardService.startInternal Arrancando servicio [Catalina]
13-Dec-2024 16:17:12.655 INFORMACIÓN [main] org.apache.catalina.core.StandardEngine.startInternal Starting Servlet engine: [Apache Tomcat/9.0.97]
13-Dec-2024 16:18:26.506 INFORMACIÓN [main] org.apache.jasper.servlet.TldScanner.scanJars Al menos un JAR, que se ha explorado buscando TLDs, aún no contenía TLDs. Activar historial de depuración para este historiador para una completa lista de los JARs que fueron explorados y de los que nos se halló TLDs. Saltarse JARs no necesarios durante la exploración puede dar lugar a una mejora de tiempo significativa en el arranque y compilación de JSP .
13-Dec-2024 16:20:30.523 INFORMACIÓN [main] org.apache.catalina.startup.HostConfig.deployDirectory Desplegando el directorio [/Users/mariapaz/GeneradorFacturasMasivas/apache-tomcat-9.0.97/webapps/docs] de la aplicación web
13-Dec-2024 16:20:33.391 INFORMACIÓN [main] org.apache.jasper.servlet.TldScanner.scanJars Al menos un JAR, que se ha explorado buscando TLDs, aún no contenía TLDs. Activar historial de depuración para este historiador para una completa lista de los JARs que fueron explorados y de los que nos se halló TLDs. Saltarse JARs no necesarios durante la exploración puede dar lugar a una mejora de tiempo significativa en el arranque y compilación de JSP .
13-Dec-2024 16:20:33.395 INFORMACIÓN [main] org.apache.catalina.startup.HostConfig.deployDirectory Deployment of web application directory [/Users/mariapaz/GeneradorFacturasMasivas/apache-tomcat-9.0.97/webapps/docs] has finished in [2.872] ms
13-Dec-2024 16:20:33.396 INFORMACIÓN [main] org.apache.catalina.startup.HostConfig.deployDirectory Desplegando el directorio [/Users/mariapaz/GeneradorFacturasMasivas/apache-tomcat-9.0.97/webapps/manager] de la aplicación web
13-Dec-2024 16:20:35.632 INFORMACIÓN [main] org.apache.jasper.servlet.TldScanner.scanJars Al menos un JAR, que se ha explorado buscando TLDs, aún no contenía TLDs. Activar historial de depuración para este historiador para una completa lista de los JARs que fueron explorados y de los que nos se halló TLDs. Saltarse JARs no necesarios durante la exploración puede dar lugar a una mejora de tiempo significativa en el arranque y compilación de JSP .
13-Dec-2024 16:20:35.737 INFORMACIÓN [main] org.apache.catalina.startup.HostConfig.deployDirectory Deployment of web application directory [/Users/mariapaz/GeneradorFacturasMasivas/apache-tomcat-9.0.97/webapps/manager] has finished in [2.340] ms
13-Dec-2024 16:20:35.737 INFORMACIÓN [main] org.apache.catalina.startup.HostConfig.deployDirectory Desplegando el directorio [/Users/mariapaz/GeneradorFacturasMasivas/apache-tomcat-9.0.97/webapps/examples] de la aplicación web
13-Dec-2024 16:20:38.834 INFORMACIÓN [main] org.apache.jasper.servlet.TldScanner.scanJars Al menos un JAR, que se ha explorado buscando TLDs, aún no contenía TLDs. Activar historial de depuración para este historiador para una completa lista de los JARs que fueron explorados y de los que nos se halló TLDs. Saltarse JARs no necesarios durante la exploración puede dar lugar a una mejora de tiempo significativa en el arranque y compilación de JSP .
13-Dec-2024 16:20:38.942 INFORMACIÓN [main] org.apache.catalina.startup.HostConfig.deployDirectory Deployment of web application directory [/Users/mariapaz/GeneradorFacturasMasivas/apache-tomcat-9.0.97/webapps/examples] has finished in [3.202] ms
13-Dec-2024 16:20:38.943 INFORMACIÓN [main] org.apache.catalina.startup.HostConfig.deployDirectory Desplegando el directorio [/Users/mariapaz/GeneradorFacturasMasivas/apache-tomcat-9.0.97/webapps/ROOT] de la aplicación web
13-Dec-2024 16:20:40.214 INFORMACIÓN [main] org.apache.jasper.servlet.TldScanner.scanJars Al menos un JAR, que se ha explorado buscando TLDs, aún no contenía TLDs. Activar historial de depuración para este historiador para una completa lista de los JARs que fueron explorados y de los que nos se halló TLDs. Saltarse JARs no necesarios durante la exploración puede dar lugar a una mejora de tiempo significativa en el arranque y compilación de JSP .
13-Dec-2024 16:20:40.222 INFORMACIÓN [main] org.apache.catalina.startup.HostConfig.deployDirectory Deployment of web application directory [/Users/mariapaz/GeneradorFacturasMasivas/apache-tomcat-9.0.97/webapps/ROOT] has finished in [1.279] ms
13-Dec-2024 16:20:40.222 INFORMACIÓN [main] org.apache.catalina.startup.HostConfig.deployDirectory Desplegando el directorio [/Users/mariapaz/GeneradorFacturasMasivas/apache-tomcat-9.0.97/webapps/host-manager] de la aplicación web
13-Dec-2024 16:20:41.660 INFORMACIÓN [main] org.apache.jasper.servlet.TldScanner.scanJars Al menos un JAR, que se ha explorado buscando TLDs, aún no contenía TLDs. Activar historial de depuración para este historiador para una completa lista de los JARs que fueron explorados y de los que nos se halló TLDs. Saltarse JARs no necesarios durante la exploración puede dar lugar a una mejora de tiempo significativa en el arranque y compilación de JSP .
13-Dec-2024 16:20:41.674 INFORMACIÓN [main] org.apache.catalina.startup.HostConfig.deployDirectory Deployment of web application directory [/Users/mariapaz/GeneradorFacturasMasivas/apache-tomcat-9.0.97/webapps/host-manager] has finished in [1.452] ms
13-Dec-2024 16:20:41.701 INFORMACIÓN [main] org.apache.catalina.startup.Catalina.start Server startup in [294602] milliseconds
13-Dec-2024 16:21:50.540 INFORMACIÓN [main] org.apache.catalina.startup.HostConfig.deployDirectory Desplegando el directorio [/Users/mariapaz/GeneradorFacturasMasivas/apache-tomcat-9.0.97/webapps/docs] de la aplicación web
13-Dec-2024 16:21:51.594 INFORMACIÓN [main] org.apache.jasper.servlet.TldScanner.scanJars Al menos un JAR, que se ha explorado buscando TLDs, aún no contenía TLDs. Activar historial de depuración para este historiador para una completa lista de los JARs que fueron explorados y de los que nos se halló TLDs. Saltarse JARs no necesarios durante la exploración puede dar lugar a una mejora de tiempo significativa en el arranque y compilación de JSP .
13-Dec-2024 16:21:51.861 INFORMACIÓN [main] org.apache.catalina.startup.HostConfig.deployDirectory Deployment of web application directory [/Users/mariapaz/GeneradorFacturasMasivas/apache-tomcat-9.0.97/webapps/docs] has finished in [1.321] ms
13-Dec-2024 16:21:51.875 INFORMACIÓN [main] org.apache.catalina.startup.HostConfig.deployDirectory Desplegando el directorio [/Users/mariapaz/GeneradorFacturasMasivas/apache-tomcat-9.0.97/webapps/manager] de la aplicación web
13-Dec-2024 16:21:53.788 INFORMACIÓN [main] org.apache.jasper.servlet.TldScanner.scanJars Al menos un JAR, que se ha explorado buscando TLDs, aún no contenía TLDs. Activar historial de depuración para este historiador para una completa lista de los JARs que fueron explorados y de los que nos se halló TLDs. Saltarse JARs no necesarios durante la exploración puede dar lugar a una mejora de tiempo significativa en el arranque y compilación de JSP .
13-Dec-2024 16:21:55.063 INFORMACIÓN [main] org.apache.catalina.startup.HostConfig.deployDirectory Deployment of web application directory [/Users/mariapaz/GeneradorFacturasMasivas/apache-tomcat-9.0.97/webapps/manager] has finished in [3.187] ms
13-Dec-2024 16:21:55.124 INFORMACIÓN [main] org.apache.catalina.startup.HostConfig.deployDirectory Desplegando el directorio [/Users/mariapaz/GeneradorFacturasMasivas/apache-tomcat-9.0.97/webapps/examples] de la aplicación web
13-Dec-2024 16:21:59.458 INFORMACIÓN [main] org.apache.jasper.servlet.TldScanner.scanJars Al menos un JAR, que se ha explorado buscando TLDs, aún no contenía TLDs. Activar historial de depuración para este historiador para una completa lista de los JARs que fueron explorados y de los que nos se halló TLDs. Saltarse JARs no necesarios durante la exploración puede dar lugar a una mejora de tiempo significativa en el arranque y compilación de JSP .
13-Dec-2024 16:21:59.708 INFORMACIÓN [main] org.apache.catalina.startup.HostConfig.deployDirectory Deployment of web application directory [/Users/mariapaz/GeneradorFacturasMasivas/apache-tomcat-9.0.97/webapps/examples] has finished in [4.584] ms
13-Dec-2024 16:21:59.709 INFORMACIÓN [main] org.apache.catalina.startup.HostConfig.deployDirectory Desplegando el directorio [/Users/mariapaz/GeneradorFacturasMasivas/apache-tomcat-9.0.97/webapps/ROOT] de la aplicación web
13-Dec-2024 16:22:02.294 INFORMACIÓN [main] org.apache.jasper.servlet.TldScanner.scanJars Al menos un JAR, que se ha explorado buscando TLDs, aún no contenía TLDs. Activar historial de depuración para este historiador para una completa lista de los JARs que fueron explorados y de los que nos se halló TLDs. Saltarse JARs no necesarios durante la exploración puede dar lugar a una mejora de tiempo significativa en el arranque y compilación de JSP .
13-Dec-2024 16:22:02.300 INFORMACIÓN [main] org.apache.catalina.startup.HostConfig.deployDirectory Deployment of web application directory [/Users/mariapaz/GeneradorFacturasMasivas/apache-tomcat-9.0.97/webapps/ROOT] has finished in [2.589] ms
13-Dec-2024 16:22:02.302 INFORMACIÓN [main] org.apache.catalina.startup.HostConfig.deployDirectory Desplegando el directorio [/Users/mariapaz/GeneradorFacturasMasivas/apache-tomcat-9.0.97/webapps/host-manager] de la aplicación web
13-Dec-2024 16:22:04.909 INFORMACIÓN [main] org.apache.jasper.servlet.TldScanner.scanJars Al menos un JAR, que se ha explorado buscando TLDs, aún no contenía TLDs. Activar historial de depuración para este historiador para una completa lista de los JARs que fueron explorados y de los que nos se halló TLDs. Saltarse JARs no necesarios durante la exploración puede dar lugar a una mejora de tiempo significativa en el arranque y compilación de JSP .
13-Dec-2024 16:22:04.945 INFORMACIÓN [main] org.apache.catalina.startup.HostConfig.deployDirectory Deployment of web application directory [/Users/mariapaz/GeneradorFacturasMasivas/apache-tomcat-9.0.97/webapps/host-manager] has finished in [2.642] ms
13-Dec-2024 16:22:04.955 INFORMACIÓN [main] org.apache.coyote.AbstractProtocol.start Starting ProtocolHandler ["http-nio-8081"]
13-Dec-2024 16:22:04.985 INFORMACIÓN [main] org.apache.catalina.startup.Catalina.start Server startup in [292633] milliseconds
13-Dec-2024 16:22:04.989 GRAVE [main] org.apache.catalina.core.StandardServer.await Failed to create server shutdown socket on address [localhost] and port [8010] (base port [8010] and offset [0])
	java.net.BindException: Address already in use
		at java.base/sun.nio.ch.Net.bind0(Native Method)
		at java.base/sun.nio.ch.Net.bind(Net.java:555)
		at java.base/sun.nio.ch.Net.bind(Net.java:544)
		at java.base/sun.nio.ch.NioSocketImpl.bind(NioSocketImpl.java:648)
		at java.base/java.net.ServerSocket.bind(ServerSocket.java:388)
		at java.base/java.net.ServerSocket.<init>(ServerSocket.java:274)
		at org.apache.catalina.core.StandardServer.await(StandardServer.java:537)
		at org.apache.catalina.startup.Catalina.await(Catalina.java:825)
		at org.apache.catalina.startup.Catalina.start(Catalina.java:773)
		at java.base/jdk.internal.reflect.NativeMethodAccessorImpl.invoke0(Native Method)
		at java.base/jdk.internal.reflect.NativeMethodAccessorImpl.invoke(NativeMethodAccessorImpl.java:77)
		at java.base/jdk.internal.reflect.DelegatingMethodAccessorImpl.invoke(DelegatingMethodAccessorImpl.java:43)
		at java.base/java.lang.reflect.Method.invoke(Method.java:568)
		at org.apache.catalina.startup.Bootstrap.start(Bootstrap.java:345)
		at org.apache.catalina.startup.Bootstrap.main(Bootstrap.java:473)
13-Dec-2024 16:22:04.990 INFORMACIÓN [main] org.apache.coyote.AbstractProtocol.pause Pausing ProtocolHandler ["http-nio-8081"]
13-Dec-2024 16:22:04.995 GRAVE [http-nio-8081-Acceptor] org.apache.tomcat.util.net.NioEndpoint.setSocketOptions Error setting socket options
	java.net.SocketException: Invalid argument
		at java.base/sun.nio.ch.Net.setIntOption0(Native Method)
		at java.base/sun.nio.ch.Net.setSocketOption(Net.java:455)
		at java.base/sun.nio.ch.Net.setSocketOption(Net.java:393)
		at java.base/sun.nio.ch.SocketChannelImpl.setOption(SocketChannelImpl.java:280)
		at java.base/sun.nio.ch.SocketAdaptor.setIntOption(SocketAdaptor.java:247)
		at java.base/sun.nio.ch.SocketAdaptor.setSoLinger(SocketAdaptor.java:285)
		at org.apache.tomcat.util.net.SocketProperties.setProperties(SocketProperties.java:226)
		at org.apache.tomcat.util.net.NioEndpoint.setSocketOptions(NioEndpoint.java:500)
		at org.apache.tomcat.util.net.NioEndpoint.setSocketOptions(NioEndpoint.java:71)
		at org.apache.tomcat.util.net.Acceptor.run(Acceptor.java:149)
		at java.base/java.lang.Thread.run(Thread.java:833)
13-Dec-2024 16:22:05.001 INFORMACIÓN [main] org.apache.catalina.core.StandardService.stopInternal Parando servicio [Catalina]
13-Dec-2024 16:22:05.627 ADVERTENCIA [main] org.apache.catalina.loader.WebappClassLoaderBase.clearReferencesJdbc La aplicación web [reportserver] registró el conductor JDBC [com.microsoft.sqlserver.jdbc.SQLServerDriver] pero falló al anular el registro mientras la aplicación web estaba parada. Para prevenir un fallo de memoria, se ha anulado el registro del conductor JDBC por la fuerza.
13-Dec-2024 16:22:05.639 ADVERTENCIA [main] org.apache.catalina.loader.WebappClassLoaderBase.clearReferencesThreads The web application [reportserver] appears to have started a thread named [org.apache.commons.vfs2.cache.SoftRefFilesCache$ReleaseThread] but has failed to stop it. This is very likely to create a memory leak. Stack trace of thread:
 java.base@17.0.8.1/java.lang.Object.wait(Native Method)
 java.base@17.0.8.1/java.lang.ref.ReferenceQueue.remove(ReferenceQueue.java:155)
 org.apache.commons.vfs2.cache.SoftRefFilesCache$ReleaseThread.run(SoftRefFilesCache.java:54)
13-Dec-2024 16:22:05.699 ADVERTENCIA [main] org.apache.catalina.loader.WebappClassLoaderBase.clearReferencesThreads The web application [reportserver] appears to have started a thread named [C3P0PooledConnectionPoolManager[identityToken->z8kfltb71hsp1ow1tvx9fs|7e33f6b9]-AdminTaskTimer] but has failed to stop it. This is very likely to create a memory leak. Stack trace of thread:
 java.base@17.0.8.1/java.lang.Object.wait(Native Method)
 java.base@17.0.8.1/java.util.TimerThread.mainLoop(Timer.java:563)
 java.base@17.0.8.1/java.util.TimerThread.run(Timer.java:516)
13-Dec-2024 16:22:05.707 ADVERTENCIA [main] org.apache.catalina.loader.WebappClassLoaderBase.clearReferencesThreads The web application [reportserver] appears to have started a thread named [C3P0PooledConnectionPoolManager[identityToken->z8kfltb71hsp1ow1tvx9fs|7e33f6b9]-HelperThread-#0] but has failed to stop it. This is very likely to create a memory leak. Stack trace of thread:
 java.base@17.0.8.1/java.lang.Object.wait(Native Method)
 com.mchange.v2.async.ThreadPoolAsynchronousRunner$PoolThread.run(ThreadPoolAsynchronousRunner.java:683)
13-Dec-2024 16:22:05.713 ADVERTENCIA [main] org.apache.catalina.loader.WebappClassLoaderBase.clearReferencesThreads The web application [reportserver] appears to have started a thread named [C3P0PooledConnectionPoolManager[identityToken->z8kfltb71hsp1ow1tvx9fs|7e33f6b9]-HelperThread-#1] but has failed to stop it. This is very likely to create a memory leak. Stack trace of thread:
 java.base@17.0.8.1/java.lang.Object.wait(Native Method)
 com.mchange.v2.async.ThreadPoolAsynchronousRunner$PoolThread.run(ThreadPoolAsynchronousRunner.java:683)
13-Dec-2024 16:22:05.715 ADVERTENCIA [main] org.apache.catalina.loader.WebappClassLoaderBase.clearReferencesThreads The web application [reportserver] appears to have started a thread named [C3P0PooledConnectionPoolManager[identityToken->z8kfltb71hsp1ow1tvx9fs|7e33f6b9]-HelperThread-#2] but has failed to stop it. This is very likely to create a memory leak. Stack trace of thread:
 java.base@17.0.8.1/java.lang.Object.wait(Native Method)
 com.mchange.v2.async.ThreadPoolAsynchronousRunner$PoolThread.run(ThreadPoolAsynchronousRunner.java:683)
13-Dec-2024 16:22:05.715 ADVERTENCIA [main] org.apache.catalina.loader.WebappClassLoaderBase.clearReferencesThreads The web application [reportserver] appears to have started a thread named [dwdaemon-JpaEventLoggerServiceImpl-1] but has failed to stop it. This is very likely to create a memory leak. Stack trace of thread:
 java.base@17.0.8.1/java.lang.Thread.sleep(Native Method)
 net.datenwerke.rs.utils.daemon.DwDaemonImpl.run(DwDaemonImpl.java:52)
 java.base@17.0.8.1/java.lang.Thread.run(Thread.java:833)
13-Dec-2024 16:22:05.716 ADVERTENCIA [main] org.apache.catalina.loader.WebappClassLoaderBase.clearReferencesThreads The web application [reportserver] appears to have started a thread named [dwdaemon-watchdog-JpaEventLoggerServiceImpl] but has failed to stop it. This is very likely to create a memory leak. Stack trace of thread:
 java.base@17.0.8.1/java.lang.Thread.sleep(Native Method)
 net.datenwerke.rs.utils.daemon.DwDaemonWatchdog.run(DwDaemonWatchdog.java:30)
 java.base@17.0.8.1/java.lang.Thread.run(Thread.java:833)
13-Dec-2024 16:22:05.719 ADVERTENCIA [main] org.apache.catalina.loader.WebappClassLoaderBase.clearReferencesThreads The web application [reportserver] appears to have started a thread named [Thread-21] but has failed to stop it. This is very likely to create a memory leak. Stack trace of thread:
 java.base@17.0.8.1/sun.nio.ch.KQueue.poll(Native Method)
 java.base@17.0.8.1/sun.nio.ch.KQueuePort$EventHandlerTask.poll(KQueuePort.java:200)
 java.base@17.0.8.1/sun.nio.ch.KQueuePort$EventHandlerTask.run(KQueuePort.java:287)
 java.base@17.0.8.1/java.lang.Thread.run(Thread.java:833)
13-Dec-2024 16:22:05.733 ADVERTENCIA [main] org.apache.catalina.loader.WebappClassLoaderBase.clearReferencesThreads The web application [reportserver] appears to have started a thread named [sshd-SshServer[6929a91c](port=8022)-timer-thread-1] but has failed to stop it. This is very likely to create a memory leak. Stack trace of thread:
 java.base@17.0.8.1/jdk.internal.misc.Unsafe.park(Native Method)
 java.base@17.0.8.1/java.util.concurrent.locks.LockSupport.parkNanos(LockSupport.java:252)
 java.base@17.0.8.1/java.util.concurrent.locks.AbstractQueuedSynchronizer$ConditionObject.awaitNanos(AbstractQueuedSynchronizer.java:1672)
 java.base@17.0.8.1/java.util.concurrent.ScheduledThreadPoolExecutor$DelayedWorkQueue.take(ScheduledThreadPoolExecutor.java:1182)
 java.base@17.0.8.1/java.util.concurrent.ScheduledThreadPoolExecutor$DelayedWorkQueue.take(ScheduledThreadPoolExecutor.java:899)
 java.base@17.0.8.1/java.util.concurrent.ThreadPoolExecutor.getTask(ThreadPoolExecutor.java:1062)
 java.base@17.0.8.1/java.util.concurrent.ThreadPoolExecutor.runWorker(ThreadPoolExecutor.java:1122)
 java.base@17.0.8.1/java.util.concurrent.ThreadPoolExecutor$Worker.run(ThreadPoolExecutor.java:635)
 java.base@17.0.8.1/java.lang.Thread.run(Thread.java:833)
13-Dec-2024 16:22:05.733 ADVERTENCIA [main] org.apache.catalina.loader.WebappClassLoaderBase.clearReferencesThreads The web application [reportserver] appears to have started a thread named [dwdaemon-MaintenanceServiceImpl-1] but has failed to stop it. This is very likely to create a memory leak. Stack trace of thread:
 java.base@17.0.8.1/java.lang.Thread.sleep(Native Method)
 net.datenwerke.rs.utils.daemon.DwDaemonImpl.run(DwDaemonImpl.java:52)
 java.base@17.0.8.1/java.lang.Thread.run(Thread.java:833)
13-Dec-2024 16:22:05.735 ADVERTENCIA [main] org.apache.catalina.loader.WebappClassLoaderBase.clearReferencesThreads The web application [reportserver] appears to have started a thread named [dwdaemon-watchdog-MaintenanceServiceImpl] but has failed to stop it. This is very likely to create a memory leak. Stack trace of thread:
 java.base@17.0.8.1/java.lang.Thread.sleep(Native Method)
 net.datenwerke.rs.utils.daemon.DwDaemonWatchdog.run(DwDaemonWatchdog.java:30)
 java.base@17.0.8.1/java.lang.Thread.run(Thread.java:833)
13-Dec-2024 16:22:05.736 ADVERTENCIA [main] org.apache.catalina.loader.WebappClassLoaderBase.clearReferencesThreads The web application [reportserver] appears to have started a thread named [Thread-10] but has failed to stop it. This is very likely to create a memory leak. Stack trace of thread:
 java.base@17.0.8.1/java.lang.Thread.sleep(Native Method)
 net.datenwerke.rs.scheduler.service.scheduler.RsSchedulerStartup.lambda$0(RsSchedulerStartup.java:115)
 net.datenwerke.rs.scheduler.service.scheduler.RsSchedulerStartup$$Lambda$793/0x000000021dc15030.run(Unknown Source)
 java.base@17.0.8.1/java.lang.Thread.run(Thread.java:833)
13-Dec-2024 16:22:05.737 GRAVE [main] org.apache.catalina.loader.WebappClassLoaderBase.checkThreadLocalMapForLeaks La aplicación web [reportserver] creó un ThreadLocal con clave del tipo [java.lang.ThreadLocal] (valor [java.lang.ThreadLocal@3ce8dff6]) y un valor del tipo [org.hibernate.internal.SessionImpl] (valor [SessionImpl(1500741531<closed>)]) pero no pudo quitarlo cuando la aplicación web se paró. Los hilos se van a renovar con el tiempo para intentar evitar in posible fallo de memoria.
13-Dec-2024 16:22:05.738 GRAVE [main] org.apache.catalina.loader.WebappClassLoaderBase.checkThreadLocalMapForLeaks La aplicación web [reportserver] creó un ThreadLocal con clave del tipo [java.lang.ThreadLocal] (valor [java.lang.ThreadLocal@3ce8dff6]) y un valor del tipo [org.hibernate.internal.SessionImpl] (valor [SessionImpl(480146431<closed>)]) pero no pudo quitarlo cuando la aplicación web se paró. Los hilos se van a renovar con el tiempo para intentar evitar in posible fallo de memoria.
13-Dec-2024 16:22:05.776 INFORMACIÓN [main] org.apache.coyote.AbstractProtocol.stop Stopping ProtocolHandler ["http-nio-8081"]
13-Dec-2024 16:22:05.789 INFORMACIÓN [main] org.apache.coyote.AbstractProtocol.destroy Destroying ProtocolHandler ["http-nio-8081"]
