05-Dec-2024 11:15:59.931 INFORMACIÓN [main] org.apache.catalina.startup.VersionLoggerListener.log Nombre de la versión del servidor: Apache Tomcat/9.0.97
05-Dec-2024 11:15:59.941 INFORMACIÓN [main] org.apache.catalina.startup.VersionLoggerListener.log Server built:                      Nov 6 2024 19:55:19 UTC
05-Dec-2024 11:15:59.942 INFORMACIÓN [main] org.apache.catalina.startup.VersionLoggerListener.log Número de versión de servidor:     9.0.97.0
05-Dec-2024 11:15:59.942 INFORMACIÓN [main] org.apache.catalina.startup.VersionLoggerListener.log OS Name:                           Mac OS X
05-Dec-2024 11:15:59.942 INFORMACIÓN [main] org.apache.catalina.startup.VersionLoggerListener.log Versión de Systema Operativo:      13.6.4
05-Dec-2024 11:15:59.943 INFORMACIÓN [main] org.apache.catalina.startup.VersionLoggerListener.log Arquitectura:                      x86_64
05-Dec-2024 11:15:59.943 INFORMACIÓN [main] org.apache.catalina.startup.VersionLoggerListener.log Java Home:                         /Users/mariapaz/.sdkman/candidates/java/17.0.8.1-tem
05-Dec-2024 11:15:59.948 INFORMACIÓN [main] org.apache.catalina.startup.VersionLoggerListener.log JVM Version:                       17.0.8.1+1
05-Dec-2024 11:15:59.950 INFORMACIÓN [main] org.apache.catalina.startup.VersionLoggerListener.log Vededor JVM:                       Eclipse Adoptium
05-Dec-2024 11:15:59.950 INFORMACIÓN [main] org.apache.catalina.startup.VersionLoggerListener.log CATALINA_BASE:                     /Users/mariapaz/GeneradorFacturasMasivas/apache-tomcat-9.0.97
05-Dec-2024 11:15:59.952 INFORMACIÓN [main] org.apache.catalina.startup.VersionLoggerListener.log CATALINA_HOME:                     /Users/mariapaz/GeneradorFacturasMasivas/apache-tomcat-9.0.97
05-Dec-2024 11:16:00.242 INFORMACIÓN [main] org.apache.catalina.startup.VersionLoggerListener.log Command line argument:             --add-opens=java.base/java.lang=ALL-UNNAMED
05-Dec-2024 11:16:00.245 INFORMACIÓN [main] org.apache.catalina.startup.VersionLoggerListener.log Command line argument:             --add-opens=java.base/java.io=ALL-UNNAMED
05-Dec-2024 11:16:00.246 INFORMACIÓN [main] org.apache.catalina.startup.VersionLoggerListener.log Command line argument:             --add-opens=java.base/java.util=ALL-UNNAMED
05-Dec-2024 11:16:00.247 INFORMACIÓN [main] org.apache.catalina.startup.VersionLoggerListener.log Command line argument:             --add-opens=java.base/java.util.concurrent=ALL-UNNAMED
05-Dec-2024 11:16:00.247 INFORMACIÓN [main] org.apache.catalina.startup.VersionLoggerListener.log Command line argument:             --add-opens=java.rmi/sun.rmi.transport=ALL-UNNAMED
05-Dec-2024 11:16:00.247 INFORMACIÓN [main] org.apache.catalina.startup.VersionLoggerListener.log Command line argument:             -Djava.util.logging.config.file=/Users/mariapaz/GeneradorFacturasMasivas/apache-tomcat-9.0.97/conf/logging.properties
05-Dec-2024 11:16:00.247 INFORMACIÓN [main] org.apache.catalina.startup.VersionLoggerListener.log Command line argument:             -Djava.util.logging.manager=org.apache.juli.ClassLoaderLogManager
05-Dec-2024 11:16:00.247 INFORMACIÓN [main] org.apache.catalina.startup.VersionLoggerListener.log Command line argument:             -Djava.security.egd=file:/dev/urandom
05-Dec-2024 11:16:00.248 INFORMACIÓN [main] org.apache.catalina.startup.VersionLoggerListener.log Command line argument:             -Djdk.tls.ephemeralDHKeySize=2048
05-Dec-2024 11:16:00.248 INFORMACIÓN [main] org.apache.catalina.startup.VersionLoggerListener.log Command line argument:             -Djava.protocol.handler.pkgs=org.apache.catalina.webresources
05-Dec-2024 11:16:00.248 INFORMACIÓN [main] org.apache.catalina.startup.VersionLoggerListener.log Command line argument:             -Dorg.apache.catalina.security.SecurityListener.UMASK=0027
05-Dec-2024 11:16:00.249 INFORMACIÓN [main] org.apache.catalina.startup.VersionLoggerListener.log Command line argument:             -Drs.configdir=/Users/mariapaz/GeneradorFacturasMasivas/apache-tomcat-9.0.97/webapps/reportserver/WEB-INF
05-Dec-2024 11:16:00.249 INFORMACIÓN [main] org.apache.catalina.startup.VersionLoggerListener.log Command line argument:             -Xmx4096M
05-Dec-2024 11:16:00.250 INFORMACIÓN [main] org.apache.catalina.startup.VersionLoggerListener.log Command line argument:             -Dfile.encoding=UTF8
05-Dec-2024 11:16:00.250 INFORMACIÓN [main] org.apache.catalina.startup.VersionLoggerListener.log Command line argument:             --add-opens=java.base/java.net=ALL-UNNAMED
05-Dec-2024 11:16:00.250 INFORMACIÓN [main] org.apache.catalina.startup.VersionLoggerListener.log Command line argument:             --add-opens=java.base/jdk.internal.ref=ALL-UNNAMED
05-Dec-2024 11:16:00.250 INFORMACIÓN [main] org.apache.catalina.startup.VersionLoggerListener.log Command line argument:             --add-opens=java.base/jdk.internal.reflect=ALL-UNNAMED
05-Dec-2024 11:16:00.250 INFORMACIÓN [main] org.apache.catalina.startup.VersionLoggerListener.log Command line argument:             --add-opens=java.base/java.lang.invoke=ALL-UNNAMED
05-Dec-2024 11:16:00.252 INFORMACIÓN [main] org.apache.catalina.startup.VersionLoggerListener.log Command line argument:             --add-opens=java.base/java.util=ALL-UNNAMED
05-Dec-2024 11:16:00.253 INFORMACIÓN [main] org.apache.catalina.startup.VersionLoggerListener.log Command line argument:             --add-opens=java.base/java.lang.ref=ALL-UNNAMED
05-Dec-2024 11:16:00.253 INFORMACIÓN [main] org.apache.catalina.startup.VersionLoggerListener.log Command line argument:             --add-opens=java.base/java.lang.reflect=ALL-UNNAMED
05-Dec-2024 11:16:00.254 INFORMACIÓN [main] org.apache.catalina.startup.VersionLoggerListener.log Command line argument:             --add-opens=java.base/sun.reflect.generics.repository=ALL-UNNAMED
05-Dec-2024 11:16:00.255 INFORMACIÓN [main] org.apache.catalina.startup.VersionLoggerListener.log Command line argument:             -Dignore.endorsed.dirs=
05-Dec-2024 11:16:00.255 INFORMACIÓN [main] org.apache.catalina.startup.VersionLoggerListener.log Command line argument:             -Dcatalina.base=/Users/mariapaz/GeneradorFacturasMasivas/apache-tomcat-9.0.97
05-Dec-2024 11:16:00.255 INFORMACIÓN [main] org.apache.catalina.startup.VersionLoggerListener.log Command line argument:             -Dcatalina.home=/Users/mariapaz/GeneradorFacturasMasivas/apache-tomcat-9.0.97
05-Dec-2024 11:16:00.255 INFORMACIÓN [main] org.apache.catalina.startup.VersionLoggerListener.log Command line argument:             -Djava.io.tmpdir=/Users/mariapaz/GeneradorFacturasMasivas/apache-tomcat-9.0.97/temp
05-Dec-2024 11:16:00.733 INFORMACIÓN [main] org.apache.catalina.core.AprLifecycleListener.lifecycleEvent La biblioteca nativa de Apache Tomcat basada en ARP que permite un rendimiento óptimo en entornos de desarrollo no ha sido hallada en java.library.path: [/Users/mariapaz/Library/Java/Extensions:/Library/Java/Extensions:/Network/Library/Java/Extensions:/System/Library/Java/Extensions:/usr/lib/java:.]
05-Dec-2024 11:16:11.815 INFORMACIÓN [main] org.apache.coyote.AbstractProtocol.init Inicializando el manejador de protocolo ["http-nio-8081"]

05-Dec-2024 11:16:12.544 INFORMACIÓN [main] org.apache.catalina.startup.Catalina.load Server initialization in [17846] milliseconds
05-Dec-2024 11:16:13.272 INFORMACIÓN [main] org.apache.catalina.core.StandardService.startInternal Arrancando servicio [Catalina]
05-Dec-2024 11:16:13.272 INFORMACIÓN [main] org.apache.catalina.core.StandardEngine.startInternal Starting Servlet engine: [Apache Tomcat/9.0.97]
05-Dec-2024 11:16:13.299 INFORMACIÓN [main] org.apache.catalina.startup.HostConfig.deployDirectory Desplegando el directorio [/Users/mariapaz/GeneradorFacturasMasivas/apache-tomcat-9.0.97/webapps/reportserver] de la aplicación web
05-Dec-2024 11:19:16.802 INFORMACIÓN [main] org.apache.jasper.servlet.TldScanner.scanJars Al menos un JAR, que se ha explorado buscando TLDs, aún no contenía TLDs. Activar historial de depuración para este historiador para una completa lista de los JARs que fueron explorados y de los que nos se halló TLDs. Saltarse JARs no necesarios durante la exploración puede dar lugar a una mejora de tiempo significativa en el arranque y compilación de JSP .
05-Dec-2024 11:19:30.220 INFORMACIÓN [main] org.apache.catalina.startup.HostConfig.deployDirectory Deployment of web application directory [/Users/mariapaz/GeneradorFacturasMasivas/apache-tomcat-9.0.97/webapps/reportserver] has finished in [196.916] ms
05-Dec-2024 11:19:30.220 INFORMACIÓN [main] org.apache.catalina.startup.HostConfig.deployDirectory Desplegando el directorio [/Users/mariapaz/GeneradorFacturasMasivas/apache-tomcat-9.0.97/webapps/docs] de la aplicación web
05-Dec-2024 11:19:31.734 INFORMACIÓN [main] org.apache.jasper.servlet.TldScanner.scanJars Al menos un JAR, que se ha explorado buscando TLDs, aún no contenía TLDs. Activar historial de depuración para este historiador para una completa lista de los JARs que fueron explorados y de los que nos se halló TLDs. Saltarse JARs no necesarios durante la exploración puede dar lugar a una mejora de tiempo significativa en el arranque y compilación de JSP .
05-Dec-2024 11:19:31.760 INFORMACIÓN [main] org.apache.catalina.startup.HostConfig.deployDirectory Deployment of web application directory [/Users/mariapaz/GeneradorFacturasMasivas/apache-tomcat-9.0.97/webapps/docs] has finished in [1.540] ms
05-Dec-2024 11:19:31.765 INFORMACIÓN [main] org.apache.catalina.startup.HostConfig.deployDirectory Desplegando el directorio [/Users/mariapaz/GeneradorFacturasMasivas/apache-tomcat-9.0.97/webapps/manager] de la aplicación web
05-Dec-2024 11:19:32.847 INFORMACIÓN [main] org.apache.jasper.servlet.TldScanner.scanJars Al menos un JAR, que se ha explorado buscando TLDs, aún no contenía TLDs. Activar historial de depuración para este historiador para una completa lista de los JARs que fueron explorados y de los que nos se halló TLDs. Saltarse JARs no necesarios durante la exploración puede dar lugar a una mejora de tiempo significativa en el arranque y compilación de JSP .
05-Dec-2024 11:19:32.918 INFORMACIÓN [main] org.apache.catalina.startup.HostConfig.deployDirectory Deployment of web application directory [/Users/mariapaz/GeneradorFacturasMasivas/apache-tomcat-9.0.97/webapps/manager] has finished in [1.154] ms
05-Dec-2024 11:19:32.919 INFORMACIÓN [main] org.apache.catalina.startup.HostConfig.deployDirectory Desplegando el directorio [/Users/mariapaz/GeneradorFacturasMasivas/apache-tomcat-9.0.97/webapps/examples] de la aplicación web
05-Dec-2024 11:19:37.116 INFORMACIÓN [main] org.apache.jasper.servlet.TldScanner.scanJars Al menos un JAR, que se ha explorado buscando TLDs, aún no contenía TLDs. Activar historial de depuración para este historiador para una completa lista de los JARs que fueron explorados y de los que nos se halló TLDs. Saltarse JARs no necesarios durante la exploración puede dar lugar a una mejora de tiempo significativa en el arranque y compilación de JSP .
05-Dec-2024 11:19:37.226 INFORMACIÓN [main] org.apache.catalina.startup.HostConfig.deployDirectory Deployment of web application directory [/Users/mariapaz/GeneradorFacturasMasivas/apache-tomcat-9.0.97/webapps/examples] has finished in [4.306] ms
05-Dec-2024 11:19:37.227 INFORMACIÓN [main] org.apache.catalina.startup.HostConfig.deployDirectory Desplegando el directorio [/Users/mariapaz/GeneradorFacturasMasivas/apache-tomcat-9.0.97/webapps/ROOT] de la aplicación web
05-Dec-2024 11:19:38.671 INFORMACIÓN [main] org.apache.jasper.servlet.TldScanner.scanJars Al menos un JAR, que se ha explorado buscando TLDs, aún no contenía TLDs. Activar historial de depuración para este historiador para una completa lista de los JARs que fueron explorados y de los que nos se halló TLDs. Saltarse JARs no necesarios durante la exploración puede dar lugar a una mejora de tiempo significativa en el arranque y compilación de JSP .
05-Dec-2024 11:19:38.691 INFORMACIÓN [main] org.apache.catalina.startup.HostConfig.deployDirectory Deployment of web application directory [/Users/mariapaz/GeneradorFacturasMasivas/apache-tomcat-9.0.97/webapps/ROOT] has finished in [1.465] ms
05-Dec-2024 11:19:38.692 INFORMACIÓN [main] org.apache.catalina.startup.HostConfig.deployDirectory Desplegando el directorio [/Users/mariapaz/GeneradorFacturasMasivas/apache-tomcat-9.0.97/webapps/host-manager] de la aplicación web
05-Dec-2024 11:19:40.144 INFORMACIÓN [main] org.apache.jasper.servlet.TldScanner.scanJars Al menos un JAR, que se ha explorado buscando TLDs, aún no contenía TLDs. Activar historial de depuración para este historiador para una completa lista de los JARs que fueron explorados y de los que nos se halló TLDs. Saltarse JARs no necesarios durante la exploración puede dar lugar a una mejora de tiempo significativa en el arranque y compilación de JSP .
05-Dec-2024 11:19:40.150 INFORMACIÓN [main] org.apache.catalina.startup.HostConfig.deployDirectory Deployment of web application directory [/Users/mariapaz/GeneradorFacturasMasivas/apache-tomcat-9.0.97/webapps/host-manager] has finished in [1.458] ms
05-Dec-2024 11:19:40.221 INFORMACIÓN [main] org.apache.coyote.AbstractProtocol.start Starting ProtocolHandler ["http-nio-8081"]
05-Dec-2024 11:19:40.376 GRAVE [http-nio-8081-Acceptor] org.apache.tomcat.util.net.NioEndpoint.setSocketOptions Error setting socket options
	java.net.SocketException: Invalid argument
		at java.base/sun.nio.ch.Net.setIntOption0(Native Method)
		at java.base/sun.nio.ch.Net.setSocketOption(Net.java:455)
		at java.base/sun.nio.ch.Net.setSocketOption(Net.java:393)
		at java.base/sun.nio.ch.SocketChannelImpl.setOption(SocketChannelImpl.java:280)
		at java.base/sun.nio.ch.SocketAdaptor.setIntOption(SocketAdaptor.java:247)
		at java.base/sun.nio.ch.SocketAdaptor.setSoLinger(SocketAdaptor.java:285)
		at org.apache.tomcat.util.net.SocketProperties.setProperties(SocketProperties.java:226)
		at org.apache.tomcat.util.net.NioEndpoint.setSocketOptions(NioEndpoint.java:500)
		at org.apache.tomcat.util.net.NioEndpoint.setSocketOptions(NioEndpoint.java:71)
		at org.apache.tomcat.util.net.Acceptor.run(Acceptor.java:149)
		at java.base/java.lang.Thread.run(Thread.java:833)
05-Dec-2024 11:19:40.400 INFORMACIÓN [main] org.apache.catalina.startup.Catalina.start Server startup in [207851] milliseconds
05-Dec-2024 11:26:53.893 INFORMACIÓN [main] org.apache.catalina.core.StandardServer.await Se ha recibido un comando de apagado a través del puerto de apagado. Parando la instancia del Servidor.
05-Dec-2024 11:26:53.898 INFORMACIÓN [main] org.apache.coyote.AbstractProtocol.pause Pausing ProtocolHandler ["http-nio-8081"]
05-Dec-2024 11:26:53.907 INFORMACIÓN [main] org.apache.catalina.core.StandardService.stopInternal Parando servicio [Catalina]
05-Dec-2024 11:26:54.633 ADVERTENCIA [main] org.apache.catalina.loader.WebappClassLoaderBase.clearReferencesJdbc La aplicación web [reportserver] registró el conductor JDBC [com.microsoft.sqlserver.jdbc.SQLServerDriver] pero falló al anular el registro mientras la aplicación web estaba parada. Para prevenir un fallo de memoria, se ha anulado el registro del conductor JDBC por la fuerza.
05-Dec-2024 11:26:54.637 ADVERTENCIA [main] org.apache.catalina.loader.WebappClassLoaderBase.clearReferencesThreads The web application [reportserver] appears to have started a thread named [org.apache.commons.vfs2.cache.SoftRefFilesCache$ReleaseThread] but has failed to stop it. This is very likely to create a memory leak. Stack trace of thread:
 java.base@17.0.8.1/java.lang.Object.wait(Native Method)
 java.base@17.0.8.1/java.lang.ref.ReferenceQueue.remove(ReferenceQueue.java:155)
 org.apache.commons.vfs2.cache.SoftRefFilesCache$ReleaseThread.run(SoftRefFilesCache.java:54)
05-Dec-2024 11:26:54.956 INFORMACIÓN [main] org.apache.coyote.AbstractProtocol.stop Stopping ProtocolHandler ["http-nio-8081"]
05-Dec-2024 11:26:55.006 INFORMACIÓN [main] org.apache.coyote.AbstractProtocol.destroy Destroying ProtocolHandler ["http-nio-8081"]
05-Dec-2024 11:26:59.191 INFORMACIÓN [main] org.apache.catalina.startup.VersionLoggerListener.log Nombre de la versión del servidor: Apache Tomcat/9.0.97
05-Dec-2024 11:26:59.198 INFORMACIÓN [main] org.apache.catalina.startup.VersionLoggerListener.log Server built:                      Nov 6 2024 19:55:19 UTC
05-Dec-2024 11:26:59.199 INFORMACIÓN [main] org.apache.catalina.startup.VersionLoggerListener.log Número de versión de servidor:     9.0.97.0
05-Dec-2024 11:26:59.199 INFORMACIÓN [main] org.apache.catalina.startup.VersionLoggerListener.log OS Name:                           Mac OS X
05-Dec-2024 11:26:59.199 INFORMACIÓN [main] org.apache.catalina.startup.VersionLoggerListener.log Versión de Systema Operativo:      13.6.4
05-Dec-2024 11:26:59.200 INFORMACIÓN [main] org.apache.catalina.startup.VersionLoggerListener.log Arquitectura:                      x86_64
05-Dec-2024 11:26:59.200 INFORMACIÓN [main] org.apache.catalina.startup.VersionLoggerListener.log Java Home:                         /Users/mariapaz/.sdkman/candidates/java/17.0.8.1-tem
05-Dec-2024 11:26:59.200 INFORMACIÓN [main] org.apache.catalina.startup.VersionLoggerListener.log JVM Version:                       17.0.8.1+1
05-Dec-2024 11:26:59.200 INFORMACIÓN [main] org.apache.catalina.startup.VersionLoggerListener.log Vededor JVM:                       Eclipse Adoptium
05-Dec-2024 11:26:59.201 INFORMACIÓN [main] org.apache.catalina.startup.VersionLoggerListener.log CATALINA_BASE:                     /Users/mariapaz/GeneradorFacturasMasivas/apache-tomcat-9.0.97
05-Dec-2024 11:26:59.201 INFORMACIÓN [main] org.apache.catalina.startup.VersionLoggerListener.log CATALINA_HOME:                     /Users/mariapaz/GeneradorFacturasMasivas/apache-tomcat-9.0.97
05-Dec-2024 11:26:59.235 INFORMACIÓN [main] org.apache.catalina.startup.VersionLoggerListener.log Command line argument:             --add-opens=java.base/java.lang=ALL-UNNAMED
05-Dec-2024 11:26:59.237 INFORMACIÓN [main] org.apache.catalina.startup.VersionLoggerListener.log Command line argument:             --add-opens=java.base/java.io=ALL-UNNAMED
05-Dec-2024 11:26:59.237 INFORMACIÓN [main] org.apache.catalina.startup.VersionLoggerListener.log Command line argument:             --add-opens=java.base/java.util=ALL-UNNAMED
05-Dec-2024 11:26:59.238 INFORMACIÓN [main] org.apache.catalina.startup.VersionLoggerListener.log Command line argument:             --add-opens=java.base/java.util.concurrent=ALL-UNNAMED
05-Dec-2024 11:26:59.239 INFORMACIÓN [main] org.apache.catalina.startup.VersionLoggerListener.log Command line argument:             --add-opens=java.rmi/sun.rmi.transport=ALL-UNNAMED
05-Dec-2024 11:26:59.239 INFORMACIÓN [main] org.apache.catalina.startup.VersionLoggerListener.log Command line argument:             -Djava.util.logging.config.file=/Users/mariapaz/GeneradorFacturasMasivas/apache-tomcat-9.0.97/conf/logging.properties
05-Dec-2024 11:26:59.241 INFORMACIÓN [main] org.apache.catalina.startup.VersionLoggerListener.log Command line argument:             -Djava.util.logging.manager=org.apache.juli.ClassLoaderLogManager
05-Dec-2024 11:26:59.241 INFORMACIÓN [main] org.apache.catalina.startup.VersionLoggerListener.log Command line argument:             -Djava.security.egd=file:/dev/urandom
05-Dec-2024 11:26:59.242 INFORMACIÓN [main] org.apache.catalina.startup.VersionLoggerListener.log Command line argument:             -Djdk.tls.ephemeralDHKeySize=2048
05-Dec-2024 11:26:59.242 INFORMACIÓN [main] org.apache.catalina.startup.VersionLoggerListener.log Command line argument:             -Djava.protocol.handler.pkgs=org.apache.catalina.webresources
05-Dec-2024 11:26:59.242 INFORMACIÓN [main] org.apache.catalina.startup.VersionLoggerListener.log Command line argument:             -Dorg.apache.catalina.security.SecurityListener.UMASK=0027
05-Dec-2024 11:26:59.242 INFORMACIÓN [main] org.apache.catalina.startup.VersionLoggerListener.log Command line argument:             -Drs.configdir=/Users/mariapaz/GeneradorFacturasMasivas/apache-tomcat-9.0.97/webapps/reportserver/WEB-INF
05-Dec-2024 11:26:59.243 INFORMACIÓN [main] org.apache.catalina.startup.VersionLoggerListener.log Command line argument:             -Xmx4096M
05-Dec-2024 11:26:59.243 INFORMACIÓN [main] org.apache.catalina.startup.VersionLoggerListener.log Command line argument:             -Dfile.encoding=UTF8
05-Dec-2024 11:26:59.243 INFORMACIÓN [main] org.apache.catalina.startup.VersionLoggerListener.log Command line argument:             --add-opens=java.base/java.net=ALL-UNNAMED
05-Dec-2024 11:26:59.243 INFORMACIÓN [main] org.apache.catalina.startup.VersionLoggerListener.log Command line argument:             --add-opens=java.base/jdk.internal.ref=ALL-UNNAMED
05-Dec-2024 11:26:59.243 INFORMACIÓN [main] org.apache.catalina.startup.VersionLoggerListener.log Command line argument:             --add-opens=java.base/jdk.internal.reflect=ALL-UNNAMED
05-Dec-2024 11:26:59.244 INFORMACIÓN [main] org.apache.catalina.startup.VersionLoggerListener.log Command line argument:             --add-opens=java.base/java.lang.invoke=ALL-UNNAMED
05-Dec-2024 11:26:59.244 INFORMACIÓN [main] org.apache.catalina.startup.VersionLoggerListener.log Command line argument:             --add-opens=java.base/java.util=ALL-UNNAMED
05-Dec-2024 11:26:59.244 INFORMACIÓN [main] org.apache.catalina.startup.VersionLoggerListener.log Command line argument:             --add-opens=java.base/java.lang.ref=ALL-UNNAMED
05-Dec-2024 11:26:59.244 INFORMACIÓN [main] org.apache.catalina.startup.VersionLoggerListener.log Command line argument:             --add-opens=java.base/java.lang.reflect=ALL-UNNAMED
05-Dec-2024 11:26:59.245 INFORMACIÓN [main] org.apache.catalina.startup.VersionLoggerListener.log Command line argument:             --add-opens=java.base/sun.reflect.generics.repository=ALL-UNNAMED
05-Dec-2024 11:26:59.434 INFORMACIÓN [main] org.apache.catalina.startup.VersionLoggerListener.log Command line argument:             -Dignore.endorsed.dirs=
05-Dec-2024 11:26:59.435 INFORMACIÓN [main] org.apache.catalina.startup.VersionLoggerListener.log Command line argument:             -Dcatalina.base=/Users/mariapaz/GeneradorFacturasMasivas/apache-tomcat-9.0.97
05-Dec-2024 11:26:59.436 INFORMACIÓN [main] org.apache.catalina.startup.VersionLoggerListener.log Command line argument:             -Dcatalina.home=/Users/mariapaz/GeneradorFacturasMasivas/apache-tomcat-9.0.97
05-Dec-2024 11:26:59.436 INFORMACIÓN [main] org.apache.catalina.startup.VersionLoggerListener.log Command line argument:             -Djava.io.tmpdir=/Users/mariapaz/GeneradorFacturasMasivas/apache-tomcat-9.0.97/temp
05-Dec-2024 11:26:59.527 INFORMACIÓN [main] org.apache.catalina.core.AprLifecycleListener.lifecycleEvent La biblioteca nativa de Apache Tomcat basada en ARP que permite un rendimiento óptimo en entornos de desarrollo no ha sido hallada en java.library.path: [/Users/mariapaz/Library/Java/Extensions:/Library/Java/Extensions:/Network/Library/Java/Extensions:/System/Library/Java/Extensions:/usr/lib/java:.]
05-Dec-2024 11:27:02.390 INFORMACIÓN [main] org.apache.coyote.AbstractProtocol.init Inicializando el manejador de protocolo ["http-nio-8081"]

05-Dec-2024 11:27:02.513 INFORMACIÓN [main] org.apache.catalina.startup.Catalina.load Server initialization in [5601] milliseconds
05-Dec-2024 11:27:03.054 INFORMACIÓN [main] org.apache.catalina.core.StandardService.startInternal Arrancando servicio [Catalina]
05-Dec-2024 11:27:03.057 INFORMACIÓN [main] org.apache.catalina.core.StandardEngine.startInternal Starting Servlet engine: [Apache Tomcat/9.0.97]
05-Dec-2024 11:27:03.111 INFORMACIÓN [main] org.apache.catalina.startup.HostConfig.deployDirectory Desplegando el directorio [/Users/mariapaz/GeneradorFacturasMasivas/apache-tomcat-9.0.97/webapps/reportserver] de la aplicación web
05-Dec-2024 11:27:59.795 INFORMACIÓN [main] org.apache.catalina.startup.VersionLoggerListener.log Nombre de la versión del servidor: Apache Tomcat/9.0.97
05-Dec-2024 11:27:59.804 INFORMACIÓN [main] org.apache.catalina.startup.VersionLoggerListener.log Server built:                      Nov 6 2024 19:55:19 UTC
05-Dec-2024 11:27:59.804 INFORMACIÓN [main] org.apache.catalina.startup.VersionLoggerListener.log Número de versión de servidor:     9.0.97.0
05-Dec-2024 11:27:59.804 INFORMACIÓN [main] org.apache.catalina.startup.VersionLoggerListener.log OS Name:                           Mac OS X
05-Dec-2024 11:27:59.805 INFORMACIÓN [main] org.apache.catalina.startup.VersionLoggerListener.log Versión de Systema Operativo:      13.6.4
05-Dec-2024 11:27:59.805 INFORMACIÓN [main] org.apache.catalina.startup.VersionLoggerListener.log Arquitectura:                      x86_64
05-Dec-2024 11:27:59.805 INFORMACIÓN [main] org.apache.catalina.startup.VersionLoggerListener.log Java Home:                         /Users/mariapaz/.sdkman/candidates/java/17.0.8.1-tem
05-Dec-2024 11:27:59.806 INFORMACIÓN [main] org.apache.catalina.startup.VersionLoggerListener.log JVM Version:                       17.0.8.1+1
05-Dec-2024 11:27:59.806 INFORMACIÓN [main] org.apache.catalina.startup.VersionLoggerListener.log Vededor JVM:                       Eclipse Adoptium
05-Dec-2024 11:27:59.807 INFORMACIÓN [main] org.apache.catalina.startup.VersionLoggerListener.log CATALINA_BASE:                     /Users/mariapaz/GeneradorFacturasMasivas/apache-tomcat-9.0.97
05-Dec-2024 11:27:59.807 INFORMACIÓN [main] org.apache.catalina.startup.VersionLoggerListener.log CATALINA_HOME:                     /Users/mariapaz/GeneradorFacturasMasivas/apache-tomcat-9.0.97
05-Dec-2024 11:27:59.906 INFORMACIÓN [main] org.apache.catalina.startup.VersionLoggerListener.log Command line argument:             --add-opens=java.base/java.lang=ALL-UNNAMED
05-Dec-2024 11:27:59.907 INFORMACIÓN [main] org.apache.catalina.startup.VersionLoggerListener.log Command line argument:             --add-opens=java.base/java.io=ALL-UNNAMED
05-Dec-2024 11:27:59.907 INFORMACIÓN [main] org.apache.catalina.startup.VersionLoggerListener.log Command line argument:             --add-opens=java.base/java.util=ALL-UNNAMED
05-Dec-2024 11:27:59.908 INFORMACIÓN [main] org.apache.catalina.startup.VersionLoggerListener.log Command line argument:             --add-opens=java.base/java.util.concurrent=ALL-UNNAMED
05-Dec-2024 11:27:59.908 INFORMACIÓN [main] org.apache.catalina.startup.VersionLoggerListener.log Command line argument:             --add-opens=java.rmi/sun.rmi.transport=ALL-UNNAMED
05-Dec-2024 11:27:59.908 INFORMACIÓN [main] org.apache.catalina.startup.VersionLoggerListener.log Command line argument:             -Djava.util.logging.config.file=/Users/mariapaz/GeneradorFacturasMasivas/apache-tomcat-9.0.97/conf/logging.properties
05-Dec-2024 11:27:59.909 INFORMACIÓN [main] org.apache.catalina.startup.VersionLoggerListener.log Command line argument:             -Djava.util.logging.manager=org.apache.juli.ClassLoaderLogManager
05-Dec-2024 11:27:59.909 INFORMACIÓN [main] org.apache.catalina.startup.VersionLoggerListener.log Command line argument:             -Djava.security.egd=file:/dev/urandom
05-Dec-2024 11:27:59.909 INFORMACIÓN [main] org.apache.catalina.startup.VersionLoggerListener.log Command line argument:             -Djdk.tls.ephemeralDHKeySize=2048
05-Dec-2024 11:27:59.909 INFORMACIÓN [main] org.apache.catalina.startup.VersionLoggerListener.log Command line argument:             -Djava.protocol.handler.pkgs=org.apache.catalina.webresources
05-Dec-2024 11:27:59.910 INFORMACIÓN [main] org.apache.catalina.startup.VersionLoggerListener.log Command line argument:             -Dorg.apache.catalina.security.SecurityListener.UMASK=0027
05-Dec-2024 11:27:59.910 INFORMACIÓN [main] org.apache.catalina.startup.VersionLoggerListener.log Command line argument:             -Drs.configdir=/Users/mariapaz/GeneradorFacturasMasivas/apache-tomcat-9.0.97/webapps/reportserver/WEB-INF
05-Dec-2024 11:27:59.910 INFORMACIÓN [main] org.apache.catalina.startup.VersionLoggerListener.log Command line argument:             -Xmx4096M
05-Dec-2024 11:27:59.910 INFORMACIÓN [main] org.apache.catalina.startup.VersionLoggerListener.log Command line argument:             -Dfile.encoding=UTF8
05-Dec-2024 11:27:59.910 INFORMACIÓN [main] org.apache.catalina.startup.VersionLoggerListener.log Command line argument:             --add-opens=java.base/java.net=ALL-UNNAMED
05-Dec-2024 11:27:59.911 INFORMACIÓN [main] org.apache.catalina.startup.VersionLoggerListener.log Command line argument:             --add-opens=java.base/jdk.internal.ref=ALL-UNNAMED
05-Dec-2024 11:27:59.911 INFORMACIÓN [main] org.apache.catalina.startup.VersionLoggerListener.log Command line argument:             --add-opens=java.base/jdk.internal.reflect=ALL-UNNAMED
05-Dec-2024 11:27:59.911 INFORMACIÓN [main] org.apache.catalina.startup.VersionLoggerListener.log Command line argument:             --add-opens=java.base/java.lang.invoke=ALL-UNNAMED
05-Dec-2024 11:27:59.911 INFORMACIÓN [main] org.apache.catalina.startup.VersionLoggerListener.log Command line argument:             --add-opens=java.base/java.util=ALL-UNNAMED
05-Dec-2024 11:27:59.911 INFORMACIÓN [main] org.apache.catalina.startup.VersionLoggerListener.log Command line argument:             --add-opens=java.base/java.lang.ref=ALL-UNNAMED
05-Dec-2024 11:27:59.912 INFORMACIÓN [main] org.apache.catalina.startup.VersionLoggerListener.log Command line argument:             --add-opens=java.base/java.lang.reflect=ALL-UNNAMED
05-Dec-2024 11:27:59.912 INFORMACIÓN [main] org.apache.catalina.startup.VersionLoggerListener.log Command line argument:             --add-opens=java.base/sun.reflect.generics.repository=ALL-UNNAMED
05-Dec-2024 11:27:59.912 INFORMACIÓN [main] org.apache.catalina.startup.VersionLoggerListener.log Command line argument:             -Dignore.endorsed.dirs=
05-Dec-2024 11:27:59.912 INFORMACIÓN [main] org.apache.catalina.startup.VersionLoggerListener.log Command line argument:             -Dcatalina.base=/Users/mariapaz/GeneradorFacturasMasivas/apache-tomcat-9.0.97
05-Dec-2024 11:27:59.913 INFORMACIÓN [main] org.apache.catalina.startup.VersionLoggerListener.log Command line argument:             -Dcatalina.home=/Users/mariapaz/GeneradorFacturasMasivas/apache-tomcat-9.0.97
05-Dec-2024 11:27:59.913 INFORMACIÓN [main] org.apache.catalina.startup.VersionLoggerListener.log Command line argument:             -Djava.io.tmpdir=/Users/mariapaz/GeneradorFacturasMasivas/apache-tomcat-9.0.97/temp
05-Dec-2024 11:28:00.103 INFORMACIÓN [main] org.apache.catalina.core.AprLifecycleListener.lifecycleEvent La biblioteca nativa de Apache Tomcat basada en ARP que permite un rendimiento óptimo en entornos de desarrollo no ha sido hallada en java.library.path: [/Users/mariapaz/Library/Java/Extensions:/Library/Java/Extensions:/Network/Library/Java/Extensions:/System/Library/Java/Extensions:/usr/lib/java:.]
05-Dec-2024 11:28:05.323 INFORMACIÓN [main] org.apache.coyote.AbstractProtocol.init Inicializando el manejador de protocolo ["http-nio-8081"]

05-Dec-2024 11:28:05.617 GRAVE [main] org.apache.catalina.util.LifecycleBase.handleSubClassException Fallo al iniciar el componente [Connector["http-nio-8081"]]
	org.apache.catalina.LifecycleException: Falló la inicialización del manejador de protocolo
		at org.apache.catalina.connector.Connector.initInternal(Connector.java:1027)
		at org.apache.catalina.util.LifecycleBase.init(LifecycleBase.java:122)
		at org.apache.catalina.core.StandardService.initInternal(StandardService.java:525)
		at org.apache.catalina.util.LifecycleBase.init(LifecycleBase.java:122)
		at org.apache.catalina.core.StandardServer.initInternal(StandardServer.java:986)
		at org.apache.catalina.util.LifecycleBase.init(LifecycleBase.java:122)
		at org.apache.catalina.startup.Catalina.load(Catalina.java:686)
		at org.apache.catalina.startup.Catalina.load(Catalina.java:709)
		at java.base/jdk.internal.reflect.NativeMethodAccessorImpl.invoke0(Native Method)
		at java.base/jdk.internal.reflect.NativeMethodAccessorImpl.invoke(NativeMethodAccessorImpl.java:77)
		at java.base/jdk.internal.reflect.DelegatingMethodAccessorImpl.invoke(DelegatingMethodAccessorImpl.java:43)
		at java.base/java.lang.reflect.Method.invoke(Method.java:568)
		at org.apache.catalina.startup.Bootstrap.load(Bootstrap.java:302)
		at org.apache.catalina.startup.Bootstrap.main(Bootstrap.java:472)
	Caused by: java.net.BindException: Address already in use
		at java.base/sun.nio.ch.Net.bind0(Native Method)
		at java.base/sun.nio.ch.Net.bind(Net.java:555)
		at java.base/sun.nio.ch.ServerSocketChannelImpl.netBind(ServerSocketChannelImpl.java:337)
		at java.base/sun.nio.ch.ServerSocketChannelImpl.bind(ServerSocketChannelImpl.java:294)
		at org.apache.tomcat.util.net.NioEndpoint.initServerSocket(NioEndpoint.java:268)
		at org.apache.tomcat.util.net.NioEndpoint.bind(NioEndpoint.java:223)
		at org.apache.tomcat.util.net.AbstractEndpoint.bindWithCleanup(AbstractEndpoint.java:1373)
		at org.apache.tomcat.util.net.AbstractEndpoint.init(AbstractEndpoint.java:1386)
		at org.apache.coyote.AbstractProtocol.init(AbstractProtocol.java:663)
		at org.apache.coyote.http11.AbstractHttp11Protocol.init(AbstractHttp11Protocol.java:80)
		at org.apache.catalina.connector.Connector.initInternal(Connector.java:1025)
		... 13 more
05-Dec-2024 11:28:05.619 INFORMACIÓN [main] org.apache.catalina.startup.Catalina.load Server initialization in [8175] milliseconds
05-Dec-2024 11:28:06.151 INFORMACIÓN [main] org.apache.catalina.core.StandardService.startInternal Arrancando servicio [Catalina]
05-Dec-2024 11:28:06.151 INFORMACIÓN [main] org.apache.catalina.core.StandardEngine.startInternal Starting Servlet engine: [Apache Tomcat/9.0.97]
05-Dec-2024 11:28:06.353 INFORMACIÓN [main] org.apache.catalina.startup.HostConfig.deployDirectory Desplegando el directorio [/Users/mariapaz/GeneradorFacturasMasivas/apache-tomcat-9.0.97/webapps/reportserver] de la aplicación web
05-Dec-2024 11:29:34.334 INFORMACIÓN [main] org.apache.jasper.servlet.TldScanner.scanJars Al menos un JAR, que se ha explorado buscando TLDs, aún no contenía TLDs. Activar historial de depuración para este historiador para una completa lista de los JARs que fueron explorados y de los que nos se halló TLDs. Saltarse JARs no necesarios durante la exploración puede dar lugar a una mejora de tiempo significativa en el arranque y compilación de JSP .
05-Dec-2024 11:30:41.133 INFORMACIÓN [main] org.apache.catalina.startup.VersionLoggerListener.log Nombre de la versión del servidor: Apache Tomcat/9.0.97
05-Dec-2024 11:30:41.145 INFORMACIÓN [main] org.apache.catalina.startup.VersionLoggerListener.log Server built:                      Nov 6 2024 19:55:19 UTC
05-Dec-2024 11:30:41.146 INFORMACIÓN [main] org.apache.catalina.startup.VersionLoggerListener.log Número de versión de servidor:     9.0.97.0
05-Dec-2024 11:30:41.146 INFORMACIÓN [main] org.apache.catalina.startup.VersionLoggerListener.log OS Name:                           Mac OS X
05-Dec-2024 11:30:41.146 INFORMACIÓN [main] org.apache.catalina.startup.VersionLoggerListener.log Versión de Systema Operativo:      13.6.4
05-Dec-2024 11:30:41.147 INFORMACIÓN [main] org.apache.catalina.startup.VersionLoggerListener.log Arquitectura:                      x86_64
05-Dec-2024 11:30:41.147 INFORMACIÓN [main] org.apache.catalina.startup.VersionLoggerListener.log Java Home:                         /Users/mariapaz/.sdkman/candidates/java/17.0.8.1-tem
05-Dec-2024 11:30:41.147 INFORMACIÓN [main] org.apache.catalina.startup.VersionLoggerListener.log JVM Version:                       17.0.8.1+1
05-Dec-2024 11:30:41.148 INFORMACIÓN [main] org.apache.catalina.startup.VersionLoggerListener.log Vededor JVM:                       Eclipse Adoptium
05-Dec-2024 11:30:41.148 INFORMACIÓN [main] org.apache.catalina.startup.VersionLoggerListener.log CATALINA_BASE:                     /Users/mariapaz/GeneradorFacturasMasivas/apache-tomcat-9.0.97
05-Dec-2024 11:30:41.148 INFORMACIÓN [main] org.apache.catalina.startup.VersionLoggerListener.log CATALINA_HOME:                     /Users/mariapaz/GeneradorFacturasMasivas/apache-tomcat-9.0.97
05-Dec-2024 11:30:41.178 INFORMACIÓN [main] org.apache.catalina.startup.VersionLoggerListener.log Command line argument:             --add-opens=java.base/java.lang=ALL-UNNAMED
05-Dec-2024 11:30:41.178 INFORMACIÓN [main] org.apache.catalina.startup.VersionLoggerListener.log Command line argument:             --add-opens=java.base/java.io=ALL-UNNAMED
05-Dec-2024 11:30:41.179 INFORMACIÓN [main] org.apache.catalina.startup.VersionLoggerListener.log Command line argument:             --add-opens=java.base/java.util=ALL-UNNAMED
05-Dec-2024 11:30:41.179 INFORMACIÓN [main] org.apache.catalina.startup.VersionLoggerListener.log Command line argument:             --add-opens=java.base/java.util.concurrent=ALL-UNNAMED
05-Dec-2024 11:30:41.179 INFORMACIÓN [main] org.apache.catalina.startup.VersionLoggerListener.log Command line argument:             --add-opens=java.rmi/sun.rmi.transport=ALL-UNNAMED
05-Dec-2024 11:30:41.180 INFORMACIÓN [main] org.apache.catalina.startup.VersionLoggerListener.log Command line argument:             -Djava.util.logging.config.file=/Users/mariapaz/GeneradorFacturasMasivas/apache-tomcat-9.0.97/conf/logging.properties
05-Dec-2024 11:30:41.180 INFORMACIÓN [main] org.apache.catalina.startup.VersionLoggerListener.log Command line argument:             -Djava.util.logging.manager=org.apache.juli.ClassLoaderLogManager
05-Dec-2024 11:30:41.180 INFORMACIÓN [main] org.apache.catalina.startup.VersionLoggerListener.log Command line argument:             -Djava.security.egd=file:/dev/urandom
05-Dec-2024 11:30:41.180 INFORMACIÓN [main] org.apache.catalina.startup.VersionLoggerListener.log Command line argument:             -Djdk.tls.ephemeralDHKeySize=2048
05-Dec-2024 11:30:41.181 INFORMACIÓN [main] org.apache.catalina.startup.VersionLoggerListener.log Command line argument:             -Djava.protocol.handler.pkgs=org.apache.catalina.webresources
05-Dec-2024 11:30:41.181 INFORMACIÓN [main] org.apache.catalina.startup.VersionLoggerListener.log Command line argument:             -Dorg.apache.catalina.security.SecurityListener.UMASK=0027
05-Dec-2024 11:30:41.181 INFORMACIÓN [main] org.apache.catalina.startup.VersionLoggerListener.log Command line argument:             -Drs.configdir=/Users/mariapaz/GeneradorFacturasMasivas/apache-tomcat-9.0.97/webapps/reportserver/WEB-INF
05-Dec-2024 11:30:41.181 INFORMACIÓN [main] org.apache.catalina.startup.VersionLoggerListener.log Command line argument:             -Xmx4096M
05-Dec-2024 11:30:41.182 INFORMACIÓN [main] org.apache.catalina.startup.VersionLoggerListener.log Command line argument:             -Dfile.encoding=UTF8
05-Dec-2024 11:30:41.182 INFORMACIÓN [main] org.apache.catalina.startup.VersionLoggerListener.log Command line argument:             --add-opens=java.base/java.net=ALL-UNNAMED
05-Dec-2024 11:30:41.182 INFORMACIÓN [main] org.apache.catalina.startup.VersionLoggerListener.log Command line argument:             --add-opens=java.base/jdk.internal.ref=ALL-UNNAMED
05-Dec-2024 11:30:41.182 INFORMACIÓN [main] org.apache.catalina.startup.VersionLoggerListener.log Command line argument:             --add-opens=java.base/jdk.internal.reflect=ALL-UNNAMED
05-Dec-2024 11:30:41.182 INFORMACIÓN [main] org.apache.catalina.startup.VersionLoggerListener.log Command line argument:             --add-opens=java.base/java.lang.invoke=ALL-UNNAMED
05-Dec-2024 11:30:41.183 INFORMACIÓN [main] org.apache.catalina.startup.VersionLoggerListener.log Command line argument:             --add-opens=java.base/java.util=ALL-UNNAMED
05-Dec-2024 11:30:41.183 INFORMACIÓN [main] org.apache.catalina.startup.VersionLoggerListener.log Command line argument:             --add-opens=java.base/java.lang.ref=ALL-UNNAMED
05-Dec-2024 11:30:41.183 INFORMACIÓN [main] org.apache.catalina.startup.VersionLoggerListener.log Command line argument:             --add-opens=java.base/java.lang.reflect=ALL-UNNAMED
05-Dec-2024 11:30:41.183 INFORMACIÓN [main] org.apache.catalina.startup.VersionLoggerListener.log Command line argument:             --add-opens=java.base/sun.reflect.generics.repository=ALL-UNNAMED
05-Dec-2024 11:30:41.183 INFORMACIÓN [main] org.apache.catalina.startup.VersionLoggerListener.log Command line argument:             -Dignore.endorsed.dirs=
05-Dec-2024 11:30:41.184 INFORMACIÓN [main] org.apache.catalina.startup.VersionLoggerListener.log Command line argument:             -Dcatalina.base=/Users/mariapaz/GeneradorFacturasMasivas/apache-tomcat-9.0.97
05-Dec-2024 11:30:41.184 INFORMACIÓN [main] org.apache.catalina.startup.VersionLoggerListener.log Command line argument:             -Dcatalina.home=/Users/mariapaz/GeneradorFacturasMasivas/apache-tomcat-9.0.97
05-Dec-2024 11:30:41.185 INFORMACIÓN [main] org.apache.catalina.startup.VersionLoggerListener.log Command line argument:             -Djava.io.tmpdir=/Users/mariapaz/GeneradorFacturasMasivas/apache-tomcat-9.0.97/temp
05-Dec-2024 11:30:41.472 INFORMACIÓN [main] org.apache.catalina.core.AprLifecycleListener.lifecycleEvent La biblioteca nativa de Apache Tomcat basada en ARP que permite un rendimiento óptimo en entornos de desarrollo no ha sido hallada en java.library.path: [/Users/mariapaz/Library/Java/Extensions:/Library/Java/Extensions:/Network/Library/Java/Extensions:/System/Library/Java/Extensions:/usr/lib/java:.]
05-Dec-2024 11:30:46.864 INFORMACIÓN [main] org.apache.coyote.AbstractProtocol.init Inicializando el manejador de protocolo ["http-nio-8081"]

05-Dec-2024 11:30:47.254 GRAVE [main] org.apache.catalina.util.LifecycleBase.handleSubClassException Fallo al iniciar el componente [Connector["http-nio-8081"]]
	org.apache.catalina.LifecycleException: Falló la inicialización del manejador de protocolo
		at org.apache.catalina.connector.Connector.initInternal(Connector.java:1027)
		at org.apache.catalina.util.LifecycleBase.init(LifecycleBase.java:122)
		at org.apache.catalina.core.StandardService.initInternal(StandardService.java:525)
		at org.apache.catalina.util.LifecycleBase.init(LifecycleBase.java:122)
		at org.apache.catalina.core.StandardServer.initInternal(StandardServer.java:986)
		at org.apache.catalina.util.LifecycleBase.init(LifecycleBase.java:122)
		at org.apache.catalina.startup.Catalina.load(Catalina.java:686)
		at org.apache.catalina.startup.Catalina.load(Catalina.java:709)
		at java.base/jdk.internal.reflect.NativeMethodAccessorImpl.invoke0(Native Method)
		at java.base/jdk.internal.reflect.NativeMethodAccessorImpl.invoke(NativeMethodAccessorImpl.java:77)
		at java.base/jdk.internal.reflect.DelegatingMethodAccessorImpl.invoke(DelegatingMethodAccessorImpl.java:43)
		at java.base/java.lang.reflect.Method.invoke(Method.java:568)
		at org.apache.catalina.startup.Bootstrap.load(Bootstrap.java:302)
		at org.apache.catalina.startup.Bootstrap.main(Bootstrap.java:472)
	Caused by: java.net.BindException: Address already in use
		at java.base/sun.nio.ch.Net.bind0(Native Method)
		at java.base/sun.nio.ch.Net.bind(Net.java:555)
		at java.base/sun.nio.ch.ServerSocketChannelImpl.netBind(ServerSocketChannelImpl.java:337)
		at java.base/sun.nio.ch.ServerSocketChannelImpl.bind(ServerSocketChannelImpl.java:294)
		at org.apache.tomcat.util.net.NioEndpoint.initServerSocket(NioEndpoint.java:268)
		at org.apache.tomcat.util.net.NioEndpoint.bind(NioEndpoint.java:223)
		at org.apache.tomcat.util.net.AbstractEndpoint.bindWithCleanup(AbstractEndpoint.java:1373)
		at org.apache.tomcat.util.net.AbstractEndpoint.init(AbstractEndpoint.java:1386)
		at org.apache.coyote.AbstractProtocol.init(AbstractProtocol.java:663)
		at org.apache.coyote.http11.AbstractHttp11Protocol.init(AbstractHttp11Protocol.java:80)
		at org.apache.catalina.connector.Connector.initInternal(Connector.java:1025)
		... 13 more
05-Dec-2024 11:30:47.290 INFORMACIÓN [main] org.apache.catalina.startup.Catalina.load Server initialization in [9777] milliseconds
05-Dec-2024 11:30:48.087 INFORMACIÓN [main] org.apache.catalina.core.StandardService.startInternal Arrancando servicio [Catalina]
05-Dec-2024 11:30:48.088 INFORMACIÓN [main] org.apache.catalina.core.StandardEngine.startInternal Starting Servlet engine: [Apache Tomcat/9.0.97]
05-Dec-2024 11:30:48.114 INFORMACIÓN [main] org.apache.catalina.startup.HostConfig.deployDirectory Desplegando el directorio [/Users/mariapaz/GeneradorFacturasMasivas/apache-tomcat-9.0.97/webapps/reportserver] de la aplicación web
05-Dec-2024 11:31:29.671 INFORMACIÓN [main] org.apache.jasper.servlet.TldScanner.scanJars Al menos un JAR, que se ha explorado buscando TLDs, aún no contenía TLDs. Activar historial de depuración para este historiador para una completa lista de los JARs que fueron explorados y de los que nos se halló TLDs. Saltarse JARs no necesarios durante la exploración puede dar lugar a una mejora de tiempo significativa en el arranque y compilación de JSP .
05-Dec-2024 11:34:53.887 INFORMACIÓN [main] org.apache.jasper.servlet.TldScanner.scanJars Al menos un JAR, que se ha explorado buscando TLDs, aún no contenía TLDs. Activar historial de depuración para este historiador para una completa lista de los JARs que fueron explorados y de los que nos se halló TLDs. Saltarse JARs no necesarios durante la exploración puede dar lugar a una mejora de tiempo significativa en el arranque y compilación de JSP .
05-Dec-2024 11:40:15.352 INFORMACIÓN [main] org.apache.catalina.startup.HostConfig.deployDirectory Deployment of web application directory [/Users/mariapaz/GeneradorFacturasMasivas/apache-tomcat-9.0.97/webapps/reportserver] has finished in [792.241] ms
05-Dec-2024 11:40:15.354 INFORMACIÓN [main] org.apache.catalina.startup.HostConfig.deployDirectory Desplegando el directorio [/Users/mariapaz/GeneradorFacturasMasivas/apache-tomcat-9.0.97/webapps/docs] de la aplicación web
05-Dec-2024 11:40:19.231 INFORMACIÓN [main] org.apache.jasper.servlet.TldScanner.scanJars Al menos un JAR, que se ha explorado buscando TLDs, aún no contenía TLDs. Activar historial de depuración para este historiador para una completa lista de los JARs que fueron explorados y de los que nos se halló TLDs. Saltarse JARs no necesarios durante la exploración puede dar lugar a una mejora de tiempo significativa en el arranque y compilación de JSP .
05-Dec-2024 11:40:19.245 INFORMACIÓN [main] org.apache.catalina.startup.HostConfig.deployDirectory Deployment of web application directory [/Users/mariapaz/GeneradorFacturasMasivas/apache-tomcat-9.0.97/webapps/docs] has finished in [3.891] ms
05-Dec-2024 11:40:19.246 INFORMACIÓN [main] org.apache.catalina.startup.HostConfig.deployDirectory Desplegando el directorio [/Users/mariapaz/GeneradorFacturasMasivas/apache-tomcat-9.0.97/webapps/manager] de la aplicación web
05-Dec-2024 11:40:22.959 INFORMACIÓN [main] org.apache.jasper.servlet.TldScanner.scanJars Al menos un JAR, que se ha explorado buscando TLDs, aún no contenía TLDs. Activar historial de depuración para este historiador para una completa lista de los JARs que fueron explorados y de los que nos se halló TLDs. Saltarse JARs no necesarios durante la exploración puede dar lugar a una mejora de tiempo significativa en el arranque y compilación de JSP .
05-Dec-2024 11:40:23.050 INFORMACIÓN [main] org.apache.catalina.startup.HostConfig.deployDirectory Deployment of web application directory [/Users/mariapaz/GeneradorFacturasMasivas/apache-tomcat-9.0.97/webapps/manager] has finished in [3.804] ms
05-Dec-2024 11:40:23.051 INFORMACIÓN [main] org.apache.catalina.startup.HostConfig.deployDirectory Desplegando el directorio [/Users/mariapaz/GeneradorFacturasMasivas/apache-tomcat-9.0.97/webapps/examples] de la aplicación web
05-Dec-2024 11:40:29.922 INFORMACIÓN [main] org.apache.jasper.servlet.TldScanner.scanJars Al menos un JAR, que se ha explorado buscando TLDs, aún no contenía TLDs. Activar historial de depuración para este historiador para una completa lista de los JARs que fueron explorados y de los que nos se halló TLDs. Saltarse JARs no necesarios durante la exploración puede dar lugar a una mejora de tiempo significativa en el arranque y compilación de JSP .
05-Dec-2024 11:40:30.315 INFORMACIÓN [main] org.apache.catalina.startup.HostConfig.deployDirectory Deployment of web application directory [/Users/mariapaz/GeneradorFacturasMasivas/apache-tomcat-9.0.97/webapps/examples] has finished in [7.263] ms
05-Dec-2024 11:40:30.315 INFORMACIÓN [main] org.apache.catalina.startup.HostConfig.deployDirectory Desplegando el directorio [/Users/mariapaz/GeneradorFacturasMasivas/apache-tomcat-9.0.97/webapps/ROOT] de la aplicación web
05-Dec-2024 11:40:34.577 INFORMACIÓN [main] org.apache.jasper.servlet.TldScanner.scanJars Al menos un JAR, que se ha explorado buscando TLDs, aún no contenía TLDs. Activar historial de depuración para este historiador para una completa lista de los JARs que fueron explorados y de los que nos se halló TLDs. Saltarse JARs no necesarios durante la exploración puede dar lugar a una mejora de tiempo significativa en el arranque y compilación de JSP .
05-Dec-2024 11:40:34.583 INFORMACIÓN [main] org.apache.catalina.startup.HostConfig.deployDirectory Deployment of web application directory [/Users/mariapaz/GeneradorFacturasMasivas/apache-tomcat-9.0.97/webapps/ROOT] has finished in [4.268] ms
05-Dec-2024 11:40:34.584 INFORMACIÓN [main] org.apache.catalina.startup.HostConfig.deployDirectory Desplegando el directorio [/Users/mariapaz/GeneradorFacturasMasivas/apache-tomcat-9.0.97/webapps/host-manager] de la aplicación web
05-Dec-2024 11:40:38.590 INFORMACIÓN [main] org.apache.jasper.servlet.TldScanner.scanJars Al menos un JAR, que se ha explorado buscando TLDs, aún no contenía TLDs. Activar historial de depuración para este historiador para una completa lista de los JARs que fueron explorados y de los que nos se halló TLDs. Saltarse JARs no necesarios durante la exploración puede dar lugar a una mejora de tiempo significativa en el arranque y compilación de JSP .
05-Dec-2024 11:40:38.650 INFORMACIÓN [main] org.apache.catalina.startup.HostConfig.deployDirectory Deployment of web application directory [/Users/mariapaz/GeneradorFacturasMasivas/apache-tomcat-9.0.97/webapps/host-manager] has finished in [4.066] ms
05-Dec-2024 11:40:38.692 INFORMACIÓN [main] org.apache.coyote.AbstractProtocol.start Starting ProtocolHandler ["http-nio-8081"]
05-Dec-2024 11:40:38.743 GRAVE [http-nio-8081-Acceptor] org.apache.tomcat.util.net.NioEndpoint.setSocketOptions Error setting socket options
	java.net.SocketException: Invalid argument
		at java.base/sun.nio.ch.Net.setIntOption0(Native Method)
		at java.base/sun.nio.ch.Net.setSocketOption(Net.java:455)
		at java.base/sun.nio.ch.Net.setSocketOption(Net.java:393)
		at java.base/sun.nio.ch.SocketChannelImpl.setOption(SocketChannelImpl.java:280)
		at java.base/sun.nio.ch.SocketAdaptor.setIntOption(SocketAdaptor.java:247)
		at java.base/sun.nio.ch.SocketAdaptor.setSoLinger(SocketAdaptor.java:285)
		at org.apache.tomcat.util.net.SocketProperties.setProperties(SocketProperties.java:226)
		at org.apache.tomcat.util.net.NioEndpoint.setSocketOptions(NioEndpoint.java:500)
		at org.apache.tomcat.util.net.NioEndpoint.setSocketOptions(NioEndpoint.java:71)
		at org.apache.tomcat.util.net.Acceptor.run(Acceptor.java:149)
		at java.base/java.lang.Thread.run(Thread.java:833)
05-Dec-2024 11:40:38.745 GRAVE [http-nio-8081-Acceptor] org.apache.tomcat.util.net.NioEndpoint.setSocketOptions Error setting socket options
	java.net.SocketException: Invalid argument
		at java.base/sun.nio.ch.Net.setIntOption0(Native Method)
		at java.base/sun.nio.ch.Net.setSocketOption(Net.java:455)
		at java.base/sun.nio.ch.Net.setSocketOption(Net.java:393)
		at java.base/sun.nio.ch.SocketChannelImpl.setOption(SocketChannelImpl.java:280)
		at java.base/sun.nio.ch.SocketAdaptor.setIntOption(SocketAdaptor.java:247)
		at java.base/sun.nio.ch.SocketAdaptor.setSoLinger(SocketAdaptor.java:285)
		at org.apache.tomcat.util.net.SocketProperties.setProperties(SocketProperties.java:226)
		at org.apache.tomcat.util.net.NioEndpoint.setSocketOptions(NioEndpoint.java:500)
		at org.apache.tomcat.util.net.NioEndpoint.setSocketOptions(NioEndpoint.java:71)
		at org.apache.tomcat.util.net.Acceptor.run(Acceptor.java:149)
		at java.base/java.lang.Thread.run(Thread.java:833)
05-Dec-2024 11:40:38.747 GRAVE [http-nio-8081-Acceptor] org.apache.tomcat.util.net.NioEndpoint.setSocketOptions Error setting socket options
	java.net.SocketException: Invalid argument
		at java.base/sun.nio.ch.Net.setIntOption0(Native Method)
		at java.base/sun.nio.ch.Net.setSocketOption(Net.java:455)
		at java.base/sun.nio.ch.Net.setSocketOption(Net.java:393)
		at java.base/sun.nio.ch.SocketChannelImpl.setOption(SocketChannelImpl.java:280)
		at java.base/sun.nio.ch.SocketAdaptor.setIntOption(SocketAdaptor.java:247)
		at java.base/sun.nio.ch.SocketAdaptor.setSoLinger(SocketAdaptor.java:285)
		at org.apache.tomcat.util.net.SocketProperties.setProperties(SocketProperties.java:226)
		at org.apache.tomcat.util.net.NioEndpoint.setSocketOptions(NioEndpoint.java:500)
		at org.apache.tomcat.util.net.NioEndpoint.setSocketOptions(NioEndpoint.java:71)
		at org.apache.tomcat.util.net.Acceptor.run(Acceptor.java:149)
		at java.base/java.lang.Thread.run(Thread.java:833)
05-Dec-2024 11:40:38.748 GRAVE [http-nio-8081-Acceptor] org.apache.tomcat.util.net.NioEndpoint.setSocketOptions Error setting socket options
	java.net.SocketException: Invalid argument
		at java.base/sun.nio.ch.Net.setIntOption0(Native Method)
		at java.base/sun.nio.ch.Net.setSocketOption(Net.java:455)
		at java.base/sun.nio.ch.Net.setSocketOption(Net.java:393)
		at java.base/sun.nio.ch.SocketChannelImpl.setOption(SocketChannelImpl.java:280)
		at java.base/sun.nio.ch.SocketAdaptor.setIntOption(SocketAdaptor.java:247)
		at java.base/sun.nio.ch.SocketAdaptor.setSoLinger(SocketAdaptor.java:285)
		at org.apache.tomcat.util.net.SocketProperties.setProperties(SocketProperties.java:226)
		at org.apache.tomcat.util.net.NioEndpoint.setSocketOptions(NioEndpoint.java:500)
		at org.apache.tomcat.util.net.NioEndpoint.setSocketOptions(NioEndpoint.java:71)
		at org.apache.tomcat.util.net.Acceptor.run(Acceptor.java:149)
		at java.base/java.lang.Thread.run(Thread.java:833)
05-Dec-2024 11:40:38.749 GRAVE [http-nio-8081-Acceptor] org.apache.tomcat.util.net.NioEndpoint.setSocketOptions Error setting socket options
	java.net.SocketException: Invalid argument
		at java.base/sun.nio.ch.Net.setIntOption0(Native Method)
		at java.base/sun.nio.ch.Net.setSocketOption(Net.java:455)
		at java.base/sun.nio.ch.Net.setSocketOption(Net.java:393)
		at java.base/sun.nio.ch.SocketChannelImpl.setOption(SocketChannelImpl.java:280)
		at java.base/sun.nio.ch.SocketAdaptor.setIntOption(SocketAdaptor.java:247)
		at java.base/sun.nio.ch.SocketAdaptor.setSoLinger(SocketAdaptor.java:285)
		at org.apache.tomcat.util.net.SocketProperties.setProperties(SocketProperties.java:226)
		at org.apache.tomcat.util.net.NioEndpoint.setSocketOptions(NioEndpoint.java:500)
		at org.apache.tomcat.util.net.NioEndpoint.setSocketOptions(NioEndpoint.java:71)
		at org.apache.tomcat.util.net.Acceptor.run(Acceptor.java:149)
		at java.base/java.lang.Thread.run(Thread.java:833)
05-Dec-2024 11:40:38.751 GRAVE [http-nio-8081-Acceptor] org.apache.tomcat.util.net.NioEndpoint.setSocketOptions Error setting socket options
	java.net.SocketException: Invalid argument
		at java.base/sun.nio.ch.Net.setIntOption0(Native Method)
		at java.base/sun.nio.ch.Net.setSocketOption(Net.java:455)
		at java.base/sun.nio.ch.Net.setSocketOption(Net.java:393)
		at java.base/sun.nio.ch.SocketChannelImpl.setOption(SocketChannelImpl.java:280)
		at java.base/sun.nio.ch.SocketAdaptor.setIntOption(SocketAdaptor.java:247)
		at java.base/sun.nio.ch.SocketAdaptor.setSoLinger(SocketAdaptor.java:285)
		at org.apache.tomcat.util.net.SocketProperties.setProperties(SocketProperties.java:226)
		at org.apache.tomcat.util.net.NioEndpoint.setSocketOptions(NioEndpoint.java:500)
		at org.apache.tomcat.util.net.NioEndpoint.setSocketOptions(NioEndpoint.java:71)
		at org.apache.tomcat.util.net.Acceptor.run(Acceptor.java:149)
		at java.base/java.lang.Thread.run(Thread.java:833)
05-Dec-2024 11:40:38.753 GRAVE [http-nio-8081-Acceptor] org.apache.tomcat.util.net.NioEndpoint.setSocketOptions Error setting socket options
	java.net.SocketException: Invalid argument
		at java.base/sun.nio.ch.Net.setIntOption0(Native Method)
		at java.base/sun.nio.ch.Net.setSocketOption(Net.java:455)
		at java.base/sun.nio.ch.Net.setSocketOption(Net.java:393)
		at java.base/sun.nio.ch.SocketChannelImpl.setOption(SocketChannelImpl.java:280)
		at java.base/sun.nio.ch.SocketAdaptor.setIntOption(SocketAdaptor.java:247)
		at java.base/sun.nio.ch.SocketAdaptor.setSoLinger(SocketAdaptor.java:285)
		at org.apache.tomcat.util.net.SocketProperties.setProperties(SocketProperties.java:226)
		at org.apache.tomcat.util.net.NioEndpoint.setSocketOptions(NioEndpoint.java:500)
		at org.apache.tomcat.util.net.NioEndpoint.setSocketOptions(NioEndpoint.java:71)
		at org.apache.tomcat.util.net.Acceptor.run(Acceptor.java:149)
		at java.base/java.lang.Thread.run(Thread.java:833)
05-Dec-2024 11:40:38.756 GRAVE [http-nio-8081-Acceptor] org.apache.tomcat.util.net.NioEndpoint.setSocketOptions Error setting socket options
	java.net.SocketException: Invalid argument
		at java.base/sun.nio.ch.Net.setIntOption0(Native Method)
		at java.base/sun.nio.ch.Net.setSocketOption(Net.java:455)
		at java.base/sun.nio.ch.Net.setSocketOption(Net.java:393)
		at java.base/sun.nio.ch.SocketChannelImpl.setOption(SocketChannelImpl.java:280)
		at java.base/sun.nio.ch.SocketAdaptor.setIntOption(SocketAdaptor.java:247)
		at java.base/sun.nio.ch.SocketAdaptor.setSoLinger(SocketAdaptor.java:285)
		at org.apache.tomcat.util.net.SocketProperties.setProperties(SocketProperties.java:226)
		at org.apache.tomcat.util.net.NioEndpoint.setSocketOptions(NioEndpoint.java:500)
		at org.apache.tomcat.util.net.NioEndpoint.setSocketOptions(NioEndpoint.java:71)
		at org.apache.tomcat.util.net.Acceptor.run(Acceptor.java:149)
		at java.base/java.lang.Thread.run(Thread.java:833)
05-Dec-2024 11:40:38.758 GRAVE [http-nio-8081-Acceptor] org.apache.tomcat.util.net.NioEndpoint.setSocketOptions Error setting socket options
	java.net.SocketException: Invalid argument
		at java.base/sun.nio.ch.Net.setIntOption0(Native Method)
		at java.base/sun.nio.ch.Net.setSocketOption(Net.java:455)
		at java.base/sun.nio.ch.Net.setSocketOption(Net.java:393)
		at java.base/sun.nio.ch.SocketChannelImpl.setOption(SocketChannelImpl.java:280)
		at java.base/sun.nio.ch.SocketAdaptor.setIntOption(SocketAdaptor.java:247)
		at java.base/sun.nio.ch.SocketAdaptor.setSoLinger(SocketAdaptor.java:285)
		at org.apache.tomcat.util.net.SocketProperties.setProperties(SocketProperties.java:226)
		at org.apache.tomcat.util.net.NioEndpoint.setSocketOptions(NioEndpoint.java:500)
		at org.apache.tomcat.util.net.NioEndpoint.setSocketOptions(NioEndpoint.java:71)
		at org.apache.tomcat.util.net.Acceptor.run(Acceptor.java:149)
		at java.base/java.lang.Thread.run(Thread.java:833)
05-Dec-2024 11:40:38.760 GRAVE [http-nio-8081-Acceptor] org.apache.tomcat.util.net.NioEndpoint.setSocketOptions Error setting socket options
	java.net.SocketException: Invalid argument
		at java.base/sun.nio.ch.Net.setIntOption0(Native Method)
		at java.base/sun.nio.ch.Net.setSocketOption(Net.java:455)
		at java.base/sun.nio.ch.Net.setSocketOption(Net.java:393)
		at java.base/sun.nio.ch.SocketChannelImpl.setOption(SocketChannelImpl.java:280)
		at java.base/sun.nio.ch.SocketAdaptor.setIntOption(SocketAdaptor.java:247)
		at java.base/sun.nio.ch.SocketAdaptor.setSoLinger(SocketAdaptor.java:285)
		at org.apache.tomcat.util.net.SocketProperties.setProperties(SocketProperties.java:226)
		at org.apache.tomcat.util.net.NioEndpoint.setSocketOptions(NioEndpoint.java:500)
		at org.apache.tomcat.util.net.NioEndpoint.setSocketOptions(NioEndpoint.java:71)
		at org.apache.tomcat.util.net.Acceptor.run(Acceptor.java:149)
		at java.base/java.lang.Thread.run(Thread.java:833)
05-Dec-2024 11:40:38.761 GRAVE [http-nio-8081-Acceptor] org.apache.tomcat.util.net.NioEndpoint.setSocketOptions Error setting socket options
	java.net.SocketException: Invalid argument
		at java.base/sun.nio.ch.Net.setIntOption0(Native Method)
		at java.base/sun.nio.ch.Net.setSocketOption(Net.java:455)
		at java.base/sun.nio.ch.Net.setSocketOption(Net.java:393)
		at java.base/sun.nio.ch.SocketChannelImpl.setOption(SocketChannelImpl.java:280)
		at java.base/sun.nio.ch.SocketAdaptor.setIntOption(SocketAdaptor.java:247)
		at java.base/sun.nio.ch.SocketAdaptor.setSoLinger(SocketAdaptor.java:285)
		at org.apache.tomcat.util.net.SocketProperties.setProperties(SocketProperties.java:226)
		at org.apache.tomcat.util.net.NioEndpoint.setSocketOptions(NioEndpoint.java:500)
		at org.apache.tomcat.util.net.NioEndpoint.setSocketOptions(NioEndpoint.java:71)
		at org.apache.tomcat.util.net.Acceptor.run(Acceptor.java:149)
		at java.base/java.lang.Thread.run(Thread.java:833)
05-Dec-2024 11:40:38.762 GRAVE [http-nio-8081-Acceptor] org.apache.tomcat.util.net.NioEndpoint.setSocketOptions Error setting socket options
	java.net.SocketException: Invalid argument
		at java.base/sun.nio.ch.Net.setIntOption0(Native Method)
		at java.base/sun.nio.ch.Net.setSocketOption(Net.java:455)
		at java.base/sun.nio.ch.Net.setSocketOption(Net.java:393)
		at java.base/sun.nio.ch.SocketChannelImpl.setOption(SocketChannelImpl.java:280)
		at java.base/sun.nio.ch.SocketAdaptor.setIntOption(SocketAdaptor.java:247)
		at java.base/sun.nio.ch.SocketAdaptor.setSoLinger(SocketAdaptor.java:285)
		at org.apache.tomcat.util.net.SocketProperties.setProperties(SocketProperties.java:226)
		at org.apache.tomcat.util.net.NioEndpoint.setSocketOptions(NioEndpoint.java:500)
		at org.apache.tomcat.util.net.NioEndpoint.setSocketOptions(NioEndpoint.java:71)
		at org.apache.tomcat.util.net.Acceptor.run(Acceptor.java:149)
		at java.base/java.lang.Thread.run(Thread.java:833)
05-Dec-2024 11:40:38.765 GRAVE [http-nio-8081-Acceptor] org.apache.tomcat.util.net.NioEndpoint.setSocketOptions Error setting socket options
	java.net.SocketException: Invalid argument
		at java.base/sun.nio.ch.Net.setIntOption0(Native Method)
		at java.base/sun.nio.ch.Net.setSocketOption(Net.java:455)
		at java.base/sun.nio.ch.Net.setSocketOption(Net.java:393)
		at java.base/sun.nio.ch.SocketChannelImpl.setOption(SocketChannelImpl.java:280)
		at java.base/sun.nio.ch.SocketAdaptor.setIntOption(SocketAdaptor.java:247)
		at java.base/sun.nio.ch.SocketAdaptor.setSoLinger(SocketAdaptor.java:285)
		at org.apache.tomcat.util.net.SocketProperties.setProperties(SocketProperties.java:226)
		at org.apache.tomcat.util.net.NioEndpoint.setSocketOptions(NioEndpoint.java:500)
		at org.apache.tomcat.util.net.NioEndpoint.setSocketOptions(NioEndpoint.java:71)
		at org.apache.tomcat.util.net.Acceptor.run(Acceptor.java:149)
		at java.base/java.lang.Thread.run(Thread.java:833)
05-Dec-2024 11:40:38.984 INFORMACIÓN [main] org.apache.catalina.startup.Catalina.start Server startup in [816493] milliseconds
05-Dec-2024 11:41:25.659 INFORMACIÓN [main] org.apache.catalina.startup.HostConfig.deployDirectory Deployment of web application directory [/Users/mariapaz/GeneradorFacturasMasivas/apache-tomcat-9.0.97/webapps/reportserver] has finished in [799.305] ms
05-Dec-2024 11:41:25.667 INFORMACIÓN [main] org.apache.catalina.startup.HostConfig.deployDirectory Desplegando el directorio [/Users/mariapaz/GeneradorFacturasMasivas/apache-tomcat-9.0.97/webapps/docs] de la aplicación web
05-Dec-2024 11:41:27.840 INFORMACIÓN [main] org.apache.jasper.servlet.TldScanner.scanJars Al menos un JAR, que se ha explorado buscando TLDs, aún no contenía TLDs. Activar historial de depuración para este historiador para una completa lista de los JARs que fueron explorados y de los que nos se halló TLDs. Saltarse JARs no necesarios durante la exploración puede dar lugar a una mejora de tiempo significativa en el arranque y compilación de JSP .
05-Dec-2024 11:41:27.940 INFORMACIÓN [main] org.apache.catalina.startup.HostConfig.deployDirectory Deployment of web application directory [/Users/mariapaz/GeneradorFacturasMasivas/apache-tomcat-9.0.97/webapps/docs] has finished in [2.270] ms
05-Dec-2024 11:41:27.941 INFORMACIÓN [main] org.apache.catalina.startup.HostConfig.deployDirectory Desplegando el directorio [/Users/mariapaz/GeneradorFacturasMasivas/apache-tomcat-9.0.97/webapps/manager] de la aplicación web
05-Dec-2024 11:41:30.623 INFORMACIÓN [main] org.apache.jasper.servlet.TldScanner.scanJars Al menos un JAR, que se ha explorado buscando TLDs, aún no contenía TLDs. Activar historial de depuración para este historiador para una completa lista de los JARs que fueron explorados y de los que nos se halló TLDs. Saltarse JARs no necesarios durante la exploración puede dar lugar a una mejora de tiempo significativa en el arranque y compilación de JSP .
05-Dec-2024 11:41:30.687 INFORMACIÓN [main] org.apache.catalina.startup.HostConfig.deployDirectory Deployment of web application directory [/Users/mariapaz/GeneradorFacturasMasivas/apache-tomcat-9.0.97/webapps/manager] has finished in [2.746] ms
05-Dec-2024 11:41:30.688 INFORMACIÓN [main] org.apache.catalina.startup.HostConfig.deployDirectory Desplegando el directorio [/Users/mariapaz/GeneradorFacturasMasivas/apache-tomcat-9.0.97/webapps/examples] de la aplicación web
05-Dec-2024 11:41:38.283 INFORMACIÓN [main] org.apache.jasper.servlet.TldScanner.scanJars Al menos un JAR, que se ha explorado buscando TLDs, aún no contenía TLDs. Activar historial de depuración para este historiador para una completa lista de los JARs que fueron explorados y de los que nos se halló TLDs. Saltarse JARs no necesarios durante la exploración puede dar lugar a una mejora de tiempo significativa en el arranque y compilación de JSP .
05-Dec-2024 11:41:38.373 INFORMACIÓN [main] org.apache.catalina.startup.HostConfig.deployDirectory Deployment of web application directory [/Users/mariapaz/GeneradorFacturasMasivas/apache-tomcat-9.0.97/webapps/examples] has finished in [7.684] ms
05-Dec-2024 11:41:38.380 INFORMACIÓN [main] org.apache.catalina.startup.HostConfig.deployDirectory Desplegando el directorio [/Users/mariapaz/GeneradorFacturasMasivas/apache-tomcat-9.0.97/webapps/ROOT] de la aplicación web
05-Dec-2024 11:41:42.310 INFORMACIÓN [main] org.apache.jasper.servlet.TldScanner.scanJars Al menos un JAR, que se ha explorado buscando TLDs, aún no contenía TLDs. Activar historial de depuración para este historiador para una completa lista de los JARs que fueron explorados y de los que nos se halló TLDs. Saltarse JARs no necesarios durante la exploración puede dar lugar a una mejora de tiempo significativa en el arranque y compilación de JSP .
05-Dec-2024 11:41:42.315 INFORMACIÓN [main] org.apache.catalina.startup.HostConfig.deployDirectory Deployment of web application directory [/Users/mariapaz/GeneradorFacturasMasivas/apache-tomcat-9.0.97/webapps/ROOT] has finished in [3.934] ms
05-Dec-2024 11:41:42.316 INFORMACIÓN [main] org.apache.catalina.startup.HostConfig.deployDirectory Desplegando el directorio [/Users/mariapaz/GeneradorFacturasMasivas/apache-tomcat-9.0.97/webapps/host-manager] de la aplicación web
05-Dec-2024 11:41:44.613 INFORMACIÓN [main] org.apache.jasper.servlet.TldScanner.scanJars Al menos un JAR, que se ha explorado buscando TLDs, aún no contenía TLDs. Activar historial de depuración para este historiador para una completa lista de los JARs que fueron explorados y de los que nos se halló TLDs. Saltarse JARs no necesarios durante la exploración puede dar lugar a una mejora de tiempo significativa en el arranque y compilación de JSP .
05-Dec-2024 11:41:44.618 INFORMACIÓN [main] org.apache.catalina.startup.HostConfig.deployDirectory Deployment of web application directory [/Users/mariapaz/GeneradorFacturasMasivas/apache-tomcat-9.0.97/webapps/host-manager] has finished in [2.303] ms
05-Dec-2024 11:41:44.720 INFORMACIÓN [main] org.apache.catalina.startup.Catalina.start Server startup in [819123] milliseconds
05-Dec-2024 11:41:44.727 GRAVE [main] org.apache.catalina.core.StandardServer.await Failed to create server shutdown socket on address [localhost] and port [8010] (base port [8010] and offset [0])
	java.net.BindException: Address already in use
		at java.base/sun.nio.ch.Net.bind0(Native Method)
		at java.base/sun.nio.ch.Net.bind(Net.java:555)
		at java.base/sun.nio.ch.Net.bind(Net.java:544)
		at java.base/sun.nio.ch.NioSocketImpl.bind(NioSocketImpl.java:648)
		at java.base/java.net.ServerSocket.bind(ServerSocket.java:388)
		at java.base/java.net.ServerSocket.<init>(ServerSocket.java:274)
		at org.apache.catalina.core.StandardServer.await(StandardServer.java:537)
		at org.apache.catalina.startup.Catalina.await(Catalina.java:825)
		at org.apache.catalina.startup.Catalina.start(Catalina.java:773)
		at java.base/jdk.internal.reflect.NativeMethodAccessorImpl.invoke0(Native Method)
		at java.base/jdk.internal.reflect.NativeMethodAccessorImpl.invoke(NativeMethodAccessorImpl.java:77)
		at java.base/jdk.internal.reflect.DelegatingMethodAccessorImpl.invoke(DelegatingMethodAccessorImpl.java:43)
		at java.base/java.lang.reflect.Method.invoke(Method.java:568)
		at org.apache.catalina.startup.Bootstrap.start(Bootstrap.java:345)
		at org.apache.catalina.startup.Bootstrap.main(Bootstrap.java:473)
05-Dec-2024 11:41:44.771 INFORMACIÓN [main] org.apache.coyote.AbstractProtocol.pause Pausing ProtocolHandler ["http-nio-8081"]
05-Dec-2024 11:41:44.771 INFORMACIÓN [main] org.apache.catalina.core.StandardService.stopInternal Parando servicio [Catalina]
05-Dec-2024 11:41:45.524 ADVERTENCIA [main] org.apache.catalina.loader.WebappClassLoaderBase.clearReferencesJdbc La aplicación web [reportserver] registró el conductor JDBC [com.microsoft.sqlserver.jdbc.SQLServerDriver] pero falló al anular el registro mientras la aplicación web estaba parada. Para prevenir un fallo de memoria, se ha anulado el registro del conductor JDBC por la fuerza.
05-Dec-2024 11:41:45.538 ADVERTENCIA [main] org.apache.catalina.loader.WebappClassLoaderBase.clearReferencesThreads The web application [reportserver] appears to have started a thread named [org.apache.commons.vfs2.cache.SoftRefFilesCache$ReleaseThread] but has failed to stop it. This is very likely to create a memory leak. Stack trace of thread:
 java.base@17.0.8.1/java.lang.Object.wait(Native Method)
 java.base@17.0.8.1/java.lang.ref.ReferenceQueue.remove(ReferenceQueue.java:155)
 org.apache.commons.vfs2.cache.SoftRefFilesCache$ReleaseThread.run(SoftRefFilesCache.java:54)
05-Dec-2024 11:41:45.539 ADVERTENCIA [main] org.apache.catalina.loader.WebappClassLoaderBase.clearReferencesThreads The web application [reportserver] appears to have started a thread named [C3P0PooledConnectionPoolManager[identityToken->z8kfltb7162y3x0ck0tkh|7474bf08]-AdminTaskTimer] but has failed to stop it. This is very likely to create a memory leak. Stack trace of thread:
 java.base@17.0.8.1/java.lang.Object.wait(Native Method)
 java.base@17.0.8.1/java.util.TimerThread.mainLoop(Timer.java:563)
 java.base@17.0.8.1/java.util.TimerThread.run(Timer.java:516)
05-Dec-2024 11:41:45.540 ADVERTENCIA [main] org.apache.catalina.loader.WebappClassLoaderBase.clearReferencesThreads The web application [reportserver] appears to have started a thread named [C3P0PooledConnectionPoolManager[identityToken->z8kfltb7162y3x0ck0tkh|7474bf08]-HelperThread-#0] but has failed to stop it. This is very likely to create a memory leak. Stack trace of thread:
 java.base@17.0.8.1/java.lang.Object.wait(Native Method)
 com.mchange.v2.async.ThreadPoolAsynchronousRunner$PoolThread.run(ThreadPoolAsynchronousRunner.java:683)
05-Dec-2024 11:41:45.540 ADVERTENCIA [main] org.apache.catalina.loader.WebappClassLoaderBase.clearReferencesThreads The web application [reportserver] appears to have started a thread named [C3P0PooledConnectionPoolManager[identityToken->z8kfltb7162y3x0ck0tkh|7474bf08]-HelperThread-#1] but has failed to stop it. This is very likely to create a memory leak. Stack trace of thread:
 java.base@17.0.8.1/java.lang.Object.wait(Native Method)
 com.mchange.v2.async.ThreadPoolAsynchronousRunner$PoolThread.run(ThreadPoolAsynchronousRunner.java:683)
05-Dec-2024 11:41:45.543 ADVERTENCIA [main] org.apache.catalina.loader.WebappClassLoaderBase.clearReferencesThreads The web application [reportserver] appears to have started a thread named [C3P0PooledConnectionPoolManager[identityToken->z8kfltb7162y3x0ck0tkh|7474bf08]-HelperThread-#2] but has failed to stop it. This is very likely to create a memory leak. Stack trace of thread:
 java.base@17.0.8.1/java.lang.Object.wait(Native Method)
 com.mchange.v2.async.ThreadPoolAsynchronousRunner$PoolThread.run(ThreadPoolAsynchronousRunner.java:683)
05-Dec-2024 11:41:45.551 ADVERTENCIA [main] org.apache.catalina.loader.WebappClassLoaderBase.clearReferencesThreads The web application [reportserver] appears to have started a thread named [dwdaemon-JpaEventLoggerServiceImpl-1] but has failed to stop it. This is very likely to create a memory leak. Stack trace of thread:
 java.base@17.0.8.1/java.lang.Thread.sleep(Native Method)
 net.datenwerke.rs.utils.daemon.DwDaemonImpl.run(DwDaemonImpl.java:52)
 java.base@17.0.8.1/java.lang.Thread.run(Thread.java:833)
05-Dec-2024 11:41:45.553 ADVERTENCIA [main] org.apache.catalina.loader.WebappClassLoaderBase.clearReferencesThreads The web application [reportserver] appears to have started a thread named [dwdaemon-watchdog-JpaEventLoggerServiceImpl] but has failed to stop it. This is very likely to create a memory leak. Stack trace of thread:
 java.base@17.0.8.1/java.lang.Thread.sleep(Native Method)
 net.datenwerke.rs.utils.daemon.DwDaemonWatchdog.run(DwDaemonWatchdog.java:30)
 java.base@17.0.8.1/java.lang.Thread.run(Thread.java:833)
05-Dec-2024 11:41:45.554 ADVERTENCIA [main] org.apache.catalina.loader.WebappClassLoaderBase.clearReferencesThreads The web application [reportserver] appears to have started a thread named [Thread-21] but has failed to stop it. This is very likely to create a memory leak. Stack trace of thread:
 java.base@17.0.8.1/sun.nio.ch.KQueue.poll(Native Method)
 java.base@17.0.8.1/sun.nio.ch.KQueuePort$EventHandlerTask.poll(KQueuePort.java:200)
 java.base@17.0.8.1/sun.nio.ch.KQueuePort$EventHandlerTask.run(KQueuePort.java:287)
 java.base@17.0.8.1/java.lang.Thread.run(Thread.java:833)
05-Dec-2024 11:41:45.555 ADVERTENCIA [main] org.apache.catalina.loader.WebappClassLoaderBase.clearReferencesThreads The web application [reportserver] appears to have started a thread named [sshd-SshServer[31820052](port=8022)-timer-thread-1] but has failed to stop it. This is very likely to create a memory leak. Stack trace of thread:
 java.base@17.0.8.1/jdk.internal.misc.Unsafe.park(Native Method)
 java.base@17.0.8.1/java.util.concurrent.locks.LockSupport.parkNanos(LockSupport.java:252)
 java.base@17.0.8.1/java.util.concurrent.locks.AbstractQueuedSynchronizer$ConditionObject.awaitNanos(AbstractQueuedSynchronizer.java:1672)
 java.base@17.0.8.1/java.util.concurrent.ScheduledThreadPoolExecutor$DelayedWorkQueue.take(ScheduledThreadPoolExecutor.java:1182)
 java.base@17.0.8.1/java.util.concurrent.ScheduledThreadPoolExecutor$DelayedWorkQueue.take(ScheduledThreadPoolExecutor.java:899)
 java.base@17.0.8.1/java.util.concurrent.ThreadPoolExecutor.getTask(ThreadPoolExecutor.java:1062)
 java.base@17.0.8.1/java.util.concurrent.ThreadPoolExecutor.runWorker(ThreadPoolExecutor.java:1122)
 java.base@17.0.8.1/java.util.concurrent.ThreadPoolExecutor$Worker.run(ThreadPoolExecutor.java:635)
 java.base@17.0.8.1/java.lang.Thread.run(Thread.java:833)
05-Dec-2024 11:41:45.556 GRAVE [main] org.apache.catalina.loader.WebappClassLoaderBase.checkThreadLocalMapForLeaks La aplicación web [reportserver] creó un ThreadLocal con clave del tipo [java.lang.ThreadLocal] (valor [java.lang.ThreadLocal@61a15353]) y un valor del tipo [org.hibernate.internal.SessionImpl] (valor [SessionImpl(1306205028<closed>)]) pero no pudo quitarlo cuando la aplicación web se paró. Los hilos se van a renovar con el tiempo para intentar evitar in posible fallo de memoria.
05-Dec-2024 11:41:45.689 INFORMACIÓN [main] org.apache.coyote.AbstractProtocol.stop Stopping ProtocolHandler ["http-nio-8081"]
05-Dec-2024 11:41:45.694 INFORMACIÓN [main] org.apache.coyote.AbstractProtocol.destroy Destroying ProtocolHandler ["http-nio-8081"]
05-Dec-2024 11:43:17.054 INFORMACIÓN [main] org.apache.catalina.startup.HostConfig.deployDirectory Deployment of web application directory [/Users/mariapaz/GeneradorFacturasMasivas/apache-tomcat-9.0.97/webapps/reportserver] has finished in [748.940] ms
05-Dec-2024 11:43:17.057 INFORMACIÓN [main] org.apache.catalina.startup.HostConfig.deployDirectory Desplegando el directorio [/Users/mariapaz/GeneradorFacturasMasivas/apache-tomcat-9.0.97/webapps/docs] de la aplicación web
05-Dec-2024 11:43:19.226 INFORMACIÓN [main] org.apache.jasper.servlet.TldScanner.scanJars Al menos un JAR, que se ha explorado buscando TLDs, aún no contenía TLDs. Activar historial de depuración para este historiador para una completa lista de los JARs que fueron explorados y de los que nos se halló TLDs. Saltarse JARs no necesarios durante la exploración puede dar lugar a una mejora de tiempo significativa en el arranque y compilación de JSP .
05-Dec-2024 11:43:19.231 INFORMACIÓN [main] org.apache.catalina.startup.HostConfig.deployDirectory Deployment of web application directory [/Users/mariapaz/GeneradorFacturasMasivas/apache-tomcat-9.0.97/webapps/docs] has finished in [2.175] ms
05-Dec-2024 11:43:19.235 INFORMACIÓN [main] org.apache.catalina.startup.HostConfig.deployDirectory Desplegando el directorio [/Users/mariapaz/GeneradorFacturasMasivas/apache-tomcat-9.0.97/webapps/manager] de la aplicación web
05-Dec-2024 11:43:20.877 INFORMACIÓN [main] org.apache.jasper.servlet.TldScanner.scanJars Al menos un JAR, que se ha explorado buscando TLDs, aún no contenía TLDs. Activar historial de depuración para este historiador para una completa lista de los JARs que fueron explorados y de los que nos se halló TLDs. Saltarse JARs no necesarios durante la exploración puede dar lugar a una mejora de tiempo significativa en el arranque y compilación de JSP .
05-Dec-2024 11:43:20.995 INFORMACIÓN [main] org.apache.catalina.startup.HostConfig.deployDirectory Deployment of web application directory [/Users/mariapaz/GeneradorFacturasMasivas/apache-tomcat-9.0.97/webapps/manager] has finished in [1.716] ms
05-Dec-2024 11:43:20.999 INFORMACIÓN [main] org.apache.catalina.startup.HostConfig.deployDirectory Desplegando el directorio [/Users/mariapaz/GeneradorFacturasMasivas/apache-tomcat-9.0.97/webapps/examples] de la aplicación web
05-Dec-2024 11:43:23.926 INFORMACIÓN [main] org.apache.jasper.servlet.TldScanner.scanJars Al menos un JAR, que se ha explorado buscando TLDs, aún no contenía TLDs. Activar historial de depuración para este historiador para una completa lista de los JARs que fueron explorados y de los que nos se halló TLDs. Saltarse JARs no necesarios durante la exploración puede dar lugar a una mejora de tiempo significativa en el arranque y compilación de JSP .
05-Dec-2024 11:43:24.042 INFORMACIÓN [main] org.apache.catalina.startup.HostConfig.deployDirectory Deployment of web application directory [/Users/mariapaz/GeneradorFacturasMasivas/apache-tomcat-9.0.97/webapps/examples] has finished in [3.039] ms
05-Dec-2024 11:43:24.044 INFORMACIÓN [main] org.apache.catalina.startup.HostConfig.deployDirectory Desplegando el directorio [/Users/mariapaz/GeneradorFacturasMasivas/apache-tomcat-9.0.97/webapps/ROOT] de la aplicación web
05-Dec-2024 11:43:25.695 INFORMACIÓN [main] org.apache.jasper.servlet.TldScanner.scanJars Al menos un JAR, que se ha explorado buscando TLDs, aún no contenía TLDs. Activar historial de depuración para este historiador para una completa lista de los JARs que fueron explorados y de los que nos se halló TLDs. Saltarse JARs no necesarios durante la exploración puede dar lugar a una mejora de tiempo significativa en el arranque y compilación de JSP .
05-Dec-2024 11:43:25.700 INFORMACIÓN [main] org.apache.catalina.startup.HostConfig.deployDirectory Deployment of web application directory [/Users/mariapaz/GeneradorFacturasMasivas/apache-tomcat-9.0.97/webapps/ROOT] has finished in [1.656] ms
05-Dec-2024 11:43:25.701 INFORMACIÓN [main] org.apache.catalina.startup.HostConfig.deployDirectory Desplegando el directorio [/Users/mariapaz/GeneradorFacturasMasivas/apache-tomcat-9.0.97/webapps/host-manager] de la aplicación web
05-Dec-2024 11:43:28.720 INFORMACIÓN [main] org.apache.jasper.servlet.TldScanner.scanJars Al menos un JAR, que se ha explorado buscando TLDs, aún no contenía TLDs. Activar historial de depuración para este historiador para una completa lista de los JARs que fueron explorados y de los que nos se halló TLDs. Saltarse JARs no necesarios durante la exploración puede dar lugar a una mejora de tiempo significativa en el arranque y compilación de JSP .
05-Dec-2024 11:43:28.726 INFORMACIÓN [main] org.apache.catalina.startup.HostConfig.deployDirectory Deployment of web application directory [/Users/mariapaz/GeneradorFacturasMasivas/apache-tomcat-9.0.97/webapps/host-manager] has finished in [3.025] ms
05-Dec-2024 11:43:28.789 INFORMACIÓN [main] org.apache.catalina.startup.Catalina.start Server startup in [761486] milliseconds
05-Dec-2024 11:43:28.799 GRAVE [main] org.apache.catalina.core.StandardServer.await Failed to create server shutdown socket on address [localhost] and port [8010] (base port [8010] and offset [0])
	java.net.BindException: Address already in use
		at java.base/sun.nio.ch.Net.bind0(Native Method)
		at java.base/sun.nio.ch.Net.bind(Net.java:555)
		at java.base/sun.nio.ch.Net.bind(Net.java:544)
		at java.base/sun.nio.ch.NioSocketImpl.bind(NioSocketImpl.java:648)
		at java.base/java.net.ServerSocket.bind(ServerSocket.java:388)
		at java.base/java.net.ServerSocket.<init>(ServerSocket.java:274)
		at org.apache.catalina.core.StandardServer.await(StandardServer.java:537)
		at org.apache.catalina.startup.Catalina.await(Catalina.java:825)
		at org.apache.catalina.startup.Catalina.start(Catalina.java:773)
		at java.base/jdk.internal.reflect.NativeMethodAccessorImpl.invoke0(Native Method)
		at java.base/jdk.internal.reflect.NativeMethodAccessorImpl.invoke(NativeMethodAccessorImpl.java:77)
		at java.base/jdk.internal.reflect.DelegatingMethodAccessorImpl.invoke(DelegatingMethodAccessorImpl.java:43)
		at java.base/java.lang.reflect.Method.invoke(Method.java:568)
		at org.apache.catalina.startup.Bootstrap.start(Bootstrap.java:345)
		at org.apache.catalina.startup.Bootstrap.main(Bootstrap.java:473)
05-Dec-2024 11:43:28.803 INFORMACIÓN [main] org.apache.coyote.AbstractProtocol.pause Pausing ProtocolHandler ["http-nio-8081"]
05-Dec-2024 11:43:28.804 INFORMACIÓN [main] org.apache.catalina.core.StandardService.stopInternal Parando servicio [Catalina]
05-Dec-2024 11:43:29.268 ADVERTENCIA [main] org.apache.catalina.loader.WebappClassLoaderBase.clearReferencesJdbc La aplicación web [reportserver] registró el conductor JDBC [com.microsoft.sqlserver.jdbc.SQLServerDriver] pero falló al anular el registro mientras la aplicación web estaba parada. Para prevenir un fallo de memoria, se ha anulado el registro del conductor JDBC por la fuerza.
05-Dec-2024 11:43:29.274 ADVERTENCIA [main] org.apache.catalina.loader.WebappClassLoaderBase.clearReferencesThreads The web application [reportserver] appears to have started a thread named [org.apache.commons.vfs2.cache.SoftRefFilesCache$ReleaseThread] but has failed to stop it. This is very likely to create a memory leak. Stack trace of thread:
 java.base@17.0.8.1/java.lang.Object.wait(Native Method)
 java.base@17.0.8.1/java.lang.ref.ReferenceQueue.remove(ReferenceQueue.java:155)
 org.apache.commons.vfs2.cache.SoftRefFilesCache$ReleaseThread.run(SoftRefFilesCache.java:54)
05-Dec-2024 11:43:29.282 ADVERTENCIA [main] org.apache.catalina.loader.WebappClassLoaderBase.clearReferencesThreads The web application [reportserver] appears to have started a thread named [C3P0PooledConnectionPoolManager[identityToken->z8kfltb71632lm119kmtxt|2c79763f]-AdminTaskTimer] but has failed to stop it. This is very likely to create a memory leak. Stack trace of thread:
 java.base@17.0.8.1/java.lang.Object.wait(Native Method)
 java.base@17.0.8.1/java.util.TimerThread.mainLoop(Timer.java:563)
 java.base@17.0.8.1/java.util.TimerThread.run(Timer.java:516)
05-Dec-2024 11:43:29.284 ADVERTENCIA [main] org.apache.catalina.loader.WebappClassLoaderBase.clearReferencesThreads The web application [reportserver] appears to have started a thread named [C3P0PooledConnectionPoolManager[identityToken->z8kfltb71632lm119kmtxt|2c79763f]-HelperThread-#0] but has failed to stop it. This is very likely to create a memory leak. Stack trace of thread:
 java.base@17.0.8.1/java.lang.Object.wait(Native Method)
 com.mchange.v2.async.ThreadPoolAsynchronousRunner$PoolThread.run(ThreadPoolAsynchronousRunner.java:683)
05-Dec-2024 11:43:29.289 ADVERTENCIA [main] org.apache.catalina.loader.WebappClassLoaderBase.clearReferencesThreads The web application [reportserver] appears to have started a thread named [C3P0PooledConnectionPoolManager[identityToken->z8kfltb71632lm119kmtxt|2c79763f]-HelperThread-#1] but has failed to stop it. This is very likely to create a memory leak. Stack trace of thread:
 java.base@17.0.8.1/java.lang.Object.wait(Native Method)
 com.mchange.v2.async.ThreadPoolAsynchronousRunner$PoolThread.run(ThreadPoolAsynchronousRunner.java:683)
05-Dec-2024 11:43:29.291 ADVERTENCIA [main] org.apache.catalina.loader.WebappClassLoaderBase.clearReferencesThreads The web application [reportserver] appears to have started a thread named [C3P0PooledConnectionPoolManager[identityToken->z8kfltb71632lm119kmtxt|2c79763f]-HelperThread-#2] but has failed to stop it. This is very likely to create a memory leak. Stack trace of thread:
 java.base@17.0.8.1/java.lang.Object.wait(Native Method)
 com.mchange.v2.async.ThreadPoolAsynchronousRunner$PoolThread.run(ThreadPoolAsynchronousRunner.java:683)
05-Dec-2024 11:43:29.298 ADVERTENCIA [main] org.apache.catalina.loader.WebappClassLoaderBase.clearReferencesThreads The web application [reportserver] appears to have started a thread named [dwdaemon-JpaEventLoggerServiceImpl-1] but has failed to stop it. This is very likely to create a memory leak. Stack trace of thread:
 java.base@17.0.8.1/java.lang.Thread.sleep(Native Method)
 net.datenwerke.rs.utils.daemon.DwDaemonImpl.run(DwDaemonImpl.java:52)
 java.base@17.0.8.1/java.lang.Thread.run(Thread.java:833)
05-Dec-2024 11:43:29.299 ADVERTENCIA [main] org.apache.catalina.loader.WebappClassLoaderBase.clearReferencesThreads The web application [reportserver] appears to have started a thread named [dwdaemon-watchdog-JpaEventLoggerServiceImpl] but has failed to stop it. This is very likely to create a memory leak. Stack trace of thread:
 java.base@17.0.8.1/java.lang.Thread.sleep(Native Method)
 net.datenwerke.rs.utils.daemon.DwDaemonWatchdog.run(DwDaemonWatchdog.java:30)
 java.base@17.0.8.1/java.lang.Thread.run(Thread.java:833)
05-Dec-2024 11:43:29.302 ADVERTENCIA [main] org.apache.catalina.loader.WebappClassLoaderBase.clearReferencesThreads The web application [reportserver] appears to have started a thread named [Thread-21] but has failed to stop it. This is very likely to create a memory leak. Stack trace of thread:
 java.base@17.0.8.1/sun.nio.ch.KQueue.poll(Native Method)
 java.base@17.0.8.1/sun.nio.ch.KQueuePort$EventHandlerTask.poll(KQueuePort.java:200)
 java.base@17.0.8.1/sun.nio.ch.KQueuePort$EventHandlerTask.run(KQueuePort.java:287)
 java.base@17.0.8.1/java.lang.Thread.run(Thread.java:833)
05-Dec-2024 11:43:29.304 ADVERTENCIA [main] org.apache.catalina.loader.WebappClassLoaderBase.clearReferencesThreads The web application [reportserver] appears to have started a thread named [sshd-SshServer[159589d6](port=8022)-timer-thread-1] but has failed to stop it. This is very likely to create a memory leak. Stack trace of thread:
 java.base@17.0.8.1/jdk.internal.misc.Unsafe.park(Native Method)
 java.base@17.0.8.1/java.util.concurrent.locks.LockSupport.parkNanos(LockSupport.java:252)
 java.base@17.0.8.1/java.util.concurrent.locks.AbstractQueuedSynchronizer$ConditionObject.awaitNanos(AbstractQueuedSynchronizer.java:1672)
 java.base@17.0.8.1/java.util.concurrent.ScheduledThreadPoolExecutor$DelayedWorkQueue.take(ScheduledThreadPoolExecutor.java:1182)
 java.base@17.0.8.1/java.util.concurrent.ScheduledThreadPoolExecutor$DelayedWorkQueue.take(ScheduledThreadPoolExecutor.java:899)
 java.base@17.0.8.1/java.util.concurrent.ThreadPoolExecutor.getTask(ThreadPoolExecutor.java:1062)
 java.base@17.0.8.1/java.util.concurrent.ThreadPoolExecutor.runWorker(ThreadPoolExecutor.java:1122)
 java.base@17.0.8.1/java.util.concurrent.ThreadPoolExecutor$Worker.run(ThreadPoolExecutor.java:635)
 java.base@17.0.8.1/java.lang.Thread.run(Thread.java:833)
05-Dec-2024 11:43:29.308 ADVERTENCIA [main] org.apache.catalina.loader.WebappClassLoaderBase.clearReferencesThreads The web application [reportserver] appears to have started a thread named [dwdaemon-MaintenanceServiceImpl-1] but has failed to stop it. This is very likely to create a memory leak. Stack trace of thread:
 java.base@17.0.8.1/java.lang.Thread.sleep(Native Method)
 net.datenwerke.rs.utils.daemon.DwDaemonImpl.run(DwDaemonImpl.java:52)
 java.base@17.0.8.1/java.lang.Thread.run(Thread.java:833)
05-Dec-2024 11:43:29.314 ADVERTENCIA [main] org.apache.catalina.loader.WebappClassLoaderBase.clearReferencesThreads The web application [reportserver] appears to have started a thread named [dwdaemon-watchdog-MaintenanceServiceImpl] but has failed to stop it. This is very likely to create a memory leak. Stack trace of thread:
 java.base@17.0.8.1/java.lang.Thread.sleep(Native Method)
 net.datenwerke.rs.utils.daemon.DwDaemonWatchdog.run(DwDaemonWatchdog.java:30)
 java.base@17.0.8.1/java.lang.Thread.run(Thread.java:833)
05-Dec-2024 11:43:29.315 ADVERTENCIA [main] org.apache.catalina.loader.WebappClassLoaderBase.clearReferencesThreads The web application [reportserver] appears to have started a thread named [Thread-10] but has failed to stop it. This is very likely to create a memory leak. Stack trace of thread:
 java.base@17.0.8.1/java.lang.Thread.sleep(Native Method)
 net.datenwerke.rs.scheduler.service.scheduler.RsSchedulerStartup.lambda$0(RsSchedulerStartup.java:115)
 net.datenwerke.rs.scheduler.service.scheduler.RsSchedulerStartup$$Lambda$792/0x0000000221c0adf0.run(Unknown Source)
 java.base@17.0.8.1/java.lang.Thread.run(Thread.java:833)
05-Dec-2024 11:43:29.316 GRAVE [main] org.apache.catalina.loader.WebappClassLoaderBase.checkThreadLocalMapForLeaks La aplicación web [reportserver] creó un ThreadLocal con clave del tipo [java.lang.ThreadLocal] (valor [java.lang.ThreadLocal@6a34bcb0]) y un valor del tipo [org.hibernate.internal.SessionImpl] (valor [SessionImpl(615079472<closed>)]) pero no pudo quitarlo cuando la aplicación web se paró. Los hilos se van a renovar con el tiempo para intentar evitar in posible fallo de memoria.
05-Dec-2024 11:43:29.320 GRAVE [main] org.apache.catalina.loader.WebappClassLoaderBase.checkThreadLocalMapForLeaks La aplicación web [reportserver] creó un ThreadLocal con clave del tipo [java.lang.ThreadLocal] (valor [java.lang.ThreadLocal@6a34bcb0]) y un valor del tipo [org.hibernate.internal.SessionImpl] (valor [SessionImpl(940890159<closed>)]) pero no pudo quitarlo cuando la aplicación web se paró. Los hilos se van a renovar con el tiempo para intentar evitar in posible fallo de memoria.
05-Dec-2024 11:43:29.380 INFORMACIÓN [main] org.apache.coyote.AbstractProtocol.stop Stopping ProtocolHandler ["http-nio-8081"]
05-Dec-2024 11:43:29.387 INFORMACIÓN [main] org.apache.coyote.AbstractProtocol.destroy Destroying ProtocolHandler ["http-nio-8081"]
05-Dec-2024 11:56:21.286 INFORMACIÓN [main] org.apache.catalina.core.StandardServer.await Se ha recibido un comando de apagado a través del puerto de apagado. Parando la instancia del Servidor.
05-Dec-2024 11:56:21.291 INFORMACIÓN [main] org.apache.coyote.AbstractProtocol.pause Pausing ProtocolHandler ["http-nio-8081"]
05-Dec-2024 11:56:21.301 INFORMACIÓN [main] org.apache.catalina.core.StandardService.stopInternal Parando servicio [Catalina]
05-Dec-2024 11:56:22.089 ADVERTENCIA [main] org.apache.catalina.loader.WebappClassLoaderBase.clearReferencesJdbc La aplicación web [reportserver] registró el conductor JDBC [com.microsoft.sqlserver.jdbc.SQLServerDriver] pero falló al anular el registro mientras la aplicación web estaba parada. Para prevenir un fallo de memoria, se ha anulado el registro del conductor JDBC por la fuerza.
05-Dec-2024 11:56:22.091 ADVERTENCIA [main] org.apache.catalina.loader.WebappClassLoaderBase.clearReferencesJdbc La aplicación web [reportserver] registró el conductor JDBC [org.postgresql.Driver] pero falló al anular el registro mientras la aplicación web estaba parada. Para prevenir un fallo de memoria, se ha anulado el registro del conductor JDBC por la fuerza.
05-Dec-2024 11:56:22.091 ADVERTENCIA [main] org.apache.catalina.loader.WebappClassLoaderBase.clearReferencesJdbc La aplicación web [reportserver] registró el conductor JDBC [org.h2.Driver] pero falló al anular el registro mientras la aplicación web estaba parada. Para prevenir un fallo de memoria, se ha anulado el registro del conductor JDBC por la fuerza.
05-Dec-2024 11:56:22.094 ADVERTENCIA [main] org.apache.catalina.loader.WebappClassLoaderBase.clearReferencesJdbc La aplicación web [reportserver] registró el conductor JDBC [org.hsqldb.jdbc.JDBCDriver] pero falló al anular el registro mientras la aplicación web estaba parada. Para prevenir un fallo de memoria, se ha anulado el registro del conductor JDBC por la fuerza.
05-Dec-2024 11:56:22.097 ADVERTENCIA [main] org.apache.catalina.loader.WebappClassLoaderBase.clearReferencesJdbc La aplicación web [reportserver] registró el conductor JDBC [org.mariadb.jdbc.Driver] pero falló al anular el registro mientras la aplicación web estaba parada. Para prevenir un fallo de memoria, se ha anulado el registro del conductor JDBC por la fuerza.
05-Dec-2024 11:56:22.097 ADVERTENCIA [main] org.apache.catalina.loader.WebappClassLoaderBase.clearReferencesJdbc La aplicación web [reportserver] registró el conductor JDBC [com.mysql.cj.jdbc.Driver] pero falló al anular el registro mientras la aplicación web estaba parada. Para prevenir un fallo de memoria, se ha anulado el registro del conductor JDBC por la fuerza.
05-Dec-2024 11:56:22.098 ADVERTENCIA [main] org.apache.catalina.loader.WebappClassLoaderBase.clearReferencesJdbc La aplicación web [reportserver] registró el conductor JDBC [org.sqlite.JDBC] pero falló al anular el registro mientras la aplicación web estaba parada. Para prevenir un fallo de memoria, se ha anulado el registro del conductor JDBC por la fuerza.
05-Dec-2024 11:56:22.099 ADVERTENCIA [main] org.apache.catalina.loader.WebappClassLoaderBase.clearReferencesThreads The web application [reportserver] appears to have started a thread named [org.apache.commons.vfs2.cache.SoftRefFilesCache$ReleaseThread] but has failed to stop it. This is very likely to create a memory leak. Stack trace of thread:
 java.base@17.0.8.1/java.lang.Object.wait(Native Method)
 java.base@17.0.8.1/java.lang.ref.ReferenceQueue.remove(ReferenceQueue.java:155)
 org.apache.commons.vfs2.cache.SoftRefFilesCache$ReleaseThread.run(SoftRefFilesCache.java:54)
05-Dec-2024 11:56:22.101 ADVERTENCIA [main] org.apache.catalina.loader.WebappClassLoaderBase.clearReferencesThreads The web application [reportserver] appears to have started a thread named [C3P0PooledConnectionPoolManager[identityToken->z8kfltb7162w21cebp0lv|332511a]-AdminTaskTimer] but has failed to stop it. This is very likely to create a memory leak. Stack trace of thread:
 java.base@17.0.8.1/java.lang.Object.wait(Native Method)
 java.base@17.0.8.1/java.util.TimerThread.mainLoop(Timer.java:563)
 java.base@17.0.8.1/java.util.TimerThread.run(Timer.java:516)
05-Dec-2024 11:56:22.106 ADVERTENCIA [main] org.apache.catalina.loader.WebappClassLoaderBase.clearReferencesThreads The web application [reportserver] appears to have started a thread named [C3P0PooledConnectionPoolManager[identityToken->z8kfltb7162w21cebp0lv|332511a]-HelperThread-#0] but has failed to stop it. This is very likely to create a memory leak. Stack trace of thread:
 java.base@17.0.8.1/java.lang.Object.wait(Native Method)
 com.mchange.v2.async.ThreadPoolAsynchronousRunner$PoolThread.run(ThreadPoolAsynchronousRunner.java:683)
05-Dec-2024 11:56:22.108 ADVERTENCIA [main] org.apache.catalina.loader.WebappClassLoaderBase.clearReferencesThreads The web application [reportserver] appears to have started a thread named [C3P0PooledConnectionPoolManager[identityToken->z8kfltb7162w21cebp0lv|332511a]-HelperThread-#1] but has failed to stop it. This is very likely to create a memory leak. Stack trace of thread:
 java.base@17.0.8.1/java.lang.Object.wait(Native Method)
 com.mchange.v2.async.ThreadPoolAsynchronousRunner$PoolThread.run(ThreadPoolAsynchronousRunner.java:683)
05-Dec-2024 11:56:22.112 ADVERTENCIA [main] org.apache.catalina.loader.WebappClassLoaderBase.clearReferencesThreads The web application [reportserver] appears to have started a thread named [C3P0PooledConnectionPoolManager[identityToken->z8kfltb7162w21cebp0lv|332511a]-HelperThread-#2] but has failed to stop it. This is very likely to create a memory leak. Stack trace of thread:
 java.base@17.0.8.1/java.lang.Object.wait(Native Method)
 com.mchange.v2.async.ThreadPoolAsynchronousRunner$PoolThread.run(ThreadPoolAsynchronousRunner.java:683)
05-Dec-2024 11:56:22.115 ADVERTENCIA [main] org.apache.catalina.loader.WebappClassLoaderBase.clearReferencesThreads The web application [reportserver] appears to have started a thread named [dwdaemon-JpaEventLoggerServiceImpl-1] but has failed to stop it. This is very likely to create a memory leak. Stack trace of thread:
 java.base@17.0.8.1/java.lang.Thread.sleep(Native Method)
 net.datenwerke.rs.utils.daemon.DwDaemonImpl.run(DwDaemonImpl.java:52)
 java.base@17.0.8.1/java.lang.Thread.run(Thread.java:833)
05-Dec-2024 11:56:22.118 ADVERTENCIA [main] org.apache.catalina.loader.WebappClassLoaderBase.clearReferencesThreads The web application [reportserver] appears to have started a thread named [dwdaemon-watchdog-JpaEventLoggerServiceImpl] but has failed to stop it. This is very likely to create a memory leak. Stack trace of thread:
 java.base@17.0.8.1/java.lang.Thread.sleep(Native Method)
 net.datenwerke.rs.utils.daemon.DwDaemonWatchdog.run(DwDaemonWatchdog.java:30)
 java.base@17.0.8.1/java.lang.Thread.run(Thread.java:833)
05-Dec-2024 11:56:22.120 ADVERTENCIA [main] org.apache.catalina.loader.WebappClassLoaderBase.clearReferencesThreads The web application [reportserver] appears to have started a thread named [Thread-21] but has failed to stop it. This is very likely to create a memory leak. Stack trace of thread:
 java.base@17.0.8.1/sun.nio.ch.KQueue.poll(Native Method)
 java.base@17.0.8.1/sun.nio.ch.KQueuePort$EventHandlerTask.poll(KQueuePort.java:200)
 java.base@17.0.8.1/sun.nio.ch.KQueuePort$EventHandlerTask.run(KQueuePort.java:287)
 java.base@17.0.8.1/java.lang.Thread.run(Thread.java:833)
05-Dec-2024 11:56:22.136 ADVERTENCIA [main] org.apache.catalina.loader.WebappClassLoaderBase.clearReferencesThreads The web application [reportserver] appears to have started a thread named [sshd-SshServer[1b4bfa83](port=8022)-timer-thread-1] but has failed to stop it. This is very likely to create a memory leak. Stack trace of thread:
 java.base@17.0.8.1/jdk.internal.misc.Unsafe.park(Native Method)
 java.base@17.0.8.1/java.util.concurrent.locks.LockSupport.parkNanos(LockSupport.java:252)
 java.base@17.0.8.1/java.util.concurrent.locks.AbstractQueuedSynchronizer$ConditionObject.awaitNanos(AbstractQueuedSynchronizer.java:1672)
 java.base@17.0.8.1/java.util.concurrent.ScheduledThreadPoolExecutor$DelayedWorkQueue.take(ScheduledThreadPoolExecutor.java:1182)
 java.base@17.0.8.1/java.util.concurrent.ScheduledThreadPoolExecutor$DelayedWorkQueue.take(ScheduledThreadPoolExecutor.java:899)
 java.base@17.0.8.1/java.util.concurrent.ThreadPoolExecutor.getTask(ThreadPoolExecutor.java:1062)
 java.base@17.0.8.1/java.util.concurrent.ThreadPoolExecutor.runWorker(ThreadPoolExecutor.java:1122)
 java.base@17.0.8.1/java.util.concurrent.ThreadPoolExecutor$Worker.run(ThreadPoolExecutor.java:635)
 java.base@17.0.8.1/java.lang.Thread.run(Thread.java:833)
05-Dec-2024 11:56:22.139 ADVERTENCIA [main] org.apache.catalina.loader.WebappClassLoaderBase.clearReferencesThreads The web application [reportserver] appears to have started a thread named [mysql-cj-abandoned-connection-cleanup] but has failed to stop it. This is very likely to create a memory leak. Stack trace of thread:
 java.base@17.0.8.1/java.lang.Object.wait(Native Method)
 java.base@17.0.8.1/java.lang.ref.ReferenceQueue.remove(ReferenceQueue.java:155)
 com.mysql.cj.jdbc.AbandonedConnectionCleanupThread.run(AbandonedConnectionCleanupThread.java:84)
 java.base@17.0.8.1/java.util.concurrent.ThreadPoolExecutor.runWorker(ThreadPoolExecutor.java:1136)
 java.base@17.0.8.1/java.util.concurrent.ThreadPoolExecutor$Worker.run(ThreadPoolExecutor.java:635)
 java.base@17.0.8.1/java.lang.Thread.run(Thread.java:833)
05-Dec-2024 11:56:22.410 INFORMACIÓN [main] org.apache.coyote.AbstractProtocol.stop Stopping ProtocolHandler ["http-nio-8081"]
05-Dec-2024 11:56:22.583 INFORMACIÓN [main] org.apache.coyote.AbstractProtocol.destroy Destroying ProtocolHandler ["http-nio-8081"]
05-Dec-2024 11:56:36.263 INFORMACIÓN [main] org.apache.catalina.startup.VersionLoggerListener.log Nombre de la versión del servidor: Apache Tomcat/9.0.97
05-Dec-2024 11:56:36.283 INFORMACIÓN [main] org.apache.catalina.startup.VersionLoggerListener.log Server built:                      Nov 6 2024 19:55:19 UTC
05-Dec-2024 11:56:36.286 INFORMACIÓN [main] org.apache.catalina.startup.VersionLoggerListener.log Número de versión de servidor:     9.0.97.0
05-Dec-2024 11:56:36.287 INFORMACIÓN [main] org.apache.catalina.startup.VersionLoggerListener.log OS Name:                           Mac OS X
05-Dec-2024 11:56:36.289 INFORMACIÓN [main] org.apache.catalina.startup.VersionLoggerListener.log Versión de Systema Operativo:      13.6.4
05-Dec-2024 11:56:36.290 INFORMACIÓN [main] org.apache.catalina.startup.VersionLoggerListener.log Arquitectura:                      x86_64
05-Dec-2024 11:56:36.291 INFORMACIÓN [main] org.apache.catalina.startup.VersionLoggerListener.log Java Home:                         /Users/mariapaz/.sdkman/candidates/java/17.0.8.1-tem
05-Dec-2024 11:56:36.292 INFORMACIÓN [main] org.apache.catalina.startup.VersionLoggerListener.log JVM Version:                       17.0.8.1+1
05-Dec-2024 11:56:36.292 INFORMACIÓN [main] org.apache.catalina.startup.VersionLoggerListener.log Vededor JVM:                       Eclipse Adoptium
05-Dec-2024 11:56:36.294 INFORMACIÓN [main] org.apache.catalina.startup.VersionLoggerListener.log CATALINA_BASE:                     /Users/mariapaz/GeneradorFacturasMasivas/apache-tomcat-9.0.97
05-Dec-2024 11:56:36.295 INFORMACIÓN [main] org.apache.catalina.startup.VersionLoggerListener.log CATALINA_HOME:                     /Users/mariapaz/GeneradorFacturasMasivas/apache-tomcat-9.0.97
05-Dec-2024 11:56:36.306 INFORMACIÓN [main] org.apache.catalina.startup.VersionLoggerListener.log Command line argument:             --add-opens=java.base/java.lang=ALL-UNNAMED
05-Dec-2024 11:56:36.306 INFORMACIÓN [main] org.apache.catalina.startup.VersionLoggerListener.log Command line argument:             --add-opens=java.base/java.io=ALL-UNNAMED
05-Dec-2024 11:56:36.307 INFORMACIÓN [main] org.apache.catalina.startup.VersionLoggerListener.log Command line argument:             --add-opens=java.base/java.util=ALL-UNNAMED
05-Dec-2024 11:56:36.308 INFORMACIÓN [main] org.apache.catalina.startup.VersionLoggerListener.log Command line argument:             --add-opens=java.base/java.util.concurrent=ALL-UNNAMED
05-Dec-2024 11:56:36.309 INFORMACIÓN [main] org.apache.catalina.startup.VersionLoggerListener.log Command line argument:             --add-opens=java.rmi/sun.rmi.transport=ALL-UNNAMED
05-Dec-2024 11:56:36.310 INFORMACIÓN [main] org.apache.catalina.startup.VersionLoggerListener.log Command line argument:             -Djava.util.logging.config.file=/Users/mariapaz/GeneradorFacturasMasivas/apache-tomcat-9.0.97/conf/logging.properties
05-Dec-2024 11:56:36.310 INFORMACIÓN [main] org.apache.catalina.startup.VersionLoggerListener.log Command line argument:             -Djava.util.logging.manager=org.apache.juli.ClassLoaderLogManager
05-Dec-2024 11:56:36.313 INFORMACIÓN [main] org.apache.catalina.startup.VersionLoggerListener.log Command line argument:             -Djava.security.egd=file:/dev/urandom
05-Dec-2024 11:56:36.315 INFORMACIÓN [main] org.apache.catalina.startup.VersionLoggerListener.log Command line argument:             -Djdk.tls.ephemeralDHKeySize=2048
05-Dec-2024 11:56:36.315 INFORMACIÓN [main] org.apache.catalina.startup.VersionLoggerListener.log Command line argument:             -Djava.protocol.handler.pkgs=org.apache.catalina.webresources
05-Dec-2024 11:56:36.316 INFORMACIÓN [main] org.apache.catalina.startup.VersionLoggerListener.log Command line argument:             -Dorg.apache.catalina.security.SecurityListener.UMASK=0027
05-Dec-2024 11:56:36.316 INFORMACIÓN [main] org.apache.catalina.startup.VersionLoggerListener.log Command line argument:             -Drs.configdir=/Users/mariapaz/GeneradorFacturasMasivas/apache-tomcat-9.0.97/webapps/reportserver/WEB-INF
05-Dec-2024 11:56:36.317 INFORMACIÓN [main] org.apache.catalina.startup.VersionLoggerListener.log Command line argument:             -Xmx4096M
05-Dec-2024 11:56:36.317 INFORMACIÓN [main] org.apache.catalina.startup.VersionLoggerListener.log Command line argument:             -Dfile.encoding=UTF8
05-Dec-2024 11:56:36.319 INFORMACIÓN [main] org.apache.catalina.startup.VersionLoggerListener.log Command line argument:             --add-opens=java.base/java.net=ALL-UNNAMED
05-Dec-2024 11:56:36.319 INFORMACIÓN [main] org.apache.catalina.startup.VersionLoggerListener.log Command line argument:             --add-opens=java.base/jdk.internal.ref=ALL-UNNAMED
05-Dec-2024 11:56:36.321 INFORMACIÓN [main] org.apache.catalina.startup.VersionLoggerListener.log Command line argument:             --add-opens=java.base/jdk.internal.reflect=ALL-UNNAMED
05-Dec-2024 11:56:36.323 INFORMACIÓN [main] org.apache.catalina.startup.VersionLoggerListener.log Command line argument:             --add-opens=java.base/java.lang.invoke=ALL-UNNAMED
05-Dec-2024 11:56:36.323 INFORMACIÓN [main] org.apache.catalina.startup.VersionLoggerListener.log Command line argument:             --add-opens=java.base/java.util=ALL-UNNAMED
05-Dec-2024 11:56:36.324 INFORMACIÓN [main] org.apache.catalina.startup.VersionLoggerListener.log Command line argument:             --add-opens=java.base/java.lang.ref=ALL-UNNAMED
05-Dec-2024 11:56:36.324 INFORMACIÓN [main] org.apache.catalina.startup.VersionLoggerListener.log Command line argument:             --add-opens=java.base/java.lang.reflect=ALL-UNNAMED
05-Dec-2024 11:56:36.325 INFORMACIÓN [main] org.apache.catalina.startup.VersionLoggerListener.log Command line argument:             --add-opens=java.base/sun.reflect.generics.repository=ALL-UNNAMED
05-Dec-2024 11:56:36.326 INFORMACIÓN [main] org.apache.catalina.startup.VersionLoggerListener.log Command line argument:             -Dignore.endorsed.dirs=
05-Dec-2024 11:56:36.327 INFORMACIÓN [main] org.apache.catalina.startup.VersionLoggerListener.log Command line argument:             -Dcatalina.base=/Users/mariapaz/GeneradorFacturasMasivas/apache-tomcat-9.0.97
05-Dec-2024 11:56:36.330 INFORMACIÓN [main] org.apache.catalina.startup.VersionLoggerListener.log Command line argument:             -Dcatalina.home=/Users/mariapaz/GeneradorFacturasMasivas/apache-tomcat-9.0.97
05-Dec-2024 11:56:36.330 INFORMACIÓN [main] org.apache.catalina.startup.VersionLoggerListener.log Command line argument:             -Djava.io.tmpdir=/Users/mariapaz/GeneradorFacturasMasivas/apache-tomcat-9.0.97/temp
05-Dec-2024 11:56:36.474 INFORMACIÓN [main] org.apache.catalina.core.AprLifecycleListener.lifecycleEvent La biblioteca nativa de Apache Tomcat basada en ARP que permite un rendimiento óptimo en entornos de desarrollo no ha sido hallada en java.library.path: [/Users/mariapaz/Library/Java/Extensions:/Library/Java/Extensions:/Network/Library/Java/Extensions:/System/Library/Java/Extensions:/usr/lib/java:.]
05-Dec-2024 11:56:38.197 INFORMACIÓN [main] org.apache.coyote.AbstractProtocol.init Inicializando el manejador de protocolo ["http-nio-8081"]

05-Dec-2024 11:56:38.317 INFORMACIÓN [main] org.apache.catalina.startup.Catalina.load Server initialization in [3247] milliseconds
05-Dec-2024 11:56:38.457 INFORMACIÓN [main] org.apache.catalina.core.StandardService.startInternal Arrancando servicio [Catalina]
05-Dec-2024 11:56:38.458 INFORMACIÓN [main] org.apache.catalina.core.StandardEngine.startInternal Starting Servlet engine: [Apache Tomcat/9.0.97]
05-Dec-2024 11:56:38.483 INFORMACIÓN [main] org.apache.catalina.startup.HostConfig.deployDirectory Desplegando el directorio [/Users/mariapaz/GeneradorFacturasMasivas/apache-tomcat-9.0.97/webapps/reportserver] de la aplicación web
05-Dec-2024 11:57:30.068 INFORMACIÓN [main] org.apache.jasper.servlet.TldScanner.scanJars Al menos un JAR, que se ha explorado buscando TLDs, aún no contenía TLDs. Activar historial de depuración para este historiador para una completa lista de los JARs que fueron explorados y de los que nos se halló TLDs. Saltarse JARs no necesarios durante la exploración puede dar lugar a una mejora de tiempo significativa en el arranque y compilación de JSP .
05-Dec-2024 12:01:39.072 INFORMACIÓN [main] org.apache.catalina.startup.HostConfig.deployDirectory Deployment of web application directory [/Users/mariapaz/GeneradorFacturasMasivas/apache-tomcat-9.0.97/webapps/reportserver] has finished in [300.589] ms
05-Dec-2024 12:01:39.075 INFORMACIÓN [main] org.apache.catalina.startup.HostConfig.deployDirectory Desplegando el directorio [/Users/mariapaz/GeneradorFacturasMasivas/apache-tomcat-9.0.97/webapps/docs] de la aplicación web
05-Dec-2024 12:01:42.965 INFORMACIÓN [main] org.apache.jasper.servlet.TldScanner.scanJars Al menos un JAR, que se ha explorado buscando TLDs, aún no contenía TLDs. Activar historial de depuración para este historiador para una completa lista de los JARs que fueron explorados y de los que nos se halló TLDs. Saltarse JARs no necesarios durante la exploración puede dar lugar a una mejora de tiempo significativa en el arranque y compilación de JSP .
05-Dec-2024 12:01:42.983 INFORMACIÓN [main] org.apache.catalina.startup.HostConfig.deployDirectory Deployment of web application directory [/Users/mariapaz/GeneradorFacturasMasivas/apache-tomcat-9.0.97/webapps/docs] has finished in [3.896] ms
05-Dec-2024 12:01:43.012 INFORMACIÓN [main] org.apache.catalina.startup.HostConfig.deployDirectory Desplegando el directorio [/Users/mariapaz/GeneradorFacturasMasivas/apache-tomcat-9.0.97/webapps/manager] de la aplicación web
05-Dec-2024 12:01:46.928 INFORMACIÓN [main] org.apache.jasper.servlet.TldScanner.scanJars Al menos un JAR, que se ha explorado buscando TLDs, aún no contenía TLDs. Activar historial de depuración para este historiador para una completa lista de los JARs que fueron explorados y de los que nos se halló TLDs. Saltarse JARs no necesarios durante la exploración puede dar lugar a una mejora de tiempo significativa en el arranque y compilación de JSP .
05-Dec-2024 12:01:47.015 INFORMACIÓN [main] org.apache.catalina.startup.HostConfig.deployDirectory Deployment of web application directory [/Users/mariapaz/GeneradorFacturasMasivas/apache-tomcat-9.0.97/webapps/manager] has finished in [4.030] ms
05-Dec-2024 12:01:47.047 INFORMACIÓN [main] org.apache.catalina.startup.HostConfig.deployDirectory Desplegando el directorio [/Users/mariapaz/GeneradorFacturasMasivas/apache-tomcat-9.0.97/webapps/examples] de la aplicación web
05-Dec-2024 12:01:55.451 INFORMACIÓN [main] org.apache.jasper.servlet.TldScanner.scanJars Al menos un JAR, que se ha explorado buscando TLDs, aún no contenía TLDs. Activar historial de depuración para este historiador para una completa lista de los JARs que fueron explorados y de los que nos se halló TLDs. Saltarse JARs no necesarios durante la exploración puede dar lugar a una mejora de tiempo significativa en el arranque y compilación de JSP .
05-Dec-2024 12:01:55.661 INFORMACIÓN [main] org.apache.catalina.startup.HostConfig.deployDirectory Deployment of web application directory [/Users/mariapaz/GeneradorFacturasMasivas/apache-tomcat-9.0.97/webapps/examples] has finished in [8.612] ms
05-Dec-2024 12:01:55.665 INFORMACIÓN [main] org.apache.catalina.startup.HostConfig.deployDirectory Desplegando el directorio [/Users/mariapaz/GeneradorFacturasMasivas/apache-tomcat-9.0.97/webapps/ROOT] de la aplicación web
05-Dec-2024 12:01:57.807 INFORMACIÓN [main] org.apache.jasper.servlet.TldScanner.scanJars Al menos un JAR, que se ha explorado buscando TLDs, aún no contenía TLDs. Activar historial de depuración para este historiador para una completa lista de los JARs que fueron explorados y de los que nos se halló TLDs. Saltarse JARs no necesarios durante la exploración puede dar lugar a una mejora de tiempo significativa en el arranque y compilación de JSP .
05-Dec-2024 12:01:57.814 INFORMACIÓN [main] org.apache.catalina.startup.HostConfig.deployDirectory Deployment of web application directory [/Users/mariapaz/GeneradorFacturasMasivas/apache-tomcat-9.0.97/webapps/ROOT] has finished in [2.149] ms
05-Dec-2024 12:01:57.824 INFORMACIÓN [main] org.apache.catalina.startup.HostConfig.deployDirectory Desplegando el directorio [/Users/mariapaz/GeneradorFacturasMasivas/apache-tomcat-9.0.97/webapps/host-manager] de la aplicación web
05-Dec-2024 12:01:59.432 INFORMACIÓN [main] org.apache.jasper.servlet.TldScanner.scanJars Al menos un JAR, que se ha explorado buscando TLDs, aún no contenía TLDs. Activar historial de depuración para este historiador para una completa lista de los JARs que fueron explorados y de los que nos se halló TLDs. Saltarse JARs no necesarios durante la exploración puede dar lugar a una mejora de tiempo significativa en el arranque y compilación de JSP .
05-Dec-2024 12:01:59.444 INFORMACIÓN [main] org.apache.catalina.startup.HostConfig.deployDirectory Deployment of web application directory [/Users/mariapaz/GeneradorFacturasMasivas/apache-tomcat-9.0.97/webapps/host-manager] has finished in [1.619] ms
05-Dec-2024 12:01:59.470 INFORMACIÓN [main] org.apache.coyote.AbstractProtocol.start Starting ProtocolHandler ["http-nio-8081"]
05-Dec-2024 12:01:59.798 INFORMACIÓN [main] org.apache.catalina.startup.Catalina.start Server startup in [321486] milliseconds
05-Dec-2024 12:01:59.808 GRAVE [http-nio-8081-Acceptor] org.apache.tomcat.util.net.NioEndpoint.setSocketOptions Error setting socket options
	java.net.SocketException: Invalid argument
		at java.base/sun.nio.ch.Net.setIntOption0(Native Method)
		at java.base/sun.nio.ch.Net.setSocketOption(Net.java:455)
		at java.base/sun.nio.ch.Net.setSocketOption(Net.java:393)
		at java.base/sun.nio.ch.SocketChannelImpl.setOption(SocketChannelImpl.java:280)
		at java.base/sun.nio.ch.SocketAdaptor.setIntOption(SocketAdaptor.java:247)
		at java.base/sun.nio.ch.SocketAdaptor.setSoLinger(SocketAdaptor.java:285)
		at org.apache.tomcat.util.net.SocketProperties.setProperties(SocketProperties.java:226)
		at org.apache.tomcat.util.net.NioEndpoint.setSocketOptions(NioEndpoint.java:500)
		at org.apache.tomcat.util.net.NioEndpoint.setSocketOptions(NioEndpoint.java:71)
		at org.apache.tomcat.util.net.Acceptor.run(Acceptor.java:149)
		at java.base/java.lang.Thread.run(Thread.java:833)
