02-Dec-2024 09:06:08.869 GRAVE [http-nio-8081-exec-4] org.apache.catalina.core.StandardWrapperValve.invoke Servlet.service() para servlet [default] lanzó excepción
	javax.persistence.PersistenceException: org.hibernate.exception.GenericJDBCException: Unable to acquire JDBC Connection
		at org.hibernate.internal.ExceptionConverterImpl.convert(ExceptionConverterImpl.java:154)
		at org.hibernate.query.internal.AbstractProducedQuery.list(AbstractProducedQuery.java:1626)
		at org.hibernate.query.Query.getResultList(Query.java:165)
		at org.hibernate.query.criteria.internal.compile.CriteriaQueryTypeQueryAdapter.getResultList(CriteriaQueryTypeQueryAdapter.java:76)
		at net.datenwerke.rs.utils.simplequery.byatt.QueryByAttProcessor.process(QueryByAttProcessor.java:103)
		at net.datenwerke.rs.utils.simplequery.byatt.QueryByAttInterceptor.invoke(QueryByAttInterceptor.java:24)
		at net.datenwerke.rs.terminal.service.terminal.vfs.hooks.TreeBasedVirtualFileSystem.getNodeByLocation(TreeBasedVirtualFileSystem.java:113)
		at net.datenwerke.rs.terminal.service.terminal.vfs.hooks.TreeBasedVirtualFileSystem.getLocation(TreeBasedVirtualFileSystem.java:57)
		at net.datenwerke.rs.terminal.service.terminal.vfs.VirtualFileSystemDeamon.getLocation(VirtualFileSystemDeamon.java:144)
		at net.datenwerke.rs.terminal.service.terminal.vfs.VirtualFileSystemDeamon.getAbsoluteLocation(VirtualFileSystemDeamon.java:106)
		at net.datenwerke.rs.terminal.service.terminal.vfs.VirtualFileSystemDeamon.getLocation(VirtualFileSystemDeamon.java:82)
		at net.datenwerke.rs.terminal.service.terminal.vfs.hookers.VfsObjectResolver.getParentLocation(VfsObjectResolver.java:84)
		at net.datenwerke.rs.terminal.service.terminal.vfs.hookers.VfsObjectResolver.consumes(VfsObjectResolver.java:26)
		at net.datenwerke.rs.terminal.service.terminal.objresolver.ObjectResolverDeamon.lambda$0(ObjectResolverDeamon.java:70)
		at java.base/java.util.stream.ReferencePipeline$2$1.accept(ReferencePipeline.java:178)
		at java.base/java.util.ArrayList$ArrayListSpliterator.forEachRemaining(ArrayList.java:1625)
		at java.base/java.util.stream.AbstractPipeline.copyInto(AbstractPipeline.java:509)
		at java.base/java.util.stream.AbstractPipeline.wrapAndCopyInto(AbstractPipeline.java:499)
		at java.base/java.util.stream.ReduceOps$ReduceOp.evaluateSequential(ReduceOps.java:921)
		at java.base/java.util.stream.AbstractPipeline.evaluate(AbstractPipeline.java:234)
		at java.base/java.util.stream.ReferencePipeline.collect(ReferencePipeline.java:682)
		at net.datenwerke.rs.terminal.service.terminal.objresolver.ObjectResolverDeamon.doGetObjects(ObjectResolverDeamon.java:87)
		at net.datenwerke.rs.terminal.service.terminal.objresolver.ObjectResolverDeamon.lambda$7(ObjectResolverDeamon.java:94)
		at net.datenwerke.rs.utils.exception.shared.LambdaExceptionUtil.lambda$3(LambdaExceptionUtil.java:104)
		at java.base/java.util.stream.ReferencePipeline$3$1.accept(ReferencePipeline.java:197)
		at java.base/java.util.Collections$2.tryAdvance(Collections.java:4853)
		at java.base/java.util.Collections$2.forEachRemaining(Collections.java:4861)
		at java.base/java.util.stream.AbstractPipeline.copyInto(AbstractPipeline.java:509)
		at java.base/java.util.stream.AbstractPipeline.wrapAndCopyInto(AbstractPipeline.java:499)
		at java.base/java.util.stream.ReduceOps$ReduceOp.evaluateSequential(ReduceOps.java:921)
		at java.base/java.util.stream.AbstractPipeline.evaluate(AbstractPipeline.java:234)
		at java.base/java.util.stream.ReferencePipeline.collect(ReferencePipeline.java:682)
		at net.datenwerke.rs.terminal.service.terminal.objresolver.ObjectResolverDeamon.getObjects(ObjectResolverDeamon.java:96)
		at net.datenwerke.rs.terminal.service.terminal.objresolver.ObjectResolverDeamon.getObjects(ObjectResolverDeamon.java:111)
		at net.datenwerke.rs.terminal.service.terminal.objresolver.ObjectResolverDeamon.getObjects(ObjectResolverDeamon.java:106)
		at org.codehaus.groovy.vmplugin.v8.IndyInterface.fromCache(IndyInterface.java:321)
		at net.datenwerke.rs.terminal.service.terminal.TerminalServiceImpl.getObjectsByQuery(TerminalServiceImpl.groovy:107)
		at org.codehaus.groovy.vmplugin.v8.IndyInterface.fromCache(IndyInterface.java:321)
		at net.datenwerke.rs.terminal.service.terminal.TerminalServiceImpl.getObjectByQuery(TerminalServiceImpl.groovy:117)
		at net.datenwerke.rs.fileserver.service.fileserver.FileServerServiceImpl.getNodeByPath(FileServerServiceImpl.java:78)
		at net.datenwerke.rs.fileserver.server.fileserver.IndexRedirectServlet.doGet(IndexRedirectServlet.java:53)
		at javax.servlet.http.HttpServlet.service(HttpServlet.java:529)
		at javax.servlet.http.HttpServlet.service(HttpServlet.java:623)
		at com.google.inject.servlet.ServletDefinition.doServiceImpl(ServletDefinition.java:290)
		at com.google.inject.servlet.ServletDefinition.doService(ServletDefinition.java:280)
		at com.google.inject.servlet.ServletDefinition.service(ServletDefinition.java:184)
		at com.google.inject.servlet.ManagedServletPipeline.service(ManagedServletPipeline.java:89)
		at com.google.inject.persist.PersistFilter.doFilter(PersistFilter.java:94)
		at com.google.inject.servlet.ManagedFilterPipeline.dispatch(ManagedFilterPipeline.java:121)
		at com.google.inject.servlet.GuiceFilter.doFilter(GuiceFilter.java:133)
		at org.apache.catalina.core.ApplicationFilterChain.internalDoFilter(ApplicationFilterChain.java:168)
		at org.apache.catalina.core.ApplicationFilterChain.doFilter(ApplicationFilterChain.java:144)
		at org.apache.catalina.core.StandardWrapperValve.invoke(StandardWrapperValve.java:168)
		at org.apache.catalina.core.StandardContextValve.invoke(StandardContextValve.java:90)
		at org.apache.catalina.authenticator.AuthenticatorBase.invoke(AuthenticatorBase.java:482)
		at org.apache.catalina.core.StandardHostValve.invoke(StandardHostValve.java:130)
		at org.apache.catalina.valves.ErrorReportValve.invoke(ErrorReportValve.java:93)
		at org.apache.catalina.valves.AbstractAccessLogValve.invoke(AbstractAccessLogValve.java:660)
		at org.apache.catalina.core.StandardEngineValve.invoke(StandardEngineValve.java:74)
		at org.apache.catalina.connector.CoyoteAdapter.service(CoyoteAdapter.java:346)
		at org.apache.coyote.http11.Http11Processor.service(Http11Processor.java:396)
		at org.apache.coyote.AbstractProcessorLight.process(AbstractProcessorLight.java:63)
		at org.apache.coyote.AbstractProtocol$ConnectionHandler.process(AbstractProtocol.java:937)
		at org.apache.tomcat.util.net.NioEndpoint$SocketProcessor.doRun(NioEndpoint.java:1791)
		at org.apache.tomcat.util.net.SocketProcessorBase.run(SocketProcessorBase.java:52)
		at org.apache.tomcat.util.threads.ThreadPoolExecutor.runWorker(ThreadPoolExecutor.java:1190)
		at org.apache.tomcat.util.threads.ThreadPoolExecutor$Worker.run(ThreadPoolExecutor.java:659)
		at org.apache.tomcat.util.threads.TaskThread$WrappingRunnable.run(TaskThread.java:63)
		at java.base/java.lang.Thread.run(Thread.java:833)
	Caused by: org.hibernate.exception.GenericJDBCException: Unable to acquire JDBC Connection
		at org.hibernate.exception.internal.StandardSQLExceptionConverter.convert(StandardSQLExceptionConverter.java:42)
		at org.hibernate.engine.jdbc.spi.SqlExceptionHelper.convert(SqlExceptionHelper.java:113)
		at org.hibernate.engine.jdbc.spi.SqlExceptionHelper.convert(SqlExceptionHelper.java:99)
		at org.hibernate.resource.jdbc.internal.LogicalConnectionManagedImpl.acquireConnectionIfNeeded(LogicalConnectionManagedImpl.java:111)
		at org.hibernate.resource.jdbc.internal.LogicalConnectionManagedImpl.getPhysicalConnection(LogicalConnectionManagedImpl.java:138)
		at org.hibernate.engine.jdbc.internal.StatementPreparerImpl.connection(StatementPreparerImpl.java:50)
		at org.hibernate.engine.jdbc.internal.StatementPreparerImpl$5.doPrepare(StatementPreparerImpl.java:149)
		at org.hibernate.engine.jdbc.internal.StatementPreparerImpl$StatementPreparationTemplate.prepareStatement(StatementPreparerImpl.java:176)
		at org.hibernate.engine.jdbc.internal.StatementPreparerImpl.prepareQueryStatement(StatementPreparerImpl.java:151)
		at org.hibernate.loader.Loader.prepareQueryStatement(Loader.java:2122)
		at org.hibernate.loader.Loader.executeQueryStatement(Loader.java:2059)
		at org.hibernate.loader.Loader.executeQueryStatement(Loader.java:2037)
		at org.hibernate.loader.Loader.doQuery(Loader.java:956)
		at org.hibernate.loader.Loader.doQueryAndInitializeNonLazyCollections(Loader.java:357)
		at org.hibernate.loader.Loader.doList(Loader.java:2868)
		at org.hibernate.loader.Loader.doList(Loader.java:2850)
		at org.hibernate.loader.Loader.listIgnoreQueryCache(Loader.java:2682)
		at org.hibernate.loader.Loader.list(Loader.java:2677)
		at org.hibernate.loader.hql.QueryLoader.list(QueryLoader.java:540)
		at org.hibernate.hql.internal.ast.QueryTranslatorImpl.list(QueryTranslatorImpl.java:400)
		at org.hibernate.engine.query.spi.HQLQueryPlan.performList(HQLQueryPlan.java:218)
		at org.hibernate.internal.SessionImpl.list(SessionImpl.java:1459)
		at org.hibernate.query.internal.AbstractProducedQuery.doList(AbstractProducedQuery.java:1649)
		at org.hibernate.query.internal.AbstractProducedQuery.list(AbstractProducedQuery.java:1617)
		... 67 more
	Caused by: java.sql.SQLException: Connections could not be acquired from the underlying database!
		at com.mchange.v2.sql.SqlUtils.toSQLException(SqlUtils.java:118)
		at com.mchange.v2.c3p0.impl.C3P0PooledConnectionPool.checkoutPooledConnection(C3P0PooledConnectionPool.java:692)
		at com.mchange.v2.c3p0.impl.AbstractPoolBackedDataSource.getConnection(AbstractPoolBackedDataSource.java:140)
		at org.hibernate.c3p0.internal.C3P0ConnectionProvider.getConnection(C3P0ConnectionProvider.java:72)
		at org.hibernate.internal.NonContextualJdbcConnectionAccess.obtainConnection(NonContextualJdbcConnectionAccess.java:38)
		at org.hibernate.resource.jdbc.internal.LogicalConnectionManagedImpl.acquireConnectionIfNeeded(LogicalConnectionManagedImpl.java:108)
		... 87 more
	Caused by: com.mchange.v2.resourcepool.CannotAcquireResourceException: A ResourcePool could not acquire a resource from its primary factory or source.
		at com.mchange.v2.resourcepool.BasicResourcePool.awaitAvailable(BasicResourcePool.java:1507)
		at com.mchange.v2.resourcepool.BasicResourcePool.prelimCheckoutResource(BasicResourcePool.java:644)
		at com.mchange.v2.resourcepool.BasicResourcePool.checkoutResource(BasicResourcePool.java:554)
		at com.mchange.v2.c3p0.impl.C3P0PooledConnectionPool.checkoutAndMarkConnectionInUse(C3P0PooledConnectionPool.java:758)
		at com.mchange.v2.c3p0.impl.C3P0PooledConnectionPool.checkoutPooledConnection(C3P0PooledConnectionPool.java:685)
		... 91 more
	Caused by: com.microsoft.sqlserver.jdbc.SQLServerException: No se pudo realizar la conexión TCP/IP al host localhost, puerto 1433. Error: "Connection refused. Verifique las propiedades de conexión, compruebe que hay una instancia de SQL Server ejecutándose en el host y aceptando las conexiones TCP/IP en el puerto y compruebe que no hay ningún firewall bloqueando las conexiones TCP en el puerto.".
		at com.microsoft.sqlserver.jdbc.SQLServerException.makeFromDriverError(SQLServerException.java:242)
		at com.microsoft.sqlserver.jdbc.SQLServerException.convertConnectExceptionToSQLServerException(SQLServerException.java:308)
		at com.microsoft.sqlserver.jdbc.SocketFinder.findSocket(IOBuffer.java:2593)
		at com.microsoft.sqlserver.jdbc.TDSChannel.open(IOBuffer.java:721)
		at com.microsoft.sqlserver.jdbc.SQLServerConnection.connectHelper(SQLServerConnection.java:3768)
		at com.microsoft.sqlserver.jdbc.SQLServerConnection.login(SQLServerConnection.java:3385)
		at com.microsoft.sqlserver.jdbc.SQLServerConnection.connectInternal(SQLServerConnection.java:3194)
		at com.microsoft.sqlserver.jdbc.SQLServerConnection.connect(SQLServerConnection.java:1971)
		at com.microsoft.sqlserver.jdbc.SQLServerDriver.connect(SQLServerDriver.java:1263)
		at com.mchange.v2.c3p0.DriverManagerDataSource.getConnection(DriverManagerDataSource.java:175)
		at com.mchange.v2.c3p0.WrapperConnectionPoolDataSource.getPooledConnection(WrapperConnectionPoolDataSource.java:220)
		at com.mchange.v2.c3p0.WrapperConnectionPoolDataSource.getPooledConnection(WrapperConnectionPoolDataSource.java:206)
		at com.mchange.v2.c3p0.impl.C3P0PooledConnectionPool$1PooledConnectionResourcePoolManager.acquireResource(C3P0PooledConnectionPool.java:203)
		at com.mchange.v2.resourcepool.BasicResourcePool.doAcquire(BasicResourcePool.java:1176)
		at com.mchange.v2.resourcepool.BasicResourcePool.doAcquireAndDecrementPendingAcquiresWithinLockOnSuccess(BasicResourcePool.java:1163)
		at com.mchange.v2.resourcepool.BasicResourcePool.access$700(BasicResourcePool.java:44)
		at com.mchange.v2.resourcepool.BasicResourcePool$ScatteredAcquireTask.run(BasicResourcePool.java:1908)
		at com.mchange.v2.async.ThreadPoolAsynchronousRunner$PoolThread.run(ThreadPoolAsynchronousRunner.java:696)
02-Dec-2024 09:06:39.252 GRAVE [http-nio-8081-exec-7] org.apache.catalina.core.StandardWrapperValve.invoke Servlet.service() para servlet [default] lanzó excepción
	javax.persistence.PersistenceException: org.hibernate.exception.GenericJDBCException: Unable to acquire JDBC Connection
		at org.hibernate.internal.ExceptionConverterImpl.convert(ExceptionConverterImpl.java:154)
		at org.hibernate.query.internal.AbstractProducedQuery.list(AbstractProducedQuery.java:1626)
		at org.hibernate.query.Query.getResultList(Query.java:165)
		at org.hibernate.query.criteria.internal.compile.CriteriaQueryTypeQueryAdapter.getResultList(CriteriaQueryTypeQueryAdapter.java:76)
		at net.datenwerke.rs.utils.simplequery.byatt.QueryByAttProcessor.process(QueryByAttProcessor.java:103)
		at net.datenwerke.rs.utils.simplequery.byatt.QueryByAttInterceptor.invoke(QueryByAttInterceptor.java:24)
		at net.datenwerke.rs.terminal.service.terminal.vfs.hooks.TreeBasedVirtualFileSystem.getNodeByLocation(TreeBasedVirtualFileSystem.java:113)
		at net.datenwerke.rs.terminal.service.terminal.vfs.hooks.TreeBasedVirtualFileSystem.getLocation(TreeBasedVirtualFileSystem.java:57)
		at net.datenwerke.rs.terminal.service.terminal.vfs.VirtualFileSystemDeamon.getLocation(VirtualFileSystemDeamon.java:144)
		at net.datenwerke.rs.terminal.service.terminal.vfs.VirtualFileSystemDeamon.getAbsoluteLocation(VirtualFileSystemDeamon.java:106)
		at net.datenwerke.rs.terminal.service.terminal.vfs.VirtualFileSystemDeamon.getLocation(VirtualFileSystemDeamon.java:82)
		at net.datenwerke.rs.terminal.service.terminal.vfs.hookers.VfsObjectResolver.getParentLocation(VfsObjectResolver.java:84)
		at net.datenwerke.rs.terminal.service.terminal.vfs.hookers.VfsObjectResolver.consumes(VfsObjectResolver.java:26)
		at net.datenwerke.rs.terminal.service.terminal.objresolver.ObjectResolverDeamon.lambda$0(ObjectResolverDeamon.java:70)
		at java.base/java.util.stream.ReferencePipeline$2$1.accept(ReferencePipeline.java:178)
		at java.base/java.util.ArrayList$ArrayListSpliterator.forEachRemaining(ArrayList.java:1625)
		at java.base/java.util.stream.AbstractPipeline.copyInto(AbstractPipeline.java:509)
		at java.base/java.util.stream.AbstractPipeline.wrapAndCopyInto(AbstractPipeline.java:499)
		at java.base/java.util.stream.ReduceOps$ReduceOp.evaluateSequential(ReduceOps.java:921)
		at java.base/java.util.stream.AbstractPipeline.evaluate(AbstractPipeline.java:234)
		at java.base/java.util.stream.ReferencePipeline.collect(ReferencePipeline.java:682)
		at net.datenwerke.rs.terminal.service.terminal.objresolver.ObjectResolverDeamon.doGetObjects(ObjectResolverDeamon.java:87)
		at net.datenwerke.rs.terminal.service.terminal.objresolver.ObjectResolverDeamon.lambda$7(ObjectResolverDeamon.java:94)
		at net.datenwerke.rs.utils.exception.shared.LambdaExceptionUtil.lambda$3(LambdaExceptionUtil.java:104)
		at java.base/java.util.stream.ReferencePipeline$3$1.accept(ReferencePipeline.java:197)
		at java.base/java.util.Collections$2.tryAdvance(Collections.java:4853)
		at java.base/java.util.Collections$2.forEachRemaining(Collections.java:4861)
		at java.base/java.util.stream.AbstractPipeline.copyInto(AbstractPipeline.java:509)
		at java.base/java.util.stream.AbstractPipeline.wrapAndCopyInto(AbstractPipeline.java:499)
		at java.base/java.util.stream.ReduceOps$ReduceOp.evaluateSequential(ReduceOps.java:921)
		at java.base/java.util.stream.AbstractPipeline.evaluate(AbstractPipeline.java:234)
		at java.base/java.util.stream.ReferencePipeline.collect(ReferencePipeline.java:682)
		at net.datenwerke.rs.terminal.service.terminal.objresolver.ObjectResolverDeamon.getObjects(ObjectResolverDeamon.java:96)
		at net.datenwerke.rs.terminal.service.terminal.objresolver.ObjectResolverDeamon.getObjects(ObjectResolverDeamon.java:111)
		at net.datenwerke.rs.terminal.service.terminal.objresolver.ObjectResolverDeamon.getObjects(ObjectResolverDeamon.java:106)
		at org.codehaus.groovy.vmplugin.v8.IndyInterface.fromCache(IndyInterface.java:321)
		at net.datenwerke.rs.terminal.service.terminal.TerminalServiceImpl.getObjectsByQuery(TerminalServiceImpl.groovy:107)
		at org.codehaus.groovy.vmplugin.v8.IndyInterface.fromCache(IndyInterface.java:321)
		at net.datenwerke.rs.terminal.service.terminal.TerminalServiceImpl.getObjectByQuery(TerminalServiceImpl.groovy:117)
		at net.datenwerke.rs.fileserver.service.fileserver.FileServerServiceImpl.getNodeByPath(FileServerServiceImpl.java:78)
		at net.datenwerke.rs.fileserver.server.fileserver.IndexRedirectServlet.doGet(IndexRedirectServlet.java:53)
		at javax.servlet.http.HttpServlet.service(HttpServlet.java:529)
		at javax.servlet.http.HttpServlet.service(HttpServlet.java:623)
		at com.google.inject.servlet.ServletDefinition.doServiceImpl(ServletDefinition.java:290)
		at com.google.inject.servlet.ServletDefinition.doService(ServletDefinition.java:280)
		at com.google.inject.servlet.ServletDefinition.service(ServletDefinition.java:184)
		at com.google.inject.servlet.ManagedServletPipeline.service(ManagedServletPipeline.java:89)
		at com.google.inject.persist.PersistFilter.doFilter(PersistFilter.java:94)
		at com.google.inject.servlet.ManagedFilterPipeline.dispatch(ManagedFilterPipeline.java:121)
		at com.google.inject.servlet.GuiceFilter.doFilter(GuiceFilter.java:133)
		at org.apache.catalina.core.ApplicationFilterChain.internalDoFilter(ApplicationFilterChain.java:168)
		at org.apache.catalina.core.ApplicationFilterChain.doFilter(ApplicationFilterChain.java:144)
		at org.apache.catalina.core.StandardWrapperValve.invoke(StandardWrapperValve.java:168)
		at org.apache.catalina.core.StandardContextValve.invoke(StandardContextValve.java:90)
		at org.apache.catalina.authenticator.AuthenticatorBase.invoke(AuthenticatorBase.java:482)
		at org.apache.catalina.core.StandardHostValve.invoke(StandardHostValve.java:130)
		at org.apache.catalina.valves.ErrorReportValve.invoke(ErrorReportValve.java:93)
		at org.apache.catalina.valves.AbstractAccessLogValve.invoke(AbstractAccessLogValve.java:660)
		at org.apache.catalina.core.StandardEngineValve.invoke(StandardEngineValve.java:74)
		at org.apache.catalina.connector.CoyoteAdapter.service(CoyoteAdapter.java:346)
		at org.apache.coyote.http11.Http11Processor.service(Http11Processor.java:396)
		at org.apache.coyote.AbstractProcessorLight.process(AbstractProcessorLight.java:63)
		at org.apache.coyote.AbstractProtocol$ConnectionHandler.process(AbstractProtocol.java:937)
		at org.apache.tomcat.util.net.NioEndpoint$SocketProcessor.doRun(NioEndpoint.java:1791)
		at org.apache.tomcat.util.net.SocketProcessorBase.run(SocketProcessorBase.java:52)
		at org.apache.tomcat.util.threads.ThreadPoolExecutor.runWorker(ThreadPoolExecutor.java:1190)
		at org.apache.tomcat.util.threads.ThreadPoolExecutor$Worker.run(ThreadPoolExecutor.java:659)
		at org.apache.tomcat.util.threads.TaskThread$WrappingRunnable.run(TaskThread.java:63)
		at java.base/java.lang.Thread.run(Thread.java:833)
	Caused by: org.hibernate.exception.GenericJDBCException: Unable to acquire JDBC Connection
		at org.hibernate.exception.internal.StandardSQLExceptionConverter.convert(StandardSQLExceptionConverter.java:42)
		at org.hibernate.engine.jdbc.spi.SqlExceptionHelper.convert(SqlExceptionHelper.java:113)
		at org.hibernate.engine.jdbc.spi.SqlExceptionHelper.convert(SqlExceptionHelper.java:99)
		at org.hibernate.resource.jdbc.internal.LogicalConnectionManagedImpl.acquireConnectionIfNeeded(LogicalConnectionManagedImpl.java:111)
		at org.hibernate.resource.jdbc.internal.LogicalConnectionManagedImpl.getPhysicalConnection(LogicalConnectionManagedImpl.java:138)
		at org.hibernate.engine.jdbc.internal.StatementPreparerImpl.connection(StatementPreparerImpl.java:50)
		at org.hibernate.engine.jdbc.internal.StatementPreparerImpl$5.doPrepare(StatementPreparerImpl.java:149)
		at org.hibernate.engine.jdbc.internal.StatementPreparerImpl$StatementPreparationTemplate.prepareStatement(StatementPreparerImpl.java:176)
		at org.hibernate.engine.jdbc.internal.StatementPreparerImpl.prepareQueryStatement(StatementPreparerImpl.java:151)
		at org.hibernate.loader.Loader.prepareQueryStatement(Loader.java:2122)
		at org.hibernate.loader.Loader.executeQueryStatement(Loader.java:2059)
		at org.hibernate.loader.Loader.executeQueryStatement(Loader.java:2037)
		at org.hibernate.loader.Loader.doQuery(Loader.java:956)
		at org.hibernate.loader.Loader.doQueryAndInitializeNonLazyCollections(Loader.java:357)
		at org.hibernate.loader.Loader.doList(Loader.java:2868)
		at org.hibernate.loader.Loader.doList(Loader.java:2850)
		at org.hibernate.loader.Loader.listIgnoreQueryCache(Loader.java:2682)
		at org.hibernate.loader.Loader.list(Loader.java:2677)
		at org.hibernate.loader.hql.QueryLoader.list(QueryLoader.java:540)
		at org.hibernate.hql.internal.ast.QueryTranslatorImpl.list(QueryTranslatorImpl.java:400)
		at org.hibernate.engine.query.spi.HQLQueryPlan.performList(HQLQueryPlan.java:218)
		at org.hibernate.internal.SessionImpl.list(SessionImpl.java:1459)
		at org.hibernate.query.internal.AbstractProducedQuery.doList(AbstractProducedQuery.java:1649)
		at org.hibernate.query.internal.AbstractProducedQuery.list(AbstractProducedQuery.java:1617)
		... 67 more
	Caused by: java.sql.SQLException: Connections could not be acquired from the underlying database!
		at com.mchange.v2.sql.SqlUtils.toSQLException(SqlUtils.java:118)
		at com.mchange.v2.c3p0.impl.C3P0PooledConnectionPool.checkoutPooledConnection(C3P0PooledConnectionPool.java:692)
		at com.mchange.v2.c3p0.impl.AbstractPoolBackedDataSource.getConnection(AbstractPoolBackedDataSource.java:140)
		at org.hibernate.c3p0.internal.C3P0ConnectionProvider.getConnection(C3P0ConnectionProvider.java:72)
		at org.hibernate.internal.NonContextualJdbcConnectionAccess.obtainConnection(NonContextualJdbcConnectionAccess.java:38)
		at org.hibernate.resource.jdbc.internal.LogicalConnectionManagedImpl.acquireConnectionIfNeeded(LogicalConnectionManagedImpl.java:108)
		... 87 more
	Caused by: com.mchange.v2.resourcepool.CannotAcquireResourceException: A ResourcePool could not acquire a resource from its primary factory or source.
		at com.mchange.v2.resourcepool.BasicResourcePool.awaitAvailable(BasicResourcePool.java:1507)
		at com.mchange.v2.resourcepool.BasicResourcePool.prelimCheckoutResource(BasicResourcePool.java:644)
		at com.mchange.v2.resourcepool.BasicResourcePool.checkoutResource(BasicResourcePool.java:554)
		at com.mchange.v2.c3p0.impl.C3P0PooledConnectionPool.checkoutAndMarkConnectionInUse(C3P0PooledConnectionPool.java:758)
		at com.mchange.v2.c3p0.impl.C3P0PooledConnectionPool.checkoutPooledConnection(C3P0PooledConnectionPool.java:685)
		... 91 more
	Caused by: com.microsoft.sqlserver.jdbc.SQLServerException: No se pudo realizar la conexión TCP/IP al host localhost, puerto 1433. Error: "Connection refused. Verifique las propiedades de conexión, compruebe que hay una instancia de SQL Server ejecutándose en el host y aceptando las conexiones TCP/IP en el puerto y compruebe que no hay ningún firewall bloqueando las conexiones TCP en el puerto.".
		at com.microsoft.sqlserver.jdbc.SQLServerException.makeFromDriverError(SQLServerException.java:242)
		at com.microsoft.sqlserver.jdbc.SQLServerException.convertConnectExceptionToSQLServerException(SQLServerException.java:308)
		at com.microsoft.sqlserver.jdbc.SocketFinder.findSocket(IOBuffer.java:2593)
		at com.microsoft.sqlserver.jdbc.TDSChannel.open(IOBuffer.java:721)
		at com.microsoft.sqlserver.jdbc.SQLServerConnection.connectHelper(SQLServerConnection.java:3768)
		at com.microsoft.sqlserver.jdbc.SQLServerConnection.login(SQLServerConnection.java:3385)
		at com.microsoft.sqlserver.jdbc.SQLServerConnection.connectInternal(SQLServerConnection.java:3194)
		at com.microsoft.sqlserver.jdbc.SQLServerConnection.connect(SQLServerConnection.java:1971)
		at com.microsoft.sqlserver.jdbc.SQLServerDriver.connect(SQLServerDriver.java:1263)
		at com.mchange.v2.c3p0.DriverManagerDataSource.getConnection(DriverManagerDataSource.java:175)
		at com.mchange.v2.c3p0.WrapperConnectionPoolDataSource.getPooledConnection(WrapperConnectionPoolDataSource.java:220)
		at com.mchange.v2.c3p0.WrapperConnectionPoolDataSource.getPooledConnection(WrapperConnectionPoolDataSource.java:206)
		at com.mchange.v2.c3p0.impl.C3P0PooledConnectionPool$1PooledConnectionResourcePoolManager.acquireResource(C3P0PooledConnectionPool.java:203)
		at com.mchange.v2.resourcepool.BasicResourcePool.doAcquire(BasicResourcePool.java:1176)
		at com.mchange.v2.resourcepool.BasicResourcePool.doAcquireAndDecrementPendingAcquiresWithinLockOnSuccess(BasicResourcePool.java:1163)
		at com.mchange.v2.resourcepool.BasicResourcePool.access$700(BasicResourcePool.java:44)
		at com.mchange.v2.resourcepool.BasicResourcePool$ScatteredAcquireTask.run(BasicResourcePool.java:1908)
		at com.mchange.v2.async.ThreadPoolAsynchronousRunner$PoolThread.run(ThreadPoolAsynchronousRunner.java:696)
02-Dec-2024 09:07:10.488 GRAVE [http-nio-8081-exec-8] org.apache.catalina.core.StandardWrapperValve.invoke Servlet.service() para servlet [default] lanzó excepción
	javax.persistence.PersistenceException: org.hibernate.exception.GenericJDBCException: Unable to acquire JDBC Connection
		at org.hibernate.internal.ExceptionConverterImpl.convert(ExceptionConverterImpl.java:154)
		at org.hibernate.query.internal.AbstractProducedQuery.list(AbstractProducedQuery.java:1626)
		at org.hibernate.query.Query.getResultList(Query.java:165)
		at org.hibernate.query.criteria.internal.compile.CriteriaQueryTypeQueryAdapter.getResultList(CriteriaQueryTypeQueryAdapter.java:76)
		at net.datenwerke.rs.utils.simplequery.byatt.QueryByAttProcessor.process(QueryByAttProcessor.java:103)
		at net.datenwerke.rs.utils.simplequery.byatt.QueryByAttInterceptor.invoke(QueryByAttInterceptor.java:24)
		at net.datenwerke.rs.terminal.service.terminal.vfs.hooks.TreeBasedVirtualFileSystem.getNodeByLocation(TreeBasedVirtualFileSystem.java:113)
		at net.datenwerke.rs.terminal.service.terminal.vfs.hooks.TreeBasedVirtualFileSystem.getLocation(TreeBasedVirtualFileSystem.java:57)
		at net.datenwerke.rs.terminal.service.terminal.vfs.VirtualFileSystemDeamon.getLocation(VirtualFileSystemDeamon.java:144)
		at net.datenwerke.rs.terminal.service.terminal.vfs.VirtualFileSystemDeamon.getAbsoluteLocation(VirtualFileSystemDeamon.java:106)
		at net.datenwerke.rs.terminal.service.terminal.vfs.VirtualFileSystemDeamon.getLocation(VirtualFileSystemDeamon.java:82)
		at net.datenwerke.rs.terminal.service.terminal.vfs.hookers.VfsObjectResolver.getParentLocation(VfsObjectResolver.java:84)
		at net.datenwerke.rs.terminal.service.terminal.vfs.hookers.VfsObjectResolver.consumes(VfsObjectResolver.java:26)
		at net.datenwerke.rs.terminal.service.terminal.objresolver.ObjectResolverDeamon.lambda$0(ObjectResolverDeamon.java:70)
		at java.base/java.util.stream.ReferencePipeline$2$1.accept(ReferencePipeline.java:178)
		at java.base/java.util.ArrayList$ArrayListSpliterator.forEachRemaining(ArrayList.java:1625)
		at java.base/java.util.stream.AbstractPipeline.copyInto(AbstractPipeline.java:509)
		at java.base/java.util.stream.AbstractPipeline.wrapAndCopyInto(AbstractPipeline.java:499)
		at java.base/java.util.stream.ReduceOps$ReduceOp.evaluateSequential(ReduceOps.java:921)
		at java.base/java.util.stream.AbstractPipeline.evaluate(AbstractPipeline.java:234)
		at java.base/java.util.stream.ReferencePipeline.collect(ReferencePipeline.java:682)
		at net.datenwerke.rs.terminal.service.terminal.objresolver.ObjectResolverDeamon.doGetObjects(ObjectResolverDeamon.java:87)
		at net.datenwerke.rs.terminal.service.terminal.objresolver.ObjectResolverDeamon.lambda$7(ObjectResolverDeamon.java:94)
		at net.datenwerke.rs.utils.exception.shared.LambdaExceptionUtil.lambda$3(LambdaExceptionUtil.java:104)
		at java.base/java.util.stream.ReferencePipeline$3$1.accept(ReferencePipeline.java:197)
		at java.base/java.util.Collections$2.tryAdvance(Collections.java:4853)
		at java.base/java.util.Collections$2.forEachRemaining(Collections.java:4861)
		at java.base/java.util.stream.AbstractPipeline.copyInto(AbstractPipeline.java:509)
		at java.base/java.util.stream.AbstractPipeline.wrapAndCopyInto(AbstractPipeline.java:499)
		at java.base/java.util.stream.ReduceOps$ReduceOp.evaluateSequential(ReduceOps.java:921)
		at java.base/java.util.stream.AbstractPipeline.evaluate(AbstractPipeline.java:234)
		at java.base/java.util.stream.ReferencePipeline.collect(ReferencePipeline.java:682)
		at net.datenwerke.rs.terminal.service.terminal.objresolver.ObjectResolverDeamon.getObjects(ObjectResolverDeamon.java:96)
		at net.datenwerke.rs.terminal.service.terminal.objresolver.ObjectResolverDeamon.getObjects(ObjectResolverDeamon.java:111)
		at net.datenwerke.rs.terminal.service.terminal.objresolver.ObjectResolverDeamon.getObjects(ObjectResolverDeamon.java:106)
		at org.codehaus.groovy.vmplugin.v8.IndyInterface.fromCache(IndyInterface.java:321)
		at net.datenwerke.rs.terminal.service.terminal.TerminalServiceImpl.getObjectsByQuery(TerminalServiceImpl.groovy:107)
		at org.codehaus.groovy.vmplugin.v8.IndyInterface.fromCache(IndyInterface.java:321)
		at net.datenwerke.rs.terminal.service.terminal.TerminalServiceImpl.getObjectByQuery(TerminalServiceImpl.groovy:117)
		at net.datenwerke.rs.fileserver.service.fileserver.FileServerServiceImpl.getNodeByPath(FileServerServiceImpl.java:78)
		at net.datenwerke.rs.fileserver.server.fileserver.IndexRedirectServlet.doGet(IndexRedirectServlet.java:53)
		at javax.servlet.http.HttpServlet.service(HttpServlet.java:529)
		at javax.servlet.http.HttpServlet.service(HttpServlet.java:623)
		at com.google.inject.servlet.ServletDefinition.doServiceImpl(ServletDefinition.java:290)
		at com.google.inject.servlet.ServletDefinition.doService(ServletDefinition.java:280)
		at com.google.inject.servlet.ServletDefinition.service(ServletDefinition.java:184)
		at com.google.inject.servlet.ManagedServletPipeline.service(ManagedServletPipeline.java:89)
		at com.google.inject.persist.PersistFilter.doFilter(PersistFilter.java:94)
		at com.google.inject.servlet.ManagedFilterPipeline.dispatch(ManagedFilterPipeline.java:121)
		at com.google.inject.servlet.GuiceFilter.doFilter(GuiceFilter.java:133)
		at org.apache.catalina.core.ApplicationFilterChain.internalDoFilter(ApplicationFilterChain.java:168)
		at org.apache.catalina.core.ApplicationFilterChain.doFilter(ApplicationFilterChain.java:144)
		at org.apache.catalina.core.StandardWrapperValve.invoke(StandardWrapperValve.java:168)
		at org.apache.catalina.core.StandardContextValve.invoke(StandardContextValve.java:90)
		at org.apache.catalina.authenticator.AuthenticatorBase.invoke(AuthenticatorBase.java:482)
		at org.apache.catalina.core.StandardHostValve.invoke(StandardHostValve.java:130)
		at org.apache.catalina.valves.ErrorReportValve.invoke(ErrorReportValve.java:93)
		at org.apache.catalina.valves.AbstractAccessLogValve.invoke(AbstractAccessLogValve.java:660)
		at org.apache.catalina.core.StandardEngineValve.invoke(StandardEngineValve.java:74)
		at org.apache.catalina.connector.CoyoteAdapter.service(CoyoteAdapter.java:346)
		at org.apache.coyote.http11.Http11Processor.service(Http11Processor.java:396)
		at org.apache.coyote.AbstractProcessorLight.process(AbstractProcessorLight.java:63)
		at org.apache.coyote.AbstractProtocol$ConnectionHandler.process(AbstractProtocol.java:937)
		at org.apache.tomcat.util.net.NioEndpoint$SocketProcessor.doRun(NioEndpoint.java:1791)
		at org.apache.tomcat.util.net.SocketProcessorBase.run(SocketProcessorBase.java:52)
		at org.apache.tomcat.util.threads.ThreadPoolExecutor.runWorker(ThreadPoolExecutor.java:1190)
		at org.apache.tomcat.util.threads.ThreadPoolExecutor$Worker.run(ThreadPoolExecutor.java:659)
		at org.apache.tomcat.util.threads.TaskThread$WrappingRunnable.run(TaskThread.java:63)
		at java.base/java.lang.Thread.run(Thread.java:833)
	Caused by: org.hibernate.exception.GenericJDBCException: Unable to acquire JDBC Connection
		at org.hibernate.exception.internal.StandardSQLExceptionConverter.convert(StandardSQLExceptionConverter.java:42)
		at org.hibernate.engine.jdbc.spi.SqlExceptionHelper.convert(SqlExceptionHelper.java:113)
		at org.hibernate.engine.jdbc.spi.SqlExceptionHelper.convert(SqlExceptionHelper.java:99)
		at org.hibernate.resource.jdbc.internal.LogicalConnectionManagedImpl.acquireConnectionIfNeeded(LogicalConnectionManagedImpl.java:111)
		at org.hibernate.resource.jdbc.internal.LogicalConnectionManagedImpl.getPhysicalConnection(LogicalConnectionManagedImpl.java:138)
		at org.hibernate.engine.jdbc.internal.StatementPreparerImpl.connection(StatementPreparerImpl.java:50)
		at org.hibernate.engine.jdbc.internal.StatementPreparerImpl$5.doPrepare(StatementPreparerImpl.java:149)
		at org.hibernate.engine.jdbc.internal.StatementPreparerImpl$StatementPreparationTemplate.prepareStatement(StatementPreparerImpl.java:176)
		at org.hibernate.engine.jdbc.internal.StatementPreparerImpl.prepareQueryStatement(StatementPreparerImpl.java:151)
		at org.hibernate.loader.Loader.prepareQueryStatement(Loader.java:2122)
		at org.hibernate.loader.Loader.executeQueryStatement(Loader.java:2059)
		at org.hibernate.loader.Loader.executeQueryStatement(Loader.java:2037)
		at org.hibernate.loader.Loader.doQuery(Loader.java:956)
		at org.hibernate.loader.Loader.doQueryAndInitializeNonLazyCollections(Loader.java:357)
		at org.hibernate.loader.Loader.doList(Loader.java:2868)
		at org.hibernate.loader.Loader.doList(Loader.java:2850)
		at org.hibernate.loader.Loader.listIgnoreQueryCache(Loader.java:2682)
		at org.hibernate.loader.Loader.list(Loader.java:2677)
		at org.hibernate.loader.hql.QueryLoader.list(QueryLoader.java:540)
		at org.hibernate.hql.internal.ast.QueryTranslatorImpl.list(QueryTranslatorImpl.java:400)
		at org.hibernate.engine.query.spi.HQLQueryPlan.performList(HQLQueryPlan.java:218)
		at org.hibernate.internal.SessionImpl.list(SessionImpl.java:1459)
		at org.hibernate.query.internal.AbstractProducedQuery.doList(AbstractProducedQuery.java:1649)
		at org.hibernate.query.internal.AbstractProducedQuery.list(AbstractProducedQuery.java:1617)
		... 67 more
	Caused by: java.sql.SQLException: Connections could not be acquired from the underlying database!
		at com.mchange.v2.sql.SqlUtils.toSQLException(SqlUtils.java:118)
		at com.mchange.v2.c3p0.impl.C3P0PooledConnectionPool.checkoutPooledConnection(C3P0PooledConnectionPool.java:692)
		at com.mchange.v2.c3p0.impl.AbstractPoolBackedDataSource.getConnection(AbstractPoolBackedDataSource.java:140)
		at org.hibernate.c3p0.internal.C3P0ConnectionProvider.getConnection(C3P0ConnectionProvider.java:72)
		at org.hibernate.internal.NonContextualJdbcConnectionAccess.obtainConnection(NonContextualJdbcConnectionAccess.java:38)
		at org.hibernate.resource.jdbc.internal.LogicalConnectionManagedImpl.acquireConnectionIfNeeded(LogicalConnectionManagedImpl.java:108)
		... 87 more
	Caused by: com.mchange.v2.resourcepool.CannotAcquireResourceException: A ResourcePool could not acquire a resource from its primary factory or source.
		at com.mchange.v2.resourcepool.BasicResourcePool.awaitAvailable(BasicResourcePool.java:1507)
		at com.mchange.v2.resourcepool.BasicResourcePool.prelimCheckoutResource(BasicResourcePool.java:644)
		at com.mchange.v2.resourcepool.BasicResourcePool.checkoutResource(BasicResourcePool.java:554)
		at com.mchange.v2.c3p0.impl.C3P0PooledConnectionPool.checkoutAndMarkConnectionInUse(C3P0PooledConnectionPool.java:758)
		at com.mchange.v2.c3p0.impl.C3P0PooledConnectionPool.checkoutPooledConnection(C3P0PooledConnectionPool.java:685)
		... 91 more
	Caused by: com.microsoft.sqlserver.jdbc.SQLServerException: No se pudo realizar la conexión TCP/IP al host localhost, puerto 1433. Error: "Connection refused. Verifique las propiedades de conexión, compruebe que hay una instancia de SQL Server ejecutándose en el host y aceptando las conexiones TCP/IP en el puerto y compruebe que no hay ningún firewall bloqueando las conexiones TCP en el puerto.".
		at com.microsoft.sqlserver.jdbc.SQLServerException.makeFromDriverError(SQLServerException.java:242)
		at com.microsoft.sqlserver.jdbc.SQLServerException.convertConnectExceptionToSQLServerException(SQLServerException.java:308)
		at com.microsoft.sqlserver.jdbc.SocketFinder.findSocket(IOBuffer.java:2593)
		at com.microsoft.sqlserver.jdbc.TDSChannel.open(IOBuffer.java:721)
		at com.microsoft.sqlserver.jdbc.SQLServerConnection.connectHelper(SQLServerConnection.java:3768)
		at com.microsoft.sqlserver.jdbc.SQLServerConnection.login(SQLServerConnection.java:3385)
		at com.microsoft.sqlserver.jdbc.SQLServerConnection.connectInternal(SQLServerConnection.java:3194)
		at com.microsoft.sqlserver.jdbc.SQLServerConnection.connect(SQLServerConnection.java:1971)
		at com.microsoft.sqlserver.jdbc.SQLServerDriver.connect(SQLServerDriver.java:1263)
		at com.mchange.v2.c3p0.DriverManagerDataSource.getConnection(DriverManagerDataSource.java:175)
		at com.mchange.v2.c3p0.WrapperConnectionPoolDataSource.getPooledConnection(WrapperConnectionPoolDataSource.java:220)
		at com.mchange.v2.c3p0.WrapperConnectionPoolDataSource.getPooledConnection(WrapperConnectionPoolDataSource.java:206)
		at com.mchange.v2.c3p0.impl.C3P0PooledConnectionPool$1PooledConnectionResourcePoolManager.acquireResource(C3P0PooledConnectionPool.java:203)
		at com.mchange.v2.resourcepool.BasicResourcePool.doAcquire(BasicResourcePool.java:1176)
		at com.mchange.v2.resourcepool.BasicResourcePool.doAcquireAndDecrementPendingAcquiresWithinLockOnSuccess(BasicResourcePool.java:1163)
		at com.mchange.v2.resourcepool.BasicResourcePool.access$700(BasicResourcePool.java:44)
		at com.mchange.v2.resourcepool.BasicResourcePool$ScatteredAcquireTask.run(BasicResourcePool.java:1908)
		at com.mchange.v2.async.ThreadPoolAsynchronousRunner$PoolThread.run(ThreadPoolAsynchronousRunner.java:696)
02-Dec-2024 09:07:26.003 INFORMACIÓN [main] org.apache.catalina.core.ApplicationContext.log ContextListener: contextInitialized()
02-Dec-2024 09:07:26.003 INFORMACIÓN [main] org.apache.catalina.core.ApplicationContext.log SessionListener: contextInitialized()
02-Dec-2024 09:07:26.005 INFORMACIÓN [main] org.apache.catalina.core.ApplicationContext.log ContextListener: attributeAdded('StockTicker', 'async.Stockticker@16b0ddc5')
02-Dec-2024 09:07:27.013 INFORMACIÓN [main] org.apache.catalina.core.ApplicationContext.log SessionListener: contextDestroyed()
02-Dec-2024 09:07:27.013 INFORMACIÓN [main] org.apache.catalina.core.ApplicationContext.log ContextListener: contextDestroyed()
02-Dec-2024 09:07:40.924 GRAVE [http-nio-8081-exec-9] org.apache.catalina.core.StandardWrapperValve.invoke Servlet.service() para servlet [default] lanzó excepción
	javax.persistence.PersistenceException: org.hibernate.exception.GenericJDBCException: Unable to acquire JDBC Connection
		at org.hibernate.internal.ExceptionConverterImpl.convert(ExceptionConverterImpl.java:154)
		at org.hibernate.query.internal.AbstractProducedQuery.list(AbstractProducedQuery.java:1626)
		at org.hibernate.query.Query.getResultList(Query.java:165)
		at org.hibernate.query.criteria.internal.compile.CriteriaQueryTypeQueryAdapter.getResultList(CriteriaQueryTypeQueryAdapter.java:76)
		at net.datenwerke.rs.utils.simplequery.byatt.QueryByAttProcessor.process(QueryByAttProcessor.java:103)
		at net.datenwerke.rs.utils.simplequery.byatt.QueryByAttInterceptor.invoke(QueryByAttInterceptor.java:24)
		at net.datenwerke.rs.terminal.service.terminal.vfs.hooks.TreeBasedVirtualFileSystem.getNodeByLocation(TreeBasedVirtualFileSystem.java:113)
		at net.datenwerke.rs.terminal.service.terminal.vfs.hooks.TreeBasedVirtualFileSystem.getLocation(TreeBasedVirtualFileSystem.java:57)
		at net.datenwerke.rs.terminal.service.terminal.vfs.VirtualFileSystemDeamon.getLocation(VirtualFileSystemDeamon.java:144)
		at net.datenwerke.rs.terminal.service.terminal.vfs.VirtualFileSystemDeamon.getAbsoluteLocation(VirtualFileSystemDeamon.java:106)
		at net.datenwerke.rs.terminal.service.terminal.vfs.VirtualFileSystemDeamon.getLocation(VirtualFileSystemDeamon.java:82)
		at net.datenwerke.rs.terminal.service.terminal.vfs.hookers.VfsObjectResolver.getParentLocation(VfsObjectResolver.java:84)
		at net.datenwerke.rs.terminal.service.terminal.vfs.hookers.VfsObjectResolver.consumes(VfsObjectResolver.java:26)
		at net.datenwerke.rs.terminal.service.terminal.objresolver.ObjectResolverDeamon.lambda$0(ObjectResolverDeamon.java:70)
		at java.base/java.util.stream.ReferencePipeline$2$1.accept(ReferencePipeline.java:178)
		at java.base/java.util.ArrayList$ArrayListSpliterator.forEachRemaining(ArrayList.java:1625)
		at java.base/java.util.stream.AbstractPipeline.copyInto(AbstractPipeline.java:509)
		at java.base/java.util.stream.AbstractPipeline.wrapAndCopyInto(AbstractPipeline.java:499)
		at java.base/java.util.stream.ReduceOps$ReduceOp.evaluateSequential(ReduceOps.java:921)
		at java.base/java.util.stream.AbstractPipeline.evaluate(AbstractPipeline.java:234)
		at java.base/java.util.stream.ReferencePipeline.collect(ReferencePipeline.java:682)
		at net.datenwerke.rs.terminal.service.terminal.objresolver.ObjectResolverDeamon.doGetObjects(ObjectResolverDeamon.java:87)
		at net.datenwerke.rs.terminal.service.terminal.objresolver.ObjectResolverDeamon.lambda$7(ObjectResolverDeamon.java:94)
		at net.datenwerke.rs.utils.exception.shared.LambdaExceptionUtil.lambda$3(LambdaExceptionUtil.java:104)
		at java.base/java.util.stream.ReferencePipeline$3$1.accept(ReferencePipeline.java:197)
		at java.base/java.util.Collections$2.tryAdvance(Collections.java:4853)
		at java.base/java.util.Collections$2.forEachRemaining(Collections.java:4861)
		at java.base/java.util.stream.AbstractPipeline.copyInto(AbstractPipeline.java:509)
		at java.base/java.util.stream.AbstractPipeline.wrapAndCopyInto(AbstractPipeline.java:499)
		at java.base/java.util.stream.ReduceOps$ReduceOp.evaluateSequential(ReduceOps.java:921)
		at java.base/java.util.stream.AbstractPipeline.evaluate(AbstractPipeline.java:234)
		at java.base/java.util.stream.ReferencePipeline.collect(ReferencePipeline.java:682)
		at net.datenwerke.rs.terminal.service.terminal.objresolver.ObjectResolverDeamon.getObjects(ObjectResolverDeamon.java:96)
		at net.datenwerke.rs.terminal.service.terminal.objresolver.ObjectResolverDeamon.getObjects(ObjectResolverDeamon.java:111)
		at net.datenwerke.rs.terminal.service.terminal.objresolver.ObjectResolverDeamon.getObjects(ObjectResolverDeamon.java:106)
		at org.codehaus.groovy.vmplugin.v8.IndyInterface.fromCache(IndyInterface.java:321)
		at net.datenwerke.rs.terminal.service.terminal.TerminalServiceImpl.getObjectsByQuery(TerminalServiceImpl.groovy:107)
		at org.codehaus.groovy.vmplugin.v8.IndyInterface.fromCache(IndyInterface.java:321)
		at net.datenwerke.rs.terminal.service.terminal.TerminalServiceImpl.getObjectByQuery(TerminalServiceImpl.groovy:117)
		at net.datenwerke.rs.fileserver.service.fileserver.FileServerServiceImpl.getNodeByPath(FileServerServiceImpl.java:78)
		at net.datenwerke.rs.fileserver.server.fileserver.IndexRedirectServlet.doGet(IndexRedirectServlet.java:53)
		at javax.servlet.http.HttpServlet.service(HttpServlet.java:529)
		at javax.servlet.http.HttpServlet.service(HttpServlet.java:623)
		at com.google.inject.servlet.ServletDefinition.doServiceImpl(ServletDefinition.java:290)
		at com.google.inject.servlet.ServletDefinition.doService(ServletDefinition.java:280)
		at com.google.inject.servlet.ServletDefinition.service(ServletDefinition.java:184)
		at com.google.inject.servlet.ManagedServletPipeline.service(ManagedServletPipeline.java:89)
		at com.google.inject.persist.PersistFilter.doFilter(PersistFilter.java:94)
		at com.google.inject.servlet.ManagedFilterPipeline.dispatch(ManagedFilterPipeline.java:121)
		at com.google.inject.servlet.GuiceFilter.doFilter(GuiceFilter.java:133)
		at org.apache.catalina.core.ApplicationFilterChain.internalDoFilter(ApplicationFilterChain.java:168)
		at org.apache.catalina.core.ApplicationFilterChain.doFilter(ApplicationFilterChain.java:144)
		at org.apache.catalina.core.StandardWrapperValve.invoke(StandardWrapperValve.java:168)
		at org.apache.catalina.core.StandardContextValve.invoke(StandardContextValve.java:90)
		at org.apache.catalina.authenticator.AuthenticatorBase.invoke(AuthenticatorBase.java:482)
		at org.apache.catalina.core.StandardHostValve.invoke(StandardHostValve.java:130)
		at org.apache.catalina.valves.ErrorReportValve.invoke(ErrorReportValve.java:93)
		at org.apache.catalina.valves.AbstractAccessLogValve.invoke(AbstractAccessLogValve.java:660)
		at org.apache.catalina.core.StandardEngineValve.invoke(StandardEngineValve.java:74)
		at org.apache.catalina.connector.CoyoteAdapter.service(CoyoteAdapter.java:346)
		at org.apache.coyote.http11.Http11Processor.service(Http11Processor.java:396)
		at org.apache.coyote.AbstractProcessorLight.process(AbstractProcessorLight.java:63)
		at org.apache.coyote.AbstractProtocol$ConnectionHandler.process(AbstractProtocol.java:937)
		at org.apache.tomcat.util.net.NioEndpoint$SocketProcessor.doRun(NioEndpoint.java:1791)
		at org.apache.tomcat.util.net.SocketProcessorBase.run(SocketProcessorBase.java:52)
		at org.apache.tomcat.util.threads.ThreadPoolExecutor.runWorker(ThreadPoolExecutor.java:1190)
		at org.apache.tomcat.util.threads.ThreadPoolExecutor$Worker.run(ThreadPoolExecutor.java:659)
		at org.apache.tomcat.util.threads.TaskThread$WrappingRunnable.run(TaskThread.java:63)
		at java.base/java.lang.Thread.run(Thread.java:833)
	Caused by: org.hibernate.exception.GenericJDBCException: Unable to acquire JDBC Connection
		at org.hibernate.exception.internal.StandardSQLExceptionConverter.convert(StandardSQLExceptionConverter.java:42)
		at org.hibernate.engine.jdbc.spi.SqlExceptionHelper.convert(SqlExceptionHelper.java:113)
		at org.hibernate.engine.jdbc.spi.SqlExceptionHelper.convert(SqlExceptionHelper.java:99)
		at org.hibernate.resource.jdbc.internal.LogicalConnectionManagedImpl.acquireConnectionIfNeeded(LogicalConnectionManagedImpl.java:111)
		at org.hibernate.resource.jdbc.internal.LogicalConnectionManagedImpl.getPhysicalConnection(LogicalConnectionManagedImpl.java:138)
		at org.hibernate.engine.jdbc.internal.StatementPreparerImpl.connection(StatementPreparerImpl.java:50)
		at org.hibernate.engine.jdbc.internal.StatementPreparerImpl$5.doPrepare(StatementPreparerImpl.java:149)
		at org.hibernate.engine.jdbc.internal.StatementPreparerImpl$StatementPreparationTemplate.prepareStatement(StatementPreparerImpl.java:176)
		at org.hibernate.engine.jdbc.internal.StatementPreparerImpl.prepareQueryStatement(StatementPreparerImpl.java:151)
		at org.hibernate.loader.Loader.prepareQueryStatement(Loader.java:2122)
		at org.hibernate.loader.Loader.executeQueryStatement(Loader.java:2059)
		at org.hibernate.loader.Loader.executeQueryStatement(Loader.java:2037)
		at org.hibernate.loader.Loader.doQuery(Loader.java:956)
		at org.hibernate.loader.Loader.doQueryAndInitializeNonLazyCollections(Loader.java:357)
		at org.hibernate.loader.Loader.doList(Loader.java:2868)
		at org.hibernate.loader.Loader.doList(Loader.java:2850)
		at org.hibernate.loader.Loader.listIgnoreQueryCache(Loader.java:2682)
		at org.hibernate.loader.Loader.list(Loader.java:2677)
		at org.hibernate.loader.hql.QueryLoader.list(QueryLoader.java:540)
		at org.hibernate.hql.internal.ast.QueryTranslatorImpl.list(QueryTranslatorImpl.java:400)
		at org.hibernate.engine.query.spi.HQLQueryPlan.performList(HQLQueryPlan.java:218)
		at org.hibernate.internal.SessionImpl.list(SessionImpl.java:1459)
		at org.hibernate.query.internal.AbstractProducedQuery.doList(AbstractProducedQuery.java:1649)
		at org.hibernate.query.internal.AbstractProducedQuery.list(AbstractProducedQuery.java:1617)
		... 67 more
	Caused by: java.sql.SQLException: Connections could not be acquired from the underlying database!
		at com.mchange.v2.sql.SqlUtils.toSQLException(SqlUtils.java:118)
		at com.mchange.v2.c3p0.impl.C3P0PooledConnectionPool.checkoutPooledConnection(C3P0PooledConnectionPool.java:692)
		at com.mchange.v2.c3p0.impl.AbstractPoolBackedDataSource.getConnection(AbstractPoolBackedDataSource.java:140)
		at org.hibernate.c3p0.internal.C3P0ConnectionProvider.getConnection(C3P0ConnectionProvider.java:72)
		at org.hibernate.internal.NonContextualJdbcConnectionAccess.obtainConnection(NonContextualJdbcConnectionAccess.java:38)
		at org.hibernate.resource.jdbc.internal.LogicalConnectionManagedImpl.acquireConnectionIfNeeded(LogicalConnectionManagedImpl.java:108)
		... 87 more
	Caused by: com.mchange.v2.resourcepool.CannotAcquireResourceException: A ResourcePool could not acquire a resource from its primary factory or source.
		at com.mchange.v2.resourcepool.BasicResourcePool.awaitAvailable(BasicResourcePool.java:1507)
		at com.mchange.v2.resourcepool.BasicResourcePool.prelimCheckoutResource(BasicResourcePool.java:644)
		at com.mchange.v2.resourcepool.BasicResourcePool.checkoutResource(BasicResourcePool.java:554)
		at com.mchange.v2.c3p0.impl.C3P0PooledConnectionPool.checkoutAndMarkConnectionInUse(C3P0PooledConnectionPool.java:758)
		at com.mchange.v2.c3p0.impl.C3P0PooledConnectionPool.checkoutPooledConnection(C3P0PooledConnectionPool.java:685)
		... 91 more
	Caused by: com.microsoft.sqlserver.jdbc.SQLServerException: No se pudo realizar la conexión TCP/IP al host localhost, puerto 1433. Error: "Connection refused. Verifique las propiedades de conexión, compruebe que hay una instancia de SQL Server ejecutándose en el host y aceptando las conexiones TCP/IP en el puerto y compruebe que no hay ningún firewall bloqueando las conexiones TCP en el puerto.".
		at com.microsoft.sqlserver.jdbc.SQLServerException.makeFromDriverError(SQLServerException.java:242)
		at com.microsoft.sqlserver.jdbc.SQLServerException.convertConnectExceptionToSQLServerException(SQLServerException.java:308)
		at com.microsoft.sqlserver.jdbc.SocketFinder.findSocket(IOBuffer.java:2593)
		at com.microsoft.sqlserver.jdbc.TDSChannel.open(IOBuffer.java:721)
		at com.microsoft.sqlserver.jdbc.SQLServerConnection.connectHelper(SQLServerConnection.java:3768)
		at com.microsoft.sqlserver.jdbc.SQLServerConnection.login(SQLServerConnection.java:3385)
		at com.microsoft.sqlserver.jdbc.SQLServerConnection.connectInternal(SQLServerConnection.java:3194)
		at com.microsoft.sqlserver.jdbc.SQLServerConnection.connect(SQLServerConnection.java:1971)
		at com.microsoft.sqlserver.jdbc.SQLServerDriver.connect(SQLServerDriver.java:1263)
		at com.mchange.v2.c3p0.DriverManagerDataSource.getConnection(DriverManagerDataSource.java:175)
		at com.mchange.v2.c3p0.WrapperConnectionPoolDataSource.getPooledConnection(WrapperConnectionPoolDataSource.java:220)
		at com.mchange.v2.c3p0.WrapperConnectionPoolDataSource.getPooledConnection(WrapperConnectionPoolDataSource.java:206)
		at com.mchange.v2.c3p0.impl.C3P0PooledConnectionPool$1PooledConnectionResourcePoolManager.acquireResource(C3P0PooledConnectionPool.java:203)
		at com.mchange.v2.resourcepool.BasicResourcePool.doAcquire(BasicResourcePool.java:1176)
		at com.mchange.v2.resourcepool.BasicResourcePool.doAcquireAndDecrementPendingAcquiresWithinLockOnSuccess(BasicResourcePool.java:1163)
		at com.mchange.v2.resourcepool.BasicResourcePool.access$700(BasicResourcePool.java:44)
		at com.mchange.v2.resourcepool.BasicResourcePool$ScatteredAcquireTask.run(BasicResourcePool.java:1908)
		at com.mchange.v2.async.ThreadPoolAsynchronousRunner$PoolThread.run(ThreadPoolAsynchronousRunner.java:696)
02-Dec-2024 09:07:40.924 GRAVE [http-nio-8081-exec-10] org.apache.catalina.core.StandardWrapperValve.invoke Servlet.service() para servlet [default] lanzó excepción
	javax.persistence.PersistenceException: org.hibernate.exception.GenericJDBCException: Unable to acquire JDBC Connection
		at org.hibernate.internal.ExceptionConverterImpl.convert(ExceptionConverterImpl.java:154)
		at org.hibernate.query.internal.AbstractProducedQuery.list(AbstractProducedQuery.java:1626)
		at org.hibernate.query.Query.getResultList(Query.java:165)
		at org.hibernate.query.criteria.internal.compile.CriteriaQueryTypeQueryAdapter.getResultList(CriteriaQueryTypeQueryAdapter.java:76)
		at net.datenwerke.rs.utils.simplequery.byatt.QueryByAttProcessor.process(QueryByAttProcessor.java:103)
		at net.datenwerke.rs.utils.simplequery.byatt.QueryByAttInterceptor.invoke(QueryByAttInterceptor.java:24)
		at net.datenwerke.rs.terminal.service.terminal.vfs.hooks.TreeBasedVirtualFileSystem.getNodeByLocation(TreeBasedVirtualFileSystem.java:113)
		at net.datenwerke.rs.terminal.service.terminal.vfs.hooks.TreeBasedVirtualFileSystem.getLocation(TreeBasedVirtualFileSystem.java:57)
		at net.datenwerke.rs.terminal.service.terminal.vfs.VirtualFileSystemDeamon.getLocation(VirtualFileSystemDeamon.java:144)
		at net.datenwerke.rs.terminal.service.terminal.vfs.VirtualFileSystemDeamon.getAbsoluteLocation(VirtualFileSystemDeamon.java:106)
		at net.datenwerke.rs.terminal.service.terminal.vfs.VirtualFileSystemDeamon.getLocation(VirtualFileSystemDeamon.java:82)
		at net.datenwerke.rs.terminal.service.terminal.vfs.hookers.VfsObjectResolver.getParentLocation(VfsObjectResolver.java:84)
		at net.datenwerke.rs.terminal.service.terminal.vfs.hookers.VfsObjectResolver.consumes(VfsObjectResolver.java:26)
		at net.datenwerke.rs.terminal.service.terminal.objresolver.ObjectResolverDeamon.lambda$0(ObjectResolverDeamon.java:70)
		at java.base/java.util.stream.ReferencePipeline$2$1.accept(ReferencePipeline.java:178)
		at java.base/java.util.ArrayList$ArrayListSpliterator.forEachRemaining(ArrayList.java:1625)
		at java.base/java.util.stream.AbstractPipeline.copyInto(AbstractPipeline.java:509)
		at java.base/java.util.stream.AbstractPipeline.wrapAndCopyInto(AbstractPipeline.java:499)
		at java.base/java.util.stream.ReduceOps$ReduceOp.evaluateSequential(ReduceOps.java:921)
		at java.base/java.util.stream.AbstractPipeline.evaluate(AbstractPipeline.java:234)
		at java.base/java.util.stream.ReferencePipeline.collect(ReferencePipeline.java:682)
		at net.datenwerke.rs.terminal.service.terminal.objresolver.ObjectResolverDeamon.doGetObjects(ObjectResolverDeamon.java:87)
		at net.datenwerke.rs.terminal.service.terminal.objresolver.ObjectResolverDeamon.lambda$7(ObjectResolverDeamon.java:94)
		at net.datenwerke.rs.utils.exception.shared.LambdaExceptionUtil.lambda$3(LambdaExceptionUtil.java:104)
		at java.base/java.util.stream.ReferencePipeline$3$1.accept(ReferencePipeline.java:197)
		at java.base/java.util.Collections$2.tryAdvance(Collections.java:4853)
		at java.base/java.util.Collections$2.forEachRemaining(Collections.java:4861)
		at java.base/java.util.stream.AbstractPipeline.copyInto(AbstractPipeline.java:509)
		at java.base/java.util.stream.AbstractPipeline.wrapAndCopyInto(AbstractPipeline.java:499)
		at java.base/java.util.stream.ReduceOps$ReduceOp.evaluateSequential(ReduceOps.java:921)
		at java.base/java.util.stream.AbstractPipeline.evaluate(AbstractPipeline.java:234)
		at java.base/java.util.stream.ReferencePipeline.collect(ReferencePipeline.java:682)
		at net.datenwerke.rs.terminal.service.terminal.objresolver.ObjectResolverDeamon.getObjects(ObjectResolverDeamon.java:96)
		at net.datenwerke.rs.terminal.service.terminal.objresolver.ObjectResolverDeamon.getObjects(ObjectResolverDeamon.java:111)
		at net.datenwerke.rs.terminal.service.terminal.objresolver.ObjectResolverDeamon.getObjects(ObjectResolverDeamon.java:106)
		at org.codehaus.groovy.vmplugin.v8.IndyInterface.fromCache(IndyInterface.java:321)
		at net.datenwerke.rs.terminal.service.terminal.TerminalServiceImpl.getObjectsByQuery(TerminalServiceImpl.groovy:107)
		at org.codehaus.groovy.vmplugin.v8.IndyInterface.fromCache(IndyInterface.java:321)
		at net.datenwerke.rs.terminal.service.terminal.TerminalServiceImpl.getObjectByQuery(TerminalServiceImpl.groovy:117)
		at net.datenwerke.rs.fileserver.service.fileserver.FileServerServiceImpl.getNodeByPath(FileServerServiceImpl.java:78)
		at net.datenwerke.rs.fileserver.server.fileserver.IndexRedirectServlet.doGet(IndexRedirectServlet.java:53)
		at javax.servlet.http.HttpServlet.service(HttpServlet.java:529)
		at javax.servlet.http.HttpServlet.service(HttpServlet.java:623)
		at com.google.inject.servlet.ServletDefinition.doServiceImpl(ServletDefinition.java:290)
		at com.google.inject.servlet.ServletDefinition.doService(ServletDefinition.java:280)
		at com.google.inject.servlet.ServletDefinition.service(ServletDefinition.java:184)
		at com.google.inject.servlet.ManagedServletPipeline.service(ManagedServletPipeline.java:89)
		at com.google.inject.persist.PersistFilter.doFilter(PersistFilter.java:94)
		at com.google.inject.servlet.ManagedFilterPipeline.dispatch(ManagedFilterPipeline.java:121)
		at com.google.inject.servlet.GuiceFilter.doFilter(GuiceFilter.java:133)
		at org.apache.catalina.core.ApplicationFilterChain.internalDoFilter(ApplicationFilterChain.java:168)
		at org.apache.catalina.core.ApplicationFilterChain.doFilter(ApplicationFilterChain.java:144)
		at org.apache.catalina.core.StandardWrapperValve.invoke(StandardWrapperValve.java:168)
		at org.apache.catalina.core.StandardContextValve.invoke(StandardContextValve.java:90)
		at org.apache.catalina.authenticator.AuthenticatorBase.invoke(AuthenticatorBase.java:482)
		at org.apache.catalina.core.StandardHostValve.invoke(StandardHostValve.java:130)
		at org.apache.catalina.valves.ErrorReportValve.invoke(ErrorReportValve.java:93)
		at org.apache.catalina.valves.AbstractAccessLogValve.invoke(AbstractAccessLogValve.java:660)
		at org.apache.catalina.core.StandardEngineValve.invoke(StandardEngineValve.java:74)
		at org.apache.catalina.connector.CoyoteAdapter.service(CoyoteAdapter.java:346)
		at org.apache.coyote.http11.Http11Processor.service(Http11Processor.java:396)
		at org.apache.coyote.AbstractProcessorLight.process(AbstractProcessorLight.java:63)
		at org.apache.coyote.AbstractProtocol$ConnectionHandler.process(AbstractProtocol.java:937)
		at org.apache.tomcat.util.net.NioEndpoint$SocketProcessor.doRun(NioEndpoint.java:1791)
		at org.apache.tomcat.util.net.SocketProcessorBase.run(SocketProcessorBase.java:52)
		at org.apache.tomcat.util.threads.ThreadPoolExecutor.runWorker(ThreadPoolExecutor.java:1190)
		at org.apache.tomcat.util.threads.ThreadPoolExecutor$Worker.run(ThreadPoolExecutor.java:659)
		at org.apache.tomcat.util.threads.TaskThread$WrappingRunnable.run(TaskThread.java:63)
		at java.base/java.lang.Thread.run(Thread.java:833)
	Caused by: org.hibernate.exception.GenericJDBCException: Unable to acquire JDBC Connection
		at org.hibernate.exception.internal.StandardSQLExceptionConverter.convert(StandardSQLExceptionConverter.java:42)
		at org.hibernate.engine.jdbc.spi.SqlExceptionHelper.convert(SqlExceptionHelper.java:113)
		at org.hibernate.engine.jdbc.spi.SqlExceptionHelper.convert(SqlExceptionHelper.java:99)
		at org.hibernate.resource.jdbc.internal.LogicalConnectionManagedImpl.acquireConnectionIfNeeded(LogicalConnectionManagedImpl.java:111)
		at org.hibernate.resource.jdbc.internal.LogicalConnectionManagedImpl.getPhysicalConnection(LogicalConnectionManagedImpl.java:138)
		at org.hibernate.engine.jdbc.internal.StatementPreparerImpl.connection(StatementPreparerImpl.java:50)
		at org.hibernate.engine.jdbc.internal.StatementPreparerImpl$5.doPrepare(StatementPreparerImpl.java:149)
		at org.hibernate.engine.jdbc.internal.StatementPreparerImpl$StatementPreparationTemplate.prepareStatement(StatementPreparerImpl.java:176)
		at org.hibernate.engine.jdbc.internal.StatementPreparerImpl.prepareQueryStatement(StatementPreparerImpl.java:151)
		at org.hibernate.loader.Loader.prepareQueryStatement(Loader.java:2122)
		at org.hibernate.loader.Loader.executeQueryStatement(Loader.java:2059)
		at org.hibernate.loader.Loader.executeQueryStatement(Loader.java:2037)
		at org.hibernate.loader.Loader.doQuery(Loader.java:956)
		at org.hibernate.loader.Loader.doQueryAndInitializeNonLazyCollections(Loader.java:357)
		at org.hibernate.loader.Loader.doList(Loader.java:2868)
		at org.hibernate.loader.Loader.doList(Loader.java:2850)
		at org.hibernate.loader.Loader.listIgnoreQueryCache(Loader.java:2682)
		at org.hibernate.loader.Loader.list(Loader.java:2677)
		at org.hibernate.loader.hql.QueryLoader.list(QueryLoader.java:540)
		at org.hibernate.hql.internal.ast.QueryTranslatorImpl.list(QueryTranslatorImpl.java:400)
		at org.hibernate.engine.query.spi.HQLQueryPlan.performList(HQLQueryPlan.java:218)
		at org.hibernate.internal.SessionImpl.list(SessionImpl.java:1459)
		at org.hibernate.query.internal.AbstractProducedQuery.doList(AbstractProducedQuery.java:1649)
		at org.hibernate.query.internal.AbstractProducedQuery.list(AbstractProducedQuery.java:1617)
		... 67 more
	Caused by: java.sql.SQLException: Connections could not be acquired from the underlying database!
		at com.mchange.v2.sql.SqlUtils.toSQLException(SqlUtils.java:118)
		at com.mchange.v2.c3p0.impl.C3P0PooledConnectionPool.checkoutPooledConnection(C3P0PooledConnectionPool.java:692)
		at com.mchange.v2.c3p0.impl.AbstractPoolBackedDataSource.getConnection(AbstractPoolBackedDataSource.java:140)
		at org.hibernate.c3p0.internal.C3P0ConnectionProvider.getConnection(C3P0ConnectionProvider.java:72)
		at org.hibernate.internal.NonContextualJdbcConnectionAccess.obtainConnection(NonContextualJdbcConnectionAccess.java:38)
		at org.hibernate.resource.jdbc.internal.LogicalConnectionManagedImpl.acquireConnectionIfNeeded(LogicalConnectionManagedImpl.java:108)
		... 87 more
	Caused by: com.mchange.v2.resourcepool.CannotAcquireResourceException: A ResourcePool could not acquire a resource from its primary factory or source.
		at com.mchange.v2.resourcepool.BasicResourcePool.awaitAvailable(BasicResourcePool.java:1507)
		at com.mchange.v2.resourcepool.BasicResourcePool.prelimCheckoutResource(BasicResourcePool.java:644)
		at com.mchange.v2.resourcepool.BasicResourcePool.checkoutResource(BasicResourcePool.java:554)
		at com.mchange.v2.c3p0.impl.C3P0PooledConnectionPool.checkoutAndMarkConnectionInUse(C3P0PooledConnectionPool.java:758)
		at com.mchange.v2.c3p0.impl.C3P0PooledConnectionPool.checkoutPooledConnection(C3P0PooledConnectionPool.java:685)
		... 91 more
	Caused by: com.microsoft.sqlserver.jdbc.SQLServerException: No se pudo realizar la conexión TCP/IP al host localhost, puerto 1433. Error: "Connection refused. Verifique las propiedades de conexión, compruebe que hay una instancia de SQL Server ejecutándose en el host y aceptando las conexiones TCP/IP en el puerto y compruebe que no hay ningún firewall bloqueando las conexiones TCP en el puerto.".
		at com.microsoft.sqlserver.jdbc.SQLServerException.makeFromDriverError(SQLServerException.java:242)
		at com.microsoft.sqlserver.jdbc.SQLServerException.convertConnectExceptionToSQLServerException(SQLServerException.java:308)
		at com.microsoft.sqlserver.jdbc.SocketFinder.findSocket(IOBuffer.java:2593)
		at com.microsoft.sqlserver.jdbc.TDSChannel.open(IOBuffer.java:721)
		at com.microsoft.sqlserver.jdbc.SQLServerConnection.connectHelper(SQLServerConnection.java:3768)
		at com.microsoft.sqlserver.jdbc.SQLServerConnection.login(SQLServerConnection.java:3385)
		at com.microsoft.sqlserver.jdbc.SQLServerConnection.connectInternal(SQLServerConnection.java:3194)
		at com.microsoft.sqlserver.jdbc.SQLServerConnection.connect(SQLServerConnection.java:1971)
		at com.microsoft.sqlserver.jdbc.SQLServerDriver.connect(SQLServerDriver.java:1263)
		at com.mchange.v2.c3p0.DriverManagerDataSource.getConnection(DriverManagerDataSource.java:175)
		at com.mchange.v2.c3p0.WrapperConnectionPoolDataSource.getPooledConnection(WrapperConnectionPoolDataSource.java:220)
		at com.mchange.v2.c3p0.WrapperConnectionPoolDataSource.getPooledConnection(WrapperConnectionPoolDataSource.java:206)
		at com.mchange.v2.c3p0.impl.C3P0PooledConnectionPool$1PooledConnectionResourcePoolManager.acquireResource(C3P0PooledConnectionPool.java:203)
		at com.mchange.v2.resourcepool.BasicResourcePool.doAcquire(BasicResourcePool.java:1176)
		at com.mchange.v2.resourcepool.BasicResourcePool.doAcquireAndDecrementPendingAcquiresWithinLockOnSuccess(BasicResourcePool.java:1163)
		at com.mchange.v2.resourcepool.BasicResourcePool.access$700(BasicResourcePool.java:44)
		at com.mchange.v2.resourcepool.BasicResourcePool$ScatteredAcquireTask.run(BasicResourcePool.java:1908)
		at com.mchange.v2.async.ThreadPoolAsynchronousRunner$PoolThread.run(ThreadPoolAsynchronousRunner.java:696)
02-Dec-2024 09:08:11.361 GRAVE [http-nio-8081-exec-2] org.apache.catalina.core.StandardWrapperValve.invoke Servlet.service() para servlet [default] lanzó excepción
	javax.persistence.PersistenceException: org.hibernate.exception.GenericJDBCException: Unable to acquire JDBC Connection
		at org.hibernate.internal.ExceptionConverterImpl.convert(ExceptionConverterImpl.java:154)
		at org.hibernate.query.internal.AbstractProducedQuery.list(AbstractProducedQuery.java:1626)
		at org.hibernate.query.Query.getResultList(Query.java:165)
		at org.hibernate.query.criteria.internal.compile.CriteriaQueryTypeQueryAdapter.getResultList(CriteriaQueryTypeQueryAdapter.java:76)
		at net.datenwerke.rs.utils.simplequery.byatt.QueryByAttProcessor.process(QueryByAttProcessor.java:103)
		at net.datenwerke.rs.utils.simplequery.byatt.QueryByAttInterceptor.invoke(QueryByAttInterceptor.java:24)
		at net.datenwerke.rs.terminal.service.terminal.vfs.hooks.TreeBasedVirtualFileSystem.getNodeByLocation(TreeBasedVirtualFileSystem.java:113)
		at net.datenwerke.rs.terminal.service.terminal.vfs.hooks.TreeBasedVirtualFileSystem.getLocation(TreeBasedVirtualFileSystem.java:57)
		at net.datenwerke.rs.terminal.service.terminal.vfs.VirtualFileSystemDeamon.getLocation(VirtualFileSystemDeamon.java:144)
		at net.datenwerke.rs.terminal.service.terminal.vfs.VirtualFileSystemDeamon.getAbsoluteLocation(VirtualFileSystemDeamon.java:106)
		at net.datenwerke.rs.terminal.service.terminal.vfs.VirtualFileSystemDeamon.getLocation(VirtualFileSystemDeamon.java:82)
		at net.datenwerke.rs.terminal.service.terminal.vfs.hookers.VfsObjectResolver.getParentLocation(VfsObjectResolver.java:84)
		at net.datenwerke.rs.terminal.service.terminal.vfs.hookers.VfsObjectResolver.consumes(VfsObjectResolver.java:26)
		at net.datenwerke.rs.terminal.service.terminal.objresolver.ObjectResolverDeamon.lambda$0(ObjectResolverDeamon.java:70)
		at java.base/java.util.stream.ReferencePipeline$2$1.accept(ReferencePipeline.java:178)
		at java.base/java.util.ArrayList$ArrayListSpliterator.forEachRemaining(ArrayList.java:1625)
		at java.base/java.util.stream.AbstractPipeline.copyInto(AbstractPipeline.java:509)
		at java.base/java.util.stream.AbstractPipeline.wrapAndCopyInto(AbstractPipeline.java:499)
		at java.base/java.util.stream.ReduceOps$ReduceOp.evaluateSequential(ReduceOps.java:921)
		at java.base/java.util.stream.AbstractPipeline.evaluate(AbstractPipeline.java:234)
		at java.base/java.util.stream.ReferencePipeline.collect(ReferencePipeline.java:682)
		at net.datenwerke.rs.terminal.service.terminal.objresolver.ObjectResolverDeamon.doGetObjects(ObjectResolverDeamon.java:87)
		at net.datenwerke.rs.terminal.service.terminal.objresolver.ObjectResolverDeamon.lambda$7(ObjectResolverDeamon.java:94)
		at net.datenwerke.rs.utils.exception.shared.LambdaExceptionUtil.lambda$3(LambdaExceptionUtil.java:104)
		at java.base/java.util.stream.ReferencePipeline$3$1.accept(ReferencePipeline.java:197)
		at java.base/java.util.Collections$2.tryAdvance(Collections.java:4853)
		at java.base/java.util.Collections$2.forEachRemaining(Collections.java:4861)
		at java.base/java.util.stream.AbstractPipeline.copyInto(AbstractPipeline.java:509)
		at java.base/java.util.stream.AbstractPipeline.wrapAndCopyInto(AbstractPipeline.java:499)
		at java.base/java.util.stream.ReduceOps$ReduceOp.evaluateSequential(ReduceOps.java:921)
		at java.base/java.util.stream.AbstractPipeline.evaluate(AbstractPipeline.java:234)
		at java.base/java.util.stream.ReferencePipeline.collect(ReferencePipeline.java:682)
		at net.datenwerke.rs.terminal.service.terminal.objresolver.ObjectResolverDeamon.getObjects(ObjectResolverDeamon.java:96)
		at net.datenwerke.rs.terminal.service.terminal.objresolver.ObjectResolverDeamon.getObjects(ObjectResolverDeamon.java:111)
		at net.datenwerke.rs.terminal.service.terminal.objresolver.ObjectResolverDeamon.getObjects(ObjectResolverDeamon.java:106)
		at org.codehaus.groovy.vmplugin.v8.IndyInterface.fromCache(IndyInterface.java:321)
		at net.datenwerke.rs.terminal.service.terminal.TerminalServiceImpl.getObjectsByQuery(TerminalServiceImpl.groovy:107)
		at org.codehaus.groovy.vmplugin.v8.IndyInterface.fromCache(IndyInterface.java:321)
		at net.datenwerke.rs.terminal.service.terminal.TerminalServiceImpl.getObjectByQuery(TerminalServiceImpl.groovy:117)
		at net.datenwerke.rs.fileserver.service.fileserver.FileServerServiceImpl.getNodeByPath(FileServerServiceImpl.java:78)
		at net.datenwerke.rs.fileserver.server.fileserver.IndexRedirectServlet.doGet(IndexRedirectServlet.java:53)
		at javax.servlet.http.HttpServlet.service(HttpServlet.java:529)
		at javax.servlet.http.HttpServlet.service(HttpServlet.java:623)
		at com.google.inject.servlet.ServletDefinition.doServiceImpl(ServletDefinition.java:290)
		at com.google.inject.servlet.ServletDefinition.doService(ServletDefinition.java:280)
		at com.google.inject.servlet.ServletDefinition.service(ServletDefinition.java:184)
		at com.google.inject.servlet.ManagedServletPipeline.service(ManagedServletPipeline.java:89)
		at com.google.inject.persist.PersistFilter.doFilter(PersistFilter.java:94)
		at com.google.inject.servlet.ManagedFilterPipeline.dispatch(ManagedFilterPipeline.java:121)
		at com.google.inject.servlet.GuiceFilter.doFilter(GuiceFilter.java:133)
		at org.apache.catalina.core.ApplicationFilterChain.internalDoFilter(ApplicationFilterChain.java:168)
		at org.apache.catalina.core.ApplicationFilterChain.doFilter(ApplicationFilterChain.java:144)
		at org.apache.catalina.core.StandardWrapperValve.invoke(StandardWrapperValve.java:168)
		at org.apache.catalina.core.StandardContextValve.invoke(StandardContextValve.java:90)
		at org.apache.catalina.authenticator.AuthenticatorBase.invoke(AuthenticatorBase.java:482)
		at org.apache.catalina.core.StandardHostValve.invoke(StandardHostValve.java:130)
		at org.apache.catalina.valves.ErrorReportValve.invoke(ErrorReportValve.java:93)
		at org.apache.catalina.valves.AbstractAccessLogValve.invoke(AbstractAccessLogValve.java:660)
		at org.apache.catalina.core.StandardEngineValve.invoke(StandardEngineValve.java:74)
		at org.apache.catalina.connector.CoyoteAdapter.service(CoyoteAdapter.java:346)
		at org.apache.coyote.http11.Http11Processor.service(Http11Processor.java:396)
		at org.apache.coyote.AbstractProcessorLight.process(AbstractProcessorLight.java:63)
		at org.apache.coyote.AbstractProtocol$ConnectionHandler.process(AbstractProtocol.java:937)
		at org.apache.tomcat.util.net.NioEndpoint$SocketProcessor.doRun(NioEndpoint.java:1791)
		at org.apache.tomcat.util.net.SocketProcessorBase.run(SocketProcessorBase.java:52)
		at org.apache.tomcat.util.threads.ThreadPoolExecutor.runWorker(ThreadPoolExecutor.java:1190)
		at org.apache.tomcat.util.threads.ThreadPoolExecutor$Worker.run(ThreadPoolExecutor.java:659)
		at org.apache.tomcat.util.threads.TaskThread$WrappingRunnable.run(TaskThread.java:63)
		at java.base/java.lang.Thread.run(Thread.java:833)
	Caused by: org.hibernate.exception.GenericJDBCException: Unable to acquire JDBC Connection
		at org.hibernate.exception.internal.StandardSQLExceptionConverter.convert(StandardSQLExceptionConverter.java:42)
		at org.hibernate.engine.jdbc.spi.SqlExceptionHelper.convert(SqlExceptionHelper.java:113)
		at org.hibernate.engine.jdbc.spi.SqlExceptionHelper.convert(SqlExceptionHelper.java:99)
		at org.hibernate.resource.jdbc.internal.LogicalConnectionManagedImpl.acquireConnectionIfNeeded(LogicalConnectionManagedImpl.java:111)
		at org.hibernate.resource.jdbc.internal.LogicalConnectionManagedImpl.getPhysicalConnection(LogicalConnectionManagedImpl.java:138)
		at org.hibernate.engine.jdbc.internal.StatementPreparerImpl.connection(StatementPreparerImpl.java:50)
		at org.hibernate.engine.jdbc.internal.StatementPreparerImpl$5.doPrepare(StatementPreparerImpl.java:149)
		at org.hibernate.engine.jdbc.internal.StatementPreparerImpl$StatementPreparationTemplate.prepareStatement(StatementPreparerImpl.java:176)
		at org.hibernate.engine.jdbc.internal.StatementPreparerImpl.prepareQueryStatement(StatementPreparerImpl.java:151)
		at org.hibernate.loader.Loader.prepareQueryStatement(Loader.java:2122)
		at org.hibernate.loader.Loader.executeQueryStatement(Loader.java:2059)
		at org.hibernate.loader.Loader.executeQueryStatement(Loader.java:2037)
		at org.hibernate.loader.Loader.doQuery(Loader.java:956)
		at org.hibernate.loader.Loader.doQueryAndInitializeNonLazyCollections(Loader.java:357)
		at org.hibernate.loader.Loader.doList(Loader.java:2868)
		at org.hibernate.loader.Loader.doList(Loader.java:2850)
		at org.hibernate.loader.Loader.listIgnoreQueryCache(Loader.java:2682)
		at org.hibernate.loader.Loader.list(Loader.java:2677)
		at org.hibernate.loader.hql.QueryLoader.list(QueryLoader.java:540)
		at org.hibernate.hql.internal.ast.QueryTranslatorImpl.list(QueryTranslatorImpl.java:400)
		at org.hibernate.engine.query.spi.HQLQueryPlan.performList(HQLQueryPlan.java:218)
		at org.hibernate.internal.SessionImpl.list(SessionImpl.java:1459)
		at org.hibernate.query.internal.AbstractProducedQuery.doList(AbstractProducedQuery.java:1649)
		at org.hibernate.query.internal.AbstractProducedQuery.list(AbstractProducedQuery.java:1617)
		... 67 more
	Caused by: java.sql.SQLException: Connections could not be acquired from the underlying database!
		at com.mchange.v2.sql.SqlUtils.toSQLException(SqlUtils.java:118)
		at com.mchange.v2.c3p0.impl.C3P0PooledConnectionPool.checkoutPooledConnection(C3P0PooledConnectionPool.java:692)
		at com.mchange.v2.c3p0.impl.AbstractPoolBackedDataSource.getConnection(AbstractPoolBackedDataSource.java:140)
		at org.hibernate.c3p0.internal.C3P0ConnectionProvider.getConnection(C3P0ConnectionProvider.java:72)
		at org.hibernate.internal.NonContextualJdbcConnectionAccess.obtainConnection(NonContextualJdbcConnectionAccess.java:38)
		at org.hibernate.resource.jdbc.internal.LogicalConnectionManagedImpl.acquireConnectionIfNeeded(LogicalConnectionManagedImpl.java:108)
		... 87 more
	Caused by: com.mchange.v2.resourcepool.CannotAcquireResourceException: A ResourcePool could not acquire a resource from its primary factory or source.
		at com.mchange.v2.resourcepool.BasicResourcePool.awaitAvailable(BasicResourcePool.java:1507)
		at com.mchange.v2.resourcepool.BasicResourcePool.prelimCheckoutResource(BasicResourcePool.java:644)
		at com.mchange.v2.resourcepool.BasicResourcePool.checkoutResource(BasicResourcePool.java:554)
		at com.mchange.v2.c3p0.impl.C3P0PooledConnectionPool.checkoutAndMarkConnectionInUse(C3P0PooledConnectionPool.java:758)
		at com.mchange.v2.c3p0.impl.C3P0PooledConnectionPool.checkoutPooledConnection(C3P0PooledConnectionPool.java:685)
		... 91 more
	Caused by: com.microsoft.sqlserver.jdbc.SQLServerException: No se pudo realizar la conexión TCP/IP al host localhost, puerto 1433. Error: "Connection refused. Verifique las propiedades de conexión, compruebe que hay una instancia de SQL Server ejecutándose en el host y aceptando las conexiones TCP/IP en el puerto y compruebe que no hay ningún firewall bloqueando las conexiones TCP en el puerto.".
		at com.microsoft.sqlserver.jdbc.SQLServerException.makeFromDriverError(SQLServerException.java:242)
		at com.microsoft.sqlserver.jdbc.SQLServerException.convertConnectExceptionToSQLServerException(SQLServerException.java:308)
		at com.microsoft.sqlserver.jdbc.SocketFinder.findSocket(IOBuffer.java:2593)
		at com.microsoft.sqlserver.jdbc.TDSChannel.open(IOBuffer.java:721)
		at com.microsoft.sqlserver.jdbc.SQLServerConnection.connectHelper(SQLServerConnection.java:3768)
		at com.microsoft.sqlserver.jdbc.SQLServerConnection.login(SQLServerConnection.java:3385)
		at com.microsoft.sqlserver.jdbc.SQLServerConnection.connectInternal(SQLServerConnection.java:3194)
		at com.microsoft.sqlserver.jdbc.SQLServerConnection.connect(SQLServerConnection.java:1971)
		at com.microsoft.sqlserver.jdbc.SQLServerDriver.connect(SQLServerDriver.java:1263)
		at com.mchange.v2.c3p0.DriverManagerDataSource.getConnection(DriverManagerDataSource.java:175)
		at com.mchange.v2.c3p0.WrapperConnectionPoolDataSource.getPooledConnection(WrapperConnectionPoolDataSource.java:220)
		at com.mchange.v2.c3p0.WrapperConnectionPoolDataSource.getPooledConnection(WrapperConnectionPoolDataSource.java:206)
		at com.mchange.v2.c3p0.impl.C3P0PooledConnectionPool$1PooledConnectionResourcePoolManager.acquireResource(C3P0PooledConnectionPool.java:203)
		at com.mchange.v2.resourcepool.BasicResourcePool.doAcquire(BasicResourcePool.java:1176)
		at com.mchange.v2.resourcepool.BasicResourcePool.doAcquireAndDecrementPendingAcquiresWithinLockOnSuccess(BasicResourcePool.java:1163)
		at com.mchange.v2.resourcepool.BasicResourcePool.access$700(BasicResourcePool.java:44)
		at com.mchange.v2.resourcepool.BasicResourcePool$ScatteredAcquireTask.run(BasicResourcePool.java:1908)
		at com.mchange.v2.async.ThreadPoolAsynchronousRunner$PoolThread.run(ThreadPoolAsynchronousRunner.java:696)
02-Dec-2024 09:09:16.779 GRAVE [http-nio-8081-exec-6] org.apache.catalina.core.StandardWrapperValve.invoke Servlet.service() para servlet [default] lanzó excepción
	javax.persistence.PersistenceException: org.hibernate.exception.GenericJDBCException: Unable to acquire JDBC Connection
		at org.hibernate.internal.ExceptionConverterImpl.convert(ExceptionConverterImpl.java:154)
		at org.hibernate.query.internal.AbstractProducedQuery.list(AbstractProducedQuery.java:1626)
		at org.hibernate.query.Query.getResultList(Query.java:165)
		at org.hibernate.query.criteria.internal.compile.CriteriaQueryTypeQueryAdapter.getResultList(CriteriaQueryTypeQueryAdapter.java:76)
		at net.datenwerke.rs.utils.simplequery.byatt.QueryByAttProcessor.process(QueryByAttProcessor.java:103)
		at net.datenwerke.rs.utils.simplequery.byatt.QueryByAttInterceptor.invoke(QueryByAttInterceptor.java:24)
		at net.datenwerke.rs.terminal.service.terminal.vfs.hooks.TreeBasedVirtualFileSystem.getNodeByLocation(TreeBasedVirtualFileSystem.java:113)
		at net.datenwerke.rs.terminal.service.terminal.vfs.hooks.TreeBasedVirtualFileSystem.getLocation(TreeBasedVirtualFileSystem.java:57)
		at net.datenwerke.rs.terminal.service.terminal.vfs.VirtualFileSystemDeamon.getLocation(VirtualFileSystemDeamon.java:144)
		at net.datenwerke.rs.terminal.service.terminal.vfs.VirtualFileSystemDeamon.getAbsoluteLocation(VirtualFileSystemDeamon.java:106)
		at net.datenwerke.rs.terminal.service.terminal.vfs.VirtualFileSystemDeamon.getLocation(VirtualFileSystemDeamon.java:82)
		at net.datenwerke.rs.terminal.service.terminal.vfs.hookers.VfsObjectResolver.getParentLocation(VfsObjectResolver.java:84)
		at net.datenwerke.rs.terminal.service.terminal.vfs.hookers.VfsObjectResolver.consumes(VfsObjectResolver.java:26)
		at net.datenwerke.rs.terminal.service.terminal.objresolver.ObjectResolverDeamon.lambda$0(ObjectResolverDeamon.java:70)
		at java.base/java.util.stream.ReferencePipeline$2$1.accept(ReferencePipeline.java:178)
		at java.base/java.util.ArrayList$ArrayListSpliterator.forEachRemaining(ArrayList.java:1625)
		at java.base/java.util.stream.AbstractPipeline.copyInto(AbstractPipeline.java:509)
		at java.base/java.util.stream.AbstractPipeline.wrapAndCopyInto(AbstractPipeline.java:499)
		at java.base/java.util.stream.ReduceOps$ReduceOp.evaluateSequential(ReduceOps.java:921)
		at java.base/java.util.stream.AbstractPipeline.evaluate(AbstractPipeline.java:234)
		at java.base/java.util.stream.ReferencePipeline.collect(ReferencePipeline.java:682)
		at net.datenwerke.rs.terminal.service.terminal.objresolver.ObjectResolverDeamon.doGetObjects(ObjectResolverDeamon.java:87)
		at net.datenwerke.rs.terminal.service.terminal.objresolver.ObjectResolverDeamon.lambda$7(ObjectResolverDeamon.java:94)
		at net.datenwerke.rs.utils.exception.shared.LambdaExceptionUtil.lambda$3(LambdaExceptionUtil.java:104)
		at java.base/java.util.stream.ReferencePipeline$3$1.accept(ReferencePipeline.java:197)
		at java.base/java.util.Collections$2.tryAdvance(Collections.java:4853)
		at java.base/java.util.Collections$2.forEachRemaining(Collections.java:4861)
		at java.base/java.util.stream.AbstractPipeline.copyInto(AbstractPipeline.java:509)
		at java.base/java.util.stream.AbstractPipeline.wrapAndCopyInto(AbstractPipeline.java:499)
		at java.base/java.util.stream.ReduceOps$ReduceOp.evaluateSequential(ReduceOps.java:921)
		at java.base/java.util.stream.AbstractPipeline.evaluate(AbstractPipeline.java:234)
		at java.base/java.util.stream.ReferencePipeline.collect(ReferencePipeline.java:682)
		at net.datenwerke.rs.terminal.service.terminal.objresolver.ObjectResolverDeamon.getObjects(ObjectResolverDeamon.java:96)
		at net.datenwerke.rs.terminal.service.terminal.objresolver.ObjectResolverDeamon.getObjects(ObjectResolverDeamon.java:111)
		at net.datenwerke.rs.terminal.service.terminal.objresolver.ObjectResolverDeamon.getObjects(ObjectResolverDeamon.java:106)
		at org.codehaus.groovy.vmplugin.v8.IndyInterface.fromCache(IndyInterface.java:321)
		at net.datenwerke.rs.terminal.service.terminal.TerminalServiceImpl.getObjectsByQuery(TerminalServiceImpl.groovy:107)
		at org.codehaus.groovy.vmplugin.v8.IndyInterface.fromCache(IndyInterface.java:321)
		at net.datenwerke.rs.terminal.service.terminal.TerminalServiceImpl.getObjectByQuery(TerminalServiceImpl.groovy:117)
		at net.datenwerke.rs.fileserver.service.fileserver.FileServerServiceImpl.getNodeByPath(FileServerServiceImpl.java:78)
		at net.datenwerke.rs.fileserver.server.fileserver.IndexRedirectServlet.doGet(IndexRedirectServlet.java:53)
		at javax.servlet.http.HttpServlet.service(HttpServlet.java:529)
		at javax.servlet.http.HttpServlet.service(HttpServlet.java:623)
		at com.google.inject.servlet.ServletDefinition.doServiceImpl(ServletDefinition.java:290)
		at com.google.inject.servlet.ServletDefinition.doService(ServletDefinition.java:280)
		at com.google.inject.servlet.ServletDefinition.service(ServletDefinition.java:184)
		at com.google.inject.servlet.ManagedServletPipeline.service(ManagedServletPipeline.java:89)
		at com.google.inject.persist.PersistFilter.doFilter(PersistFilter.java:94)
		at com.google.inject.servlet.ManagedFilterPipeline.dispatch(ManagedFilterPipeline.java:121)
		at com.google.inject.servlet.GuiceFilter.doFilter(GuiceFilter.java:133)
		at org.apache.catalina.core.ApplicationFilterChain.internalDoFilter(ApplicationFilterChain.java:168)
		at org.apache.catalina.core.ApplicationFilterChain.doFilter(ApplicationFilterChain.java:144)
		at org.apache.catalina.core.StandardWrapperValve.invoke(StandardWrapperValve.java:168)
		at org.apache.catalina.core.StandardContextValve.invoke(StandardContextValve.java:90)
		at org.apache.catalina.authenticator.AuthenticatorBase.invoke(AuthenticatorBase.java:482)
		at org.apache.catalina.core.StandardHostValve.invoke(StandardHostValve.java:130)
		at org.apache.catalina.valves.ErrorReportValve.invoke(ErrorReportValve.java:93)
		at org.apache.catalina.valves.AbstractAccessLogValve.invoke(AbstractAccessLogValve.java:660)
		at org.apache.catalina.core.StandardEngineValve.invoke(StandardEngineValve.java:74)
		at org.apache.catalina.connector.CoyoteAdapter.service(CoyoteAdapter.java:346)
		at org.apache.coyote.http11.Http11Processor.service(Http11Processor.java:396)
		at org.apache.coyote.AbstractProcessorLight.process(AbstractProcessorLight.java:63)
		at org.apache.coyote.AbstractProtocol$ConnectionHandler.process(AbstractProtocol.java:937)
		at org.apache.tomcat.util.net.NioEndpoint$SocketProcessor.doRun(NioEndpoint.java:1791)
		at org.apache.tomcat.util.net.SocketProcessorBase.run(SocketProcessorBase.java:52)
		at org.apache.tomcat.util.threads.ThreadPoolExecutor.runWorker(ThreadPoolExecutor.java:1190)
		at org.apache.tomcat.util.threads.ThreadPoolExecutor$Worker.run(ThreadPoolExecutor.java:659)
		at org.apache.tomcat.util.threads.TaskThread$WrappingRunnable.run(TaskThread.java:63)
		at java.base/java.lang.Thread.run(Thread.java:833)
	Caused by: org.hibernate.exception.GenericJDBCException: Unable to acquire JDBC Connection
		at org.hibernate.exception.internal.StandardSQLExceptionConverter.convert(StandardSQLExceptionConverter.java:42)
		at org.hibernate.engine.jdbc.spi.SqlExceptionHelper.convert(SqlExceptionHelper.java:113)
		at org.hibernate.engine.jdbc.spi.SqlExceptionHelper.convert(SqlExceptionHelper.java:99)
		at org.hibernate.resource.jdbc.internal.LogicalConnectionManagedImpl.acquireConnectionIfNeeded(LogicalConnectionManagedImpl.java:111)
		at org.hibernate.resource.jdbc.internal.LogicalConnectionManagedImpl.getPhysicalConnection(LogicalConnectionManagedImpl.java:138)
		at org.hibernate.engine.jdbc.internal.StatementPreparerImpl.connection(StatementPreparerImpl.java:50)
		at org.hibernate.engine.jdbc.internal.StatementPreparerImpl$5.doPrepare(StatementPreparerImpl.java:149)
		at org.hibernate.engine.jdbc.internal.StatementPreparerImpl$StatementPreparationTemplate.prepareStatement(StatementPreparerImpl.java:176)
		at org.hibernate.engine.jdbc.internal.StatementPreparerImpl.prepareQueryStatement(StatementPreparerImpl.java:151)
		at org.hibernate.loader.Loader.prepareQueryStatement(Loader.java:2122)
		at org.hibernate.loader.Loader.executeQueryStatement(Loader.java:2059)
		at org.hibernate.loader.Loader.executeQueryStatement(Loader.java:2037)
		at org.hibernate.loader.Loader.doQuery(Loader.java:956)
		at org.hibernate.loader.Loader.doQueryAndInitializeNonLazyCollections(Loader.java:357)
		at org.hibernate.loader.Loader.doList(Loader.java:2868)
		at org.hibernate.loader.Loader.doList(Loader.java:2850)
		at org.hibernate.loader.Loader.listIgnoreQueryCache(Loader.java:2682)
		at org.hibernate.loader.Loader.list(Loader.java:2677)
		at org.hibernate.loader.hql.QueryLoader.list(QueryLoader.java:540)
		at org.hibernate.hql.internal.ast.QueryTranslatorImpl.list(QueryTranslatorImpl.java:400)
		at org.hibernate.engine.query.spi.HQLQueryPlan.performList(HQLQueryPlan.java:218)
		at org.hibernate.internal.SessionImpl.list(SessionImpl.java:1459)
		at org.hibernate.query.internal.AbstractProducedQuery.doList(AbstractProducedQuery.java:1649)
		at org.hibernate.query.internal.AbstractProducedQuery.list(AbstractProducedQuery.java:1617)
		... 67 more
	Caused by: java.sql.SQLException: Connections could not be acquired from the underlying database!
		at com.mchange.v2.sql.SqlUtils.toSQLException(SqlUtils.java:118)
		at com.mchange.v2.c3p0.impl.C3P0PooledConnectionPool.checkoutPooledConnection(C3P0PooledConnectionPool.java:692)
		at com.mchange.v2.c3p0.impl.AbstractPoolBackedDataSource.getConnection(AbstractPoolBackedDataSource.java:140)
		at org.hibernate.c3p0.internal.C3P0ConnectionProvider.getConnection(C3P0ConnectionProvider.java:72)
		at org.hibernate.internal.NonContextualJdbcConnectionAccess.obtainConnection(NonContextualJdbcConnectionAccess.java:38)
		at org.hibernate.resource.jdbc.internal.LogicalConnectionManagedImpl.acquireConnectionIfNeeded(LogicalConnectionManagedImpl.java:108)
		... 87 more
	Caused by: com.mchange.v2.resourcepool.CannotAcquireResourceException: A ResourcePool could not acquire a resource from its primary factory or source.
		at com.mchange.v2.resourcepool.BasicResourcePool.awaitAvailable(BasicResourcePool.java:1507)
		at com.mchange.v2.resourcepool.BasicResourcePool.prelimCheckoutResource(BasicResourcePool.java:644)
		at com.mchange.v2.resourcepool.BasicResourcePool.checkoutResource(BasicResourcePool.java:554)
		at com.mchange.v2.c3p0.impl.C3P0PooledConnectionPool.checkoutAndMarkConnectionInUse(C3P0PooledConnectionPool.java:758)
		at com.mchange.v2.c3p0.impl.C3P0PooledConnectionPool.checkoutPooledConnection(C3P0PooledConnectionPool.java:685)
		... 91 more
	Caused by: com.microsoft.sqlserver.jdbc.SQLServerException: No se pudo realizar la conexión TCP/IP al host localhost, puerto 1433. Error: "Connection refused. Verifique las propiedades de conexión, compruebe que hay una instancia de SQL Server ejecutándose en el host y aceptando las conexiones TCP/IP en el puerto y compruebe que no hay ningún firewall bloqueando las conexiones TCP en el puerto.".
		at com.microsoft.sqlserver.jdbc.SQLServerException.makeFromDriverError(SQLServerException.java:242)
		at com.microsoft.sqlserver.jdbc.SQLServerException.convertConnectExceptionToSQLServerException(SQLServerException.java:308)
		at com.microsoft.sqlserver.jdbc.SocketFinder.findSocket(IOBuffer.java:2593)
		at com.microsoft.sqlserver.jdbc.TDSChannel.open(IOBuffer.java:721)
		at com.microsoft.sqlserver.jdbc.SQLServerConnection.connectHelper(SQLServerConnection.java:3768)
		at com.microsoft.sqlserver.jdbc.SQLServerConnection.login(SQLServerConnection.java:3385)
		at com.microsoft.sqlserver.jdbc.SQLServerConnection.connectInternal(SQLServerConnection.java:3194)
		at com.microsoft.sqlserver.jdbc.SQLServerConnection.connect(SQLServerConnection.java:1971)
		at com.microsoft.sqlserver.jdbc.SQLServerDriver.connect(SQLServerDriver.java:1263)
		at com.mchange.v2.c3p0.DriverManagerDataSource.getConnection(DriverManagerDataSource.java:175)
		at com.mchange.v2.c3p0.WrapperConnectionPoolDataSource.getPooledConnection(WrapperConnectionPoolDataSource.java:220)
		at com.mchange.v2.c3p0.WrapperConnectionPoolDataSource.getPooledConnection(WrapperConnectionPoolDataSource.java:206)
		at com.mchange.v2.c3p0.impl.C3P0PooledConnectionPool$1PooledConnectionResourcePoolManager.acquireResource(C3P0PooledConnectionPool.java:203)
		at com.mchange.v2.resourcepool.BasicResourcePool.doAcquire(BasicResourcePool.java:1176)
		at com.mchange.v2.resourcepool.BasicResourcePool.doAcquireAndDecrementPendingAcquiresWithinLockOnSuccess(BasicResourcePool.java:1163)
		at com.mchange.v2.resourcepool.BasicResourcePool.access$700(BasicResourcePool.java:44)
		at com.mchange.v2.resourcepool.BasicResourcePool$ScatteredAcquireTask.run(BasicResourcePool.java:1908)
		at com.mchange.v2.async.ThreadPoolAsynchronousRunner$PoolThread.run(ThreadPoolAsynchronousRunner.java:696)
02-Dec-2024 09:09:47.301 GRAVE [http-nio-8081-exec-1] org.apache.catalina.core.StandardWrapperValve.invoke Servlet.service() para servlet [default] lanzó excepción
	javax.persistence.PersistenceException: org.hibernate.exception.GenericJDBCException: Unable to acquire JDBC Connection
		at org.hibernate.internal.ExceptionConverterImpl.convert(ExceptionConverterImpl.java:154)
		at org.hibernate.query.internal.AbstractProducedQuery.list(AbstractProducedQuery.java:1626)
		at org.hibernate.query.Query.getResultList(Query.java:165)
		at org.hibernate.query.criteria.internal.compile.CriteriaQueryTypeQueryAdapter.getResultList(CriteriaQueryTypeQueryAdapter.java:76)
		at net.datenwerke.rs.utils.simplequery.byatt.QueryByAttProcessor.process(QueryByAttProcessor.java:103)
		at net.datenwerke.rs.utils.simplequery.byatt.QueryByAttInterceptor.invoke(QueryByAttInterceptor.java:24)
		at net.datenwerke.rs.terminal.service.terminal.vfs.hooks.TreeBasedVirtualFileSystem.getNodeByLocation(TreeBasedVirtualFileSystem.java:113)
		at net.datenwerke.rs.terminal.service.terminal.vfs.hooks.TreeBasedVirtualFileSystem.getLocation(TreeBasedVirtualFileSystem.java:57)
		at net.datenwerke.rs.terminal.service.terminal.vfs.VirtualFileSystemDeamon.getLocation(VirtualFileSystemDeamon.java:144)
		at net.datenwerke.rs.terminal.service.terminal.vfs.VirtualFileSystemDeamon.getAbsoluteLocation(VirtualFileSystemDeamon.java:106)
		at net.datenwerke.rs.terminal.service.terminal.vfs.VirtualFileSystemDeamon.getLocation(VirtualFileSystemDeamon.java:82)
		at net.datenwerke.rs.terminal.service.terminal.vfs.hookers.VfsObjectResolver.getParentLocation(VfsObjectResolver.java:84)
		at net.datenwerke.rs.terminal.service.terminal.vfs.hookers.VfsObjectResolver.consumes(VfsObjectResolver.java:26)
		at net.datenwerke.rs.terminal.service.terminal.objresolver.ObjectResolverDeamon.lambda$0(ObjectResolverDeamon.java:70)
		at java.base/java.util.stream.ReferencePipeline$2$1.accept(ReferencePipeline.java:178)
		at java.base/java.util.ArrayList$ArrayListSpliterator.forEachRemaining(ArrayList.java:1625)
		at java.base/java.util.stream.AbstractPipeline.copyInto(AbstractPipeline.java:509)
		at java.base/java.util.stream.AbstractPipeline.wrapAndCopyInto(AbstractPipeline.java:499)
		at java.base/java.util.stream.ReduceOps$ReduceOp.evaluateSequential(ReduceOps.java:921)
		at java.base/java.util.stream.AbstractPipeline.evaluate(AbstractPipeline.java:234)
		at java.base/java.util.stream.ReferencePipeline.collect(ReferencePipeline.java:682)
		at net.datenwerke.rs.terminal.service.terminal.objresolver.ObjectResolverDeamon.doGetObjects(ObjectResolverDeamon.java:87)
		at net.datenwerke.rs.terminal.service.terminal.objresolver.ObjectResolverDeamon.lambda$7(ObjectResolverDeamon.java:94)
		at net.datenwerke.rs.utils.exception.shared.LambdaExceptionUtil.lambda$3(LambdaExceptionUtil.java:104)
		at java.base/java.util.stream.ReferencePipeline$3$1.accept(ReferencePipeline.java:197)
		at java.base/java.util.Collections$2.tryAdvance(Collections.java:4853)
		at java.base/java.util.Collections$2.forEachRemaining(Collections.java:4861)
		at java.base/java.util.stream.AbstractPipeline.copyInto(AbstractPipeline.java:509)
		at java.base/java.util.stream.AbstractPipeline.wrapAndCopyInto(AbstractPipeline.java:499)
		at java.base/java.util.stream.ReduceOps$ReduceOp.evaluateSequential(ReduceOps.java:921)
		at java.base/java.util.stream.AbstractPipeline.evaluate(AbstractPipeline.java:234)
		at java.base/java.util.stream.ReferencePipeline.collect(ReferencePipeline.java:682)
		at net.datenwerke.rs.terminal.service.terminal.objresolver.ObjectResolverDeamon.getObjects(ObjectResolverDeamon.java:96)
		at net.datenwerke.rs.terminal.service.terminal.objresolver.ObjectResolverDeamon.getObjects(ObjectResolverDeamon.java:111)
		at net.datenwerke.rs.terminal.service.terminal.objresolver.ObjectResolverDeamon.getObjects(ObjectResolverDeamon.java:106)
		at org.codehaus.groovy.vmplugin.v8.IndyInterface.fromCache(IndyInterface.java:321)
		at net.datenwerke.rs.terminal.service.terminal.TerminalServiceImpl.getObjectsByQuery(TerminalServiceImpl.groovy:107)
		at org.codehaus.groovy.vmplugin.v8.IndyInterface.fromCache(IndyInterface.java:321)
		at net.datenwerke.rs.terminal.service.terminal.TerminalServiceImpl.getObjectByQuery(TerminalServiceImpl.groovy:117)
		at net.datenwerke.rs.fileserver.service.fileserver.FileServerServiceImpl.getNodeByPath(FileServerServiceImpl.java:78)
		at net.datenwerke.rs.fileserver.server.fileserver.IndexRedirectServlet.doGet(IndexRedirectServlet.java:53)
		at javax.servlet.http.HttpServlet.service(HttpServlet.java:529)
		at javax.servlet.http.HttpServlet.service(HttpServlet.java:623)
		at com.google.inject.servlet.ServletDefinition.doServiceImpl(ServletDefinition.java:290)
		at com.google.inject.servlet.ServletDefinition.doService(ServletDefinition.java:280)
		at com.google.inject.servlet.ServletDefinition.service(ServletDefinition.java:184)
		at com.google.inject.servlet.ManagedServletPipeline.service(ManagedServletPipeline.java:89)
		at com.google.inject.persist.PersistFilter.doFilter(PersistFilter.java:94)
		at com.google.inject.servlet.ManagedFilterPipeline.dispatch(ManagedFilterPipeline.java:121)
		at com.google.inject.servlet.GuiceFilter.doFilter(GuiceFilter.java:133)
		at org.apache.catalina.core.ApplicationFilterChain.internalDoFilter(ApplicationFilterChain.java:168)
		at org.apache.catalina.core.ApplicationFilterChain.doFilter(ApplicationFilterChain.java:144)
		at org.apache.catalina.core.StandardWrapperValve.invoke(StandardWrapperValve.java:168)
		at org.apache.catalina.core.StandardContextValve.invoke(StandardContextValve.java:90)
		at org.apache.catalina.authenticator.AuthenticatorBase.invoke(AuthenticatorBase.java:482)
		at org.apache.catalina.core.StandardHostValve.invoke(StandardHostValve.java:130)
		at org.apache.catalina.valves.ErrorReportValve.invoke(ErrorReportValve.java:93)
		at org.apache.catalina.valves.AbstractAccessLogValve.invoke(AbstractAccessLogValve.java:660)
		at org.apache.catalina.core.StandardEngineValve.invoke(StandardEngineValve.java:74)
		at org.apache.catalina.connector.CoyoteAdapter.service(CoyoteAdapter.java:346)
		at org.apache.coyote.http11.Http11Processor.service(Http11Processor.java:396)
		at org.apache.coyote.AbstractProcessorLight.process(AbstractProcessorLight.java:63)
		at org.apache.coyote.AbstractProtocol$ConnectionHandler.process(AbstractProtocol.java:937)
		at org.apache.tomcat.util.net.NioEndpoint$SocketProcessor.doRun(NioEndpoint.java:1791)
		at org.apache.tomcat.util.net.SocketProcessorBase.run(SocketProcessorBase.java:52)
		at org.apache.tomcat.util.threads.ThreadPoolExecutor.runWorker(ThreadPoolExecutor.java:1190)
		at org.apache.tomcat.util.threads.ThreadPoolExecutor$Worker.run(ThreadPoolExecutor.java:659)
		at org.apache.tomcat.util.threads.TaskThread$WrappingRunnable.run(TaskThread.java:63)
		at java.base/java.lang.Thread.run(Thread.java:833)
	Caused by: org.hibernate.exception.GenericJDBCException: Unable to acquire JDBC Connection
		at org.hibernate.exception.internal.StandardSQLExceptionConverter.convert(StandardSQLExceptionConverter.java:42)
		at org.hibernate.engine.jdbc.spi.SqlExceptionHelper.convert(SqlExceptionHelper.java:113)
		at org.hibernate.engine.jdbc.spi.SqlExceptionHelper.convert(SqlExceptionHelper.java:99)
		at org.hibernate.resource.jdbc.internal.LogicalConnectionManagedImpl.acquireConnectionIfNeeded(LogicalConnectionManagedImpl.java:111)
		at org.hibernate.resource.jdbc.internal.LogicalConnectionManagedImpl.getPhysicalConnection(LogicalConnectionManagedImpl.java:138)
		at org.hibernate.engine.jdbc.internal.StatementPreparerImpl.connection(StatementPreparerImpl.java:50)
		at org.hibernate.engine.jdbc.internal.StatementPreparerImpl$5.doPrepare(StatementPreparerImpl.java:149)
		at org.hibernate.engine.jdbc.internal.StatementPreparerImpl$StatementPreparationTemplate.prepareStatement(StatementPreparerImpl.java:176)
		at org.hibernate.engine.jdbc.internal.StatementPreparerImpl.prepareQueryStatement(StatementPreparerImpl.java:151)
		at org.hibernate.loader.Loader.prepareQueryStatement(Loader.java:2122)
		at org.hibernate.loader.Loader.executeQueryStatement(Loader.java:2059)
		at org.hibernate.loader.Loader.executeQueryStatement(Loader.java:2037)
		at org.hibernate.loader.Loader.doQuery(Loader.java:956)
		at org.hibernate.loader.Loader.doQueryAndInitializeNonLazyCollections(Loader.java:357)
		at org.hibernate.loader.Loader.doList(Loader.java:2868)
		at org.hibernate.loader.Loader.doList(Loader.java:2850)
		at org.hibernate.loader.Loader.listIgnoreQueryCache(Loader.java:2682)
		at org.hibernate.loader.Loader.list(Loader.java:2677)
		at org.hibernate.loader.hql.QueryLoader.list(QueryLoader.java:540)
		at org.hibernate.hql.internal.ast.QueryTranslatorImpl.list(QueryTranslatorImpl.java:400)
		at org.hibernate.engine.query.spi.HQLQueryPlan.performList(HQLQueryPlan.java:218)
		at org.hibernate.internal.SessionImpl.list(SessionImpl.java:1459)
		at org.hibernate.query.internal.AbstractProducedQuery.doList(AbstractProducedQuery.java:1649)
		at org.hibernate.query.internal.AbstractProducedQuery.list(AbstractProducedQuery.java:1617)
		... 67 more
	Caused by: java.sql.SQLException: Connections could not be acquired from the underlying database!
		at com.mchange.v2.sql.SqlUtils.toSQLException(SqlUtils.java:118)
		at com.mchange.v2.c3p0.impl.C3P0PooledConnectionPool.checkoutPooledConnection(C3P0PooledConnectionPool.java:692)
		at com.mchange.v2.c3p0.impl.AbstractPoolBackedDataSource.getConnection(AbstractPoolBackedDataSource.java:140)
		at org.hibernate.c3p0.internal.C3P0ConnectionProvider.getConnection(C3P0ConnectionProvider.java:72)
		at org.hibernate.internal.NonContextualJdbcConnectionAccess.obtainConnection(NonContextualJdbcConnectionAccess.java:38)
		at org.hibernate.resource.jdbc.internal.LogicalConnectionManagedImpl.acquireConnectionIfNeeded(LogicalConnectionManagedImpl.java:108)
		... 87 more
	Caused by: com.mchange.v2.resourcepool.CannotAcquireResourceException: A ResourcePool could not acquire a resource from its primary factory or source.
		at com.mchange.v2.resourcepool.BasicResourcePool.awaitAvailable(BasicResourcePool.java:1507)
		at com.mchange.v2.resourcepool.BasicResourcePool.prelimCheckoutResource(BasicResourcePool.java:644)
		at com.mchange.v2.resourcepool.BasicResourcePool.checkoutResource(BasicResourcePool.java:554)
		at com.mchange.v2.c3p0.impl.C3P0PooledConnectionPool.checkoutAndMarkConnectionInUse(C3P0PooledConnectionPool.java:758)
		at com.mchange.v2.c3p0.impl.C3P0PooledConnectionPool.checkoutPooledConnection(C3P0PooledConnectionPool.java:685)
		... 91 more
	Caused by: com.microsoft.sqlserver.jdbc.SQLServerException: No se pudo realizar la conexión TCP/IP al host localhost, puerto 1433. Error: "Connection refused. Verifique las propiedades de conexión, compruebe que hay una instancia de SQL Server ejecutándose en el host y aceptando las conexiones TCP/IP en el puerto y compruebe que no hay ningún firewall bloqueando las conexiones TCP en el puerto.".
		at com.microsoft.sqlserver.jdbc.SQLServerException.makeFromDriverError(SQLServerException.java:242)
		at com.microsoft.sqlserver.jdbc.SQLServerException.convertConnectExceptionToSQLServerException(SQLServerException.java:308)
		at com.microsoft.sqlserver.jdbc.SocketFinder.findSocket(IOBuffer.java:2593)
		at com.microsoft.sqlserver.jdbc.TDSChannel.open(IOBuffer.java:721)
		at com.microsoft.sqlserver.jdbc.SQLServerConnection.connectHelper(SQLServerConnection.java:3768)
		at com.microsoft.sqlserver.jdbc.SQLServerConnection.login(SQLServerConnection.java:3385)
		at com.microsoft.sqlserver.jdbc.SQLServerConnection.connectInternal(SQLServerConnection.java:3194)
		at com.microsoft.sqlserver.jdbc.SQLServerConnection.connect(SQLServerConnection.java:1971)
		at com.microsoft.sqlserver.jdbc.SQLServerDriver.connect(SQLServerDriver.java:1263)
		at com.mchange.v2.c3p0.DriverManagerDataSource.getConnection(DriverManagerDataSource.java:175)
		at com.mchange.v2.c3p0.WrapperConnectionPoolDataSource.getPooledConnection(WrapperConnectionPoolDataSource.java:220)
		at com.mchange.v2.c3p0.WrapperConnectionPoolDataSource.getPooledConnection(WrapperConnectionPoolDataSource.java:206)
		at com.mchange.v2.c3p0.impl.C3P0PooledConnectionPool$1PooledConnectionResourcePoolManager.acquireResource(C3P0PooledConnectionPool.java:203)
		at com.mchange.v2.resourcepool.BasicResourcePool.doAcquire(BasicResourcePool.java:1176)
		at com.mchange.v2.resourcepool.BasicResourcePool.doAcquireAndDecrementPendingAcquiresWithinLockOnSuccess(BasicResourcePool.java:1163)
		at com.mchange.v2.resourcepool.BasicResourcePool.access$700(BasicResourcePool.java:44)
		at com.mchange.v2.resourcepool.BasicResourcePool$ScatteredAcquireTask.run(BasicResourcePool.java:1908)
		at com.mchange.v2.async.ThreadPoolAsynchronousRunner$PoolThread.run(ThreadPoolAsynchronousRunner.java:696)
02-Dec-2024 09:10:52.673 GRAVE [http-nio-8081-exec-10] org.apache.catalina.core.StandardWrapperValve.invoke Servlet.service() para servlet [default] lanzó excepción
	javax.persistence.PersistenceException: org.hibernate.exception.GenericJDBCException: Unable to acquire JDBC Connection
		at org.hibernate.internal.ExceptionConverterImpl.convert(ExceptionConverterImpl.java:154)
		at org.hibernate.query.internal.AbstractProducedQuery.list(AbstractProducedQuery.java:1626)
		at org.hibernate.query.Query.getResultList(Query.java:165)
		at org.hibernate.query.criteria.internal.compile.CriteriaQueryTypeQueryAdapter.getResultList(CriteriaQueryTypeQueryAdapter.java:76)
		at net.datenwerke.rs.utils.simplequery.byatt.QueryByAttProcessor.process(QueryByAttProcessor.java:103)
		at net.datenwerke.rs.utils.simplequery.byatt.QueryByAttInterceptor.invoke(QueryByAttInterceptor.java:24)
		at net.datenwerke.rs.terminal.service.terminal.vfs.hooks.TreeBasedVirtualFileSystem.getNodeByLocation(TreeBasedVirtualFileSystem.java:113)
		at net.datenwerke.rs.terminal.service.terminal.vfs.hooks.TreeBasedVirtualFileSystem.getLocation(TreeBasedVirtualFileSystem.java:57)
		at net.datenwerke.rs.terminal.service.terminal.vfs.VirtualFileSystemDeamon.getLocation(VirtualFileSystemDeamon.java:144)
		at net.datenwerke.rs.terminal.service.terminal.vfs.VirtualFileSystemDeamon.getAbsoluteLocation(VirtualFileSystemDeamon.java:106)
		at net.datenwerke.rs.terminal.service.terminal.vfs.VirtualFileSystemDeamon.getLocation(VirtualFileSystemDeamon.java:82)
		at net.datenwerke.rs.terminal.service.terminal.vfs.hookers.VfsObjectResolver.getParentLocation(VfsObjectResolver.java:84)
		at net.datenwerke.rs.terminal.service.terminal.vfs.hookers.VfsObjectResolver.consumes(VfsObjectResolver.java:26)
		at net.datenwerke.rs.terminal.service.terminal.objresolver.ObjectResolverDeamon.lambda$0(ObjectResolverDeamon.java:70)
		at java.base/java.util.stream.ReferencePipeline$2$1.accept(ReferencePipeline.java:178)
		at java.base/java.util.ArrayList$ArrayListSpliterator.forEachRemaining(ArrayList.java:1625)
		at java.base/java.util.stream.AbstractPipeline.copyInto(AbstractPipeline.java:509)
		at java.base/java.util.stream.AbstractPipeline.wrapAndCopyInto(AbstractPipeline.java:499)
		at java.base/java.util.stream.ReduceOps$ReduceOp.evaluateSequential(ReduceOps.java:921)
		at java.base/java.util.stream.AbstractPipeline.evaluate(AbstractPipeline.java:234)
		at java.base/java.util.stream.ReferencePipeline.collect(ReferencePipeline.java:682)
		at net.datenwerke.rs.terminal.service.terminal.objresolver.ObjectResolverDeamon.doGetObjects(ObjectResolverDeamon.java:87)
		at net.datenwerke.rs.terminal.service.terminal.objresolver.ObjectResolverDeamon.lambda$7(ObjectResolverDeamon.java:94)
		at net.datenwerke.rs.utils.exception.shared.LambdaExceptionUtil.lambda$3(LambdaExceptionUtil.java:104)
		at java.base/java.util.stream.ReferencePipeline$3$1.accept(ReferencePipeline.java:197)
		at java.base/java.util.Collections$2.tryAdvance(Collections.java:4853)
		at java.base/java.util.Collections$2.forEachRemaining(Collections.java:4861)
		at java.base/java.util.stream.AbstractPipeline.copyInto(AbstractPipeline.java:509)
		at java.base/java.util.stream.AbstractPipeline.wrapAndCopyInto(AbstractPipeline.java:499)
		at java.base/java.util.stream.ReduceOps$ReduceOp.evaluateSequential(ReduceOps.java:921)
		at java.base/java.util.stream.AbstractPipeline.evaluate(AbstractPipeline.java:234)
		at java.base/java.util.stream.ReferencePipeline.collect(ReferencePipeline.java:682)
		at net.datenwerke.rs.terminal.service.terminal.objresolver.ObjectResolverDeamon.getObjects(ObjectResolverDeamon.java:96)
		at net.datenwerke.rs.terminal.service.terminal.objresolver.ObjectResolverDeamon.getObjects(ObjectResolverDeamon.java:111)
		at net.datenwerke.rs.terminal.service.terminal.objresolver.ObjectResolverDeamon.getObjects(ObjectResolverDeamon.java:106)
		at org.codehaus.groovy.vmplugin.v8.IndyInterface.fromCache(IndyInterface.java:321)
		at net.datenwerke.rs.terminal.service.terminal.TerminalServiceImpl.getObjectsByQuery(TerminalServiceImpl.groovy:107)
		at org.codehaus.groovy.vmplugin.v8.IndyInterface.fromCache(IndyInterface.java:321)
		at net.datenwerke.rs.terminal.service.terminal.TerminalServiceImpl.getObjectByQuery(TerminalServiceImpl.groovy:117)
		at net.datenwerke.rs.fileserver.service.fileserver.FileServerServiceImpl.getNodeByPath(FileServerServiceImpl.java:78)
		at net.datenwerke.rs.fileserver.server.fileserver.IndexRedirectServlet.doGet(IndexRedirectServlet.java:53)
		at javax.servlet.http.HttpServlet.service(HttpServlet.java:529)
		at javax.servlet.http.HttpServlet.service(HttpServlet.java:623)
		at com.google.inject.servlet.ServletDefinition.doServiceImpl(ServletDefinition.java:290)
		at com.google.inject.servlet.ServletDefinition.doService(ServletDefinition.java:280)
		at com.google.inject.servlet.ServletDefinition.service(ServletDefinition.java:184)
		at com.google.inject.servlet.ManagedServletPipeline.service(ManagedServletPipeline.java:89)
		at com.google.inject.persist.PersistFilter.doFilter(PersistFilter.java:94)
		at com.google.inject.servlet.ManagedFilterPipeline.dispatch(ManagedFilterPipeline.java:121)
		at com.google.inject.servlet.GuiceFilter.doFilter(GuiceFilter.java:133)
		at org.apache.catalina.core.ApplicationFilterChain.internalDoFilter(ApplicationFilterChain.java:168)
		at org.apache.catalina.core.ApplicationFilterChain.doFilter(ApplicationFilterChain.java:144)
		at org.apache.catalina.core.StandardWrapperValve.invoke(StandardWrapperValve.java:168)
		at org.apache.catalina.core.StandardContextValve.invoke(StandardContextValve.java:90)
		at org.apache.catalina.authenticator.AuthenticatorBase.invoke(AuthenticatorBase.java:482)
		at org.apache.catalina.core.StandardHostValve.invoke(StandardHostValve.java:130)
		at org.apache.catalina.valves.ErrorReportValve.invoke(ErrorReportValve.java:93)
		at org.apache.catalina.valves.AbstractAccessLogValve.invoke(AbstractAccessLogValve.java:660)
		at org.apache.catalina.core.StandardEngineValve.invoke(StandardEngineValve.java:74)
		at org.apache.catalina.connector.CoyoteAdapter.service(CoyoteAdapter.java:346)
		at org.apache.coyote.http11.Http11Processor.service(Http11Processor.java:396)
		at org.apache.coyote.AbstractProcessorLight.process(AbstractProcessorLight.java:63)
		at org.apache.coyote.AbstractProtocol$ConnectionHandler.process(AbstractProtocol.java:937)
		at org.apache.tomcat.util.net.NioEndpoint$SocketProcessor.doRun(NioEndpoint.java:1791)
		at org.apache.tomcat.util.net.SocketProcessorBase.run(SocketProcessorBase.java:52)
		at org.apache.tomcat.util.threads.ThreadPoolExecutor.runWorker(ThreadPoolExecutor.java:1190)
		at org.apache.tomcat.util.threads.ThreadPoolExecutor$Worker.run(ThreadPoolExecutor.java:659)
		at org.apache.tomcat.util.threads.TaskThread$WrappingRunnable.run(TaskThread.java:63)
		at java.base/java.lang.Thread.run(Thread.java:833)
	Caused by: org.hibernate.exception.GenericJDBCException: Unable to acquire JDBC Connection
		at org.hibernate.exception.internal.StandardSQLExceptionConverter.convert(StandardSQLExceptionConverter.java:42)
		at org.hibernate.engine.jdbc.spi.SqlExceptionHelper.convert(SqlExceptionHelper.java:113)
		at org.hibernate.engine.jdbc.spi.SqlExceptionHelper.convert(SqlExceptionHelper.java:99)
		at org.hibernate.resource.jdbc.internal.LogicalConnectionManagedImpl.acquireConnectionIfNeeded(LogicalConnectionManagedImpl.java:111)
		at org.hibernate.resource.jdbc.internal.LogicalConnectionManagedImpl.getPhysicalConnection(LogicalConnectionManagedImpl.java:138)
		at org.hibernate.engine.jdbc.internal.StatementPreparerImpl.connection(StatementPreparerImpl.java:50)
		at org.hibernate.engine.jdbc.internal.StatementPreparerImpl$5.doPrepare(StatementPreparerImpl.java:149)
		at org.hibernate.engine.jdbc.internal.StatementPreparerImpl$StatementPreparationTemplate.prepareStatement(StatementPreparerImpl.java:176)
		at org.hibernate.engine.jdbc.internal.StatementPreparerImpl.prepareQueryStatement(StatementPreparerImpl.java:151)
		at org.hibernate.loader.Loader.prepareQueryStatement(Loader.java:2122)
		at org.hibernate.loader.Loader.executeQueryStatement(Loader.java:2059)
		at org.hibernate.loader.Loader.executeQueryStatement(Loader.java:2037)
		at org.hibernate.loader.Loader.doQuery(Loader.java:956)
		at org.hibernate.loader.Loader.doQueryAndInitializeNonLazyCollections(Loader.java:357)
		at org.hibernate.loader.Loader.doList(Loader.java:2868)
		at org.hibernate.loader.Loader.doList(Loader.java:2850)
		at org.hibernate.loader.Loader.listIgnoreQueryCache(Loader.java:2682)
		at org.hibernate.loader.Loader.list(Loader.java:2677)
		at org.hibernate.loader.hql.QueryLoader.list(QueryLoader.java:540)
		at org.hibernate.hql.internal.ast.QueryTranslatorImpl.list(QueryTranslatorImpl.java:400)
		at org.hibernate.engine.query.spi.HQLQueryPlan.performList(HQLQueryPlan.java:218)
		at org.hibernate.internal.SessionImpl.list(SessionImpl.java:1459)
		at org.hibernate.query.internal.AbstractProducedQuery.doList(AbstractProducedQuery.java:1649)
		at org.hibernate.query.internal.AbstractProducedQuery.list(AbstractProducedQuery.java:1617)
		... 67 more
	Caused by: java.sql.SQLException: Connections could not be acquired from the underlying database!
		at com.mchange.v2.sql.SqlUtils.toSQLException(SqlUtils.java:118)
		at com.mchange.v2.c3p0.impl.C3P0PooledConnectionPool.checkoutPooledConnection(C3P0PooledConnectionPool.java:692)
		at com.mchange.v2.c3p0.impl.AbstractPoolBackedDataSource.getConnection(AbstractPoolBackedDataSource.java:140)
		at org.hibernate.c3p0.internal.C3P0ConnectionProvider.getConnection(C3P0ConnectionProvider.java:72)
		at org.hibernate.internal.NonContextualJdbcConnectionAccess.obtainConnection(NonContextualJdbcConnectionAccess.java:38)
		at org.hibernate.resource.jdbc.internal.LogicalConnectionManagedImpl.acquireConnectionIfNeeded(LogicalConnectionManagedImpl.java:108)
		... 87 more
	Caused by: com.mchange.v2.resourcepool.CannotAcquireResourceException: A ResourcePool could not acquire a resource from its primary factory or source.
		at com.mchange.v2.resourcepool.BasicResourcePool.awaitAvailable(BasicResourcePool.java:1507)
		at com.mchange.v2.resourcepool.BasicResourcePool.prelimCheckoutResource(BasicResourcePool.java:644)
		at com.mchange.v2.resourcepool.BasicResourcePool.checkoutResource(BasicResourcePool.java:554)
		at com.mchange.v2.c3p0.impl.C3P0PooledConnectionPool.checkoutAndMarkConnectionInUse(C3P0PooledConnectionPool.java:758)
		at com.mchange.v2.c3p0.impl.C3P0PooledConnectionPool.checkoutPooledConnection(C3P0PooledConnectionPool.java:685)
		... 91 more
	Caused by: com.microsoft.sqlserver.jdbc.SQLServerException: No se pudo realizar la conexión TCP/IP al host localhost, puerto 1433. Error: "Connection refused. Verifique las propiedades de conexión, compruebe que hay una instancia de SQL Server ejecutándose en el host y aceptando las conexiones TCP/IP en el puerto y compruebe que no hay ningún firewall bloqueando las conexiones TCP en el puerto.".
		at com.microsoft.sqlserver.jdbc.SQLServerException.makeFromDriverError(SQLServerException.java:242)
		at com.microsoft.sqlserver.jdbc.SQLServerException.convertConnectExceptionToSQLServerException(SQLServerException.java:308)
		at com.microsoft.sqlserver.jdbc.SocketFinder.findSocket(IOBuffer.java:2593)
		at com.microsoft.sqlserver.jdbc.TDSChannel.open(IOBuffer.java:721)
		at com.microsoft.sqlserver.jdbc.SQLServerConnection.connectHelper(SQLServerConnection.java:3768)
		at com.microsoft.sqlserver.jdbc.SQLServerConnection.login(SQLServerConnection.java:3385)
		at com.microsoft.sqlserver.jdbc.SQLServerConnection.connectInternal(SQLServerConnection.java:3194)
		at com.microsoft.sqlserver.jdbc.SQLServerConnection.connect(SQLServerConnection.java:1971)
		at com.microsoft.sqlserver.jdbc.SQLServerDriver.connect(SQLServerDriver.java:1263)
		at com.mchange.v2.c3p0.DriverManagerDataSource.getConnection(DriverManagerDataSource.java:175)
		at com.mchange.v2.c3p0.WrapperConnectionPoolDataSource.getPooledConnection(WrapperConnectionPoolDataSource.java:220)
		at com.mchange.v2.c3p0.WrapperConnectionPoolDataSource.getPooledConnection(WrapperConnectionPoolDataSource.java:206)
		at com.mchange.v2.c3p0.impl.C3P0PooledConnectionPool$1PooledConnectionResourcePoolManager.acquireResource(C3P0PooledConnectionPool.java:203)
		at com.mchange.v2.resourcepool.BasicResourcePool.doAcquire(BasicResourcePool.java:1176)
		at com.mchange.v2.resourcepool.BasicResourcePool.doAcquireAndDecrementPendingAcquiresWithinLockOnSuccess(BasicResourcePool.java:1163)
		at com.mchange.v2.resourcepool.BasicResourcePool.access$700(BasicResourcePool.java:44)
		at com.mchange.v2.resourcepool.BasicResourcePool$ScatteredAcquireTask.run(BasicResourcePool.java:1908)
		at com.mchange.v2.async.ThreadPoolAsynchronousRunner$PoolThread.run(ThreadPoolAsynchronousRunner.java:696)
02-Dec-2024 09:10:52.675 GRAVE [http-nio-8081-exec-8] org.apache.catalina.core.StandardWrapperValve.invoke Servlet.service() para servlet [default] lanzó excepción
	javax.persistence.PersistenceException: org.hibernate.exception.GenericJDBCException: Unable to acquire JDBC Connection
		at org.hibernate.internal.ExceptionConverterImpl.convert(ExceptionConverterImpl.java:154)
		at org.hibernate.query.internal.AbstractProducedQuery.list(AbstractProducedQuery.java:1626)
		at org.hibernate.query.Query.getResultList(Query.java:165)
		at org.hibernate.query.criteria.internal.compile.CriteriaQueryTypeQueryAdapter.getResultList(CriteriaQueryTypeQueryAdapter.java:76)
		at net.datenwerke.rs.utils.simplequery.byatt.QueryByAttProcessor.process(QueryByAttProcessor.java:103)
		at net.datenwerke.rs.utils.simplequery.byatt.QueryByAttInterceptor.invoke(QueryByAttInterceptor.java:24)
		at net.datenwerke.rs.terminal.service.terminal.vfs.hooks.TreeBasedVirtualFileSystem.getNodeByLocation(TreeBasedVirtualFileSystem.java:113)
		at net.datenwerke.rs.terminal.service.terminal.vfs.hooks.TreeBasedVirtualFileSystem.getLocation(TreeBasedVirtualFileSystem.java:57)
		at net.datenwerke.rs.terminal.service.terminal.vfs.VirtualFileSystemDeamon.getLocation(VirtualFileSystemDeamon.java:144)
		at net.datenwerke.rs.terminal.service.terminal.vfs.VirtualFileSystemDeamon.getAbsoluteLocation(VirtualFileSystemDeamon.java:106)
		at net.datenwerke.rs.terminal.service.terminal.vfs.VirtualFileSystemDeamon.getLocation(VirtualFileSystemDeamon.java:82)
		at net.datenwerke.rs.terminal.service.terminal.vfs.hookers.VfsObjectResolver.getParentLocation(VfsObjectResolver.java:84)
		at net.datenwerke.rs.terminal.service.terminal.vfs.hookers.VfsObjectResolver.consumes(VfsObjectResolver.java:26)
		at net.datenwerke.rs.terminal.service.terminal.objresolver.ObjectResolverDeamon.lambda$0(ObjectResolverDeamon.java:70)
		at java.base/java.util.stream.ReferencePipeline$2$1.accept(ReferencePipeline.java:178)
		at java.base/java.util.ArrayList$ArrayListSpliterator.forEachRemaining(ArrayList.java:1625)
		at java.base/java.util.stream.AbstractPipeline.copyInto(AbstractPipeline.java:509)
		at java.base/java.util.stream.AbstractPipeline.wrapAndCopyInto(AbstractPipeline.java:499)
		at java.base/java.util.stream.ReduceOps$ReduceOp.evaluateSequential(ReduceOps.java:921)
		at java.base/java.util.stream.AbstractPipeline.evaluate(AbstractPipeline.java:234)
		at java.base/java.util.stream.ReferencePipeline.collect(ReferencePipeline.java:682)
		at net.datenwerke.rs.terminal.service.terminal.objresolver.ObjectResolverDeamon.doGetObjects(ObjectResolverDeamon.java:87)
		at net.datenwerke.rs.terminal.service.terminal.objresolver.ObjectResolverDeamon.lambda$7(ObjectResolverDeamon.java:94)
		at net.datenwerke.rs.utils.exception.shared.LambdaExceptionUtil.lambda$3(LambdaExceptionUtil.java:104)
		at java.base/java.util.stream.ReferencePipeline$3$1.accept(ReferencePipeline.java:197)
		at java.base/java.util.Collections$2.tryAdvance(Collections.java:4853)
		at java.base/java.util.Collections$2.forEachRemaining(Collections.java:4861)
		at java.base/java.util.stream.AbstractPipeline.copyInto(AbstractPipeline.java:509)
		at java.base/java.util.stream.AbstractPipeline.wrapAndCopyInto(AbstractPipeline.java:499)
		at java.base/java.util.stream.ReduceOps$ReduceOp.evaluateSequential(ReduceOps.java:921)
		at java.base/java.util.stream.AbstractPipeline.evaluate(AbstractPipeline.java:234)
		at java.base/java.util.stream.ReferencePipeline.collect(ReferencePipeline.java:682)
		at net.datenwerke.rs.terminal.service.terminal.objresolver.ObjectResolverDeamon.getObjects(ObjectResolverDeamon.java:96)
		at net.datenwerke.rs.terminal.service.terminal.objresolver.ObjectResolverDeamon.getObjects(ObjectResolverDeamon.java:111)
		at net.datenwerke.rs.terminal.service.terminal.objresolver.ObjectResolverDeamon.getObjects(ObjectResolverDeamon.java:106)
		at org.codehaus.groovy.vmplugin.v8.IndyInterface.fromCache(IndyInterface.java:321)
		at net.datenwerke.rs.terminal.service.terminal.TerminalServiceImpl.getObjectsByQuery(TerminalServiceImpl.groovy:107)
		at org.codehaus.groovy.vmplugin.v8.IndyInterface.fromCache(IndyInterface.java:321)
		at net.datenwerke.rs.terminal.service.terminal.TerminalServiceImpl.getObjectByQuery(TerminalServiceImpl.groovy:117)
		at net.datenwerke.rs.fileserver.service.fileserver.FileServerServiceImpl.getNodeByPath(FileServerServiceImpl.java:78)
		at net.datenwerke.rs.fileserver.server.fileserver.IndexRedirectServlet.doGet(IndexRedirectServlet.java:53)
		at javax.servlet.http.HttpServlet.service(HttpServlet.java:529)
		at javax.servlet.http.HttpServlet.service(HttpServlet.java:623)
		at com.google.inject.servlet.ServletDefinition.doServiceImpl(ServletDefinition.java:290)
		at com.google.inject.servlet.ServletDefinition.doService(ServletDefinition.java:280)
		at com.google.inject.servlet.ServletDefinition.service(ServletDefinition.java:184)
		at com.google.inject.servlet.ManagedServletPipeline.service(ManagedServletPipeline.java:89)
		at com.google.inject.persist.PersistFilter.doFilter(PersistFilter.java:94)
		at com.google.inject.servlet.ManagedFilterPipeline.dispatch(ManagedFilterPipeline.java:121)
		at com.google.inject.servlet.GuiceFilter.doFilter(GuiceFilter.java:133)
		at org.apache.catalina.core.ApplicationFilterChain.internalDoFilter(ApplicationFilterChain.java:168)
		at org.apache.catalina.core.ApplicationFilterChain.doFilter(ApplicationFilterChain.java:144)
		at org.apache.catalina.core.StandardWrapperValve.invoke(StandardWrapperValve.java:168)
		at org.apache.catalina.core.StandardContextValve.invoke(StandardContextValve.java:90)
		at org.apache.catalina.authenticator.AuthenticatorBase.invoke(AuthenticatorBase.java:482)
		at org.apache.catalina.core.StandardHostValve.invoke(StandardHostValve.java:130)
		at org.apache.catalina.valves.ErrorReportValve.invoke(ErrorReportValve.java:93)
		at org.apache.catalina.valves.AbstractAccessLogValve.invoke(AbstractAccessLogValve.java:660)
		at org.apache.catalina.core.StandardEngineValve.invoke(StandardEngineValve.java:74)
		at org.apache.catalina.connector.CoyoteAdapter.service(CoyoteAdapter.java:346)
		at org.apache.coyote.http11.Http11Processor.service(Http11Processor.java:396)
		at org.apache.coyote.AbstractProcessorLight.process(AbstractProcessorLight.java:63)
		at org.apache.coyote.AbstractProtocol$ConnectionHandler.process(AbstractProtocol.java:937)
		at org.apache.tomcat.util.net.NioEndpoint$SocketProcessor.doRun(NioEndpoint.java:1791)
		at org.apache.tomcat.util.net.SocketProcessorBase.run(SocketProcessorBase.java:52)
		at org.apache.tomcat.util.threads.ThreadPoolExecutor.runWorker(ThreadPoolExecutor.java:1190)
		at org.apache.tomcat.util.threads.ThreadPoolExecutor$Worker.run(ThreadPoolExecutor.java:659)
		at org.apache.tomcat.util.threads.TaskThread$WrappingRunnable.run(TaskThread.java:63)
		at java.base/java.lang.Thread.run(Thread.java:833)
	Caused by: org.hibernate.exception.GenericJDBCException: Unable to acquire JDBC Connection
		at org.hibernate.exception.internal.StandardSQLExceptionConverter.convert(StandardSQLExceptionConverter.java:42)
		at org.hibernate.engine.jdbc.spi.SqlExceptionHelper.convert(SqlExceptionHelper.java:113)
		at org.hibernate.engine.jdbc.spi.SqlExceptionHelper.convert(SqlExceptionHelper.java:99)
		at org.hibernate.resource.jdbc.internal.LogicalConnectionManagedImpl.acquireConnectionIfNeeded(LogicalConnectionManagedImpl.java:111)
		at org.hibernate.resource.jdbc.internal.LogicalConnectionManagedImpl.getPhysicalConnection(LogicalConnectionManagedImpl.java:138)
		at org.hibernate.engine.jdbc.internal.StatementPreparerImpl.connection(StatementPreparerImpl.java:50)
		at org.hibernate.engine.jdbc.internal.StatementPreparerImpl$5.doPrepare(StatementPreparerImpl.java:149)
		at org.hibernate.engine.jdbc.internal.StatementPreparerImpl$StatementPreparationTemplate.prepareStatement(StatementPreparerImpl.java:176)
		at org.hibernate.engine.jdbc.internal.StatementPreparerImpl.prepareQueryStatement(StatementPreparerImpl.java:151)
		at org.hibernate.loader.Loader.prepareQueryStatement(Loader.java:2122)
		at org.hibernate.loader.Loader.executeQueryStatement(Loader.java:2059)
		at org.hibernate.loader.Loader.executeQueryStatement(Loader.java:2037)
		at org.hibernate.loader.Loader.doQuery(Loader.java:956)
		at org.hibernate.loader.Loader.doQueryAndInitializeNonLazyCollections(Loader.java:357)
		at org.hibernate.loader.Loader.doList(Loader.java:2868)
		at org.hibernate.loader.Loader.doList(Loader.java:2850)
		at org.hibernate.loader.Loader.listIgnoreQueryCache(Loader.java:2682)
		at org.hibernate.loader.Loader.list(Loader.java:2677)
		at org.hibernate.loader.hql.QueryLoader.list(QueryLoader.java:540)
		at org.hibernate.hql.internal.ast.QueryTranslatorImpl.list(QueryTranslatorImpl.java:400)
		at org.hibernate.engine.query.spi.HQLQueryPlan.performList(HQLQueryPlan.java:218)
		at org.hibernate.internal.SessionImpl.list(SessionImpl.java:1459)
		at org.hibernate.query.internal.AbstractProducedQuery.doList(AbstractProducedQuery.java:1649)
		at org.hibernate.query.internal.AbstractProducedQuery.list(AbstractProducedQuery.java:1617)
		... 67 more
	Caused by: java.sql.SQLException: Connections could not be acquired from the underlying database!
		at com.mchange.v2.sql.SqlUtils.toSQLException(SqlUtils.java:118)
		at com.mchange.v2.c3p0.impl.C3P0PooledConnectionPool.checkoutPooledConnection(C3P0PooledConnectionPool.java:692)
		at com.mchange.v2.c3p0.impl.AbstractPoolBackedDataSource.getConnection(AbstractPoolBackedDataSource.java:140)
		at org.hibernate.c3p0.internal.C3P0ConnectionProvider.getConnection(C3P0ConnectionProvider.java:72)
		at org.hibernate.internal.NonContextualJdbcConnectionAccess.obtainConnection(NonContextualJdbcConnectionAccess.java:38)
		at org.hibernate.resource.jdbc.internal.LogicalConnectionManagedImpl.acquireConnectionIfNeeded(LogicalConnectionManagedImpl.java:108)
		... 87 more
	Caused by: com.mchange.v2.resourcepool.CannotAcquireResourceException: A ResourcePool could not acquire a resource from its primary factory or source.
		at com.mchange.v2.resourcepool.BasicResourcePool.awaitAvailable(BasicResourcePool.java:1507)
		at com.mchange.v2.resourcepool.BasicResourcePool.prelimCheckoutResource(BasicResourcePool.java:644)
		at com.mchange.v2.resourcepool.BasicResourcePool.checkoutResource(BasicResourcePool.java:554)
		at com.mchange.v2.c3p0.impl.C3P0PooledConnectionPool.checkoutAndMarkConnectionInUse(C3P0PooledConnectionPool.java:758)
		at com.mchange.v2.c3p0.impl.C3P0PooledConnectionPool.checkoutPooledConnection(C3P0PooledConnectionPool.java:685)
		... 91 more
	Caused by: com.microsoft.sqlserver.jdbc.SQLServerException: No se pudo realizar la conexión TCP/IP al host localhost, puerto 1433. Error: "Connection refused. Verifique las propiedades de conexión, compruebe que hay una instancia de SQL Server ejecutándose en el host y aceptando las conexiones TCP/IP en el puerto y compruebe que no hay ningún firewall bloqueando las conexiones TCP en el puerto.".
		at com.microsoft.sqlserver.jdbc.SQLServerException.makeFromDriverError(SQLServerException.java:242)
		at com.microsoft.sqlserver.jdbc.SQLServerException.convertConnectExceptionToSQLServerException(SQLServerException.java:308)
		at com.microsoft.sqlserver.jdbc.SocketFinder.findSocket(IOBuffer.java:2593)
		at com.microsoft.sqlserver.jdbc.TDSChannel.open(IOBuffer.java:721)
		at com.microsoft.sqlserver.jdbc.SQLServerConnection.connectHelper(SQLServerConnection.java:3768)
		at com.microsoft.sqlserver.jdbc.SQLServerConnection.login(SQLServerConnection.java:3385)
		at com.microsoft.sqlserver.jdbc.SQLServerConnection.connectInternal(SQLServerConnection.java:3194)
		at com.microsoft.sqlserver.jdbc.SQLServerConnection.connect(SQLServerConnection.java:1971)
		at com.microsoft.sqlserver.jdbc.SQLServerDriver.connect(SQLServerDriver.java:1263)
		at com.mchange.v2.c3p0.DriverManagerDataSource.getConnection(DriverManagerDataSource.java:175)
		at com.mchange.v2.c3p0.WrapperConnectionPoolDataSource.getPooledConnection(WrapperConnectionPoolDataSource.java:220)
		at com.mchange.v2.c3p0.WrapperConnectionPoolDataSource.getPooledConnection(WrapperConnectionPoolDataSource.java:206)
		at com.mchange.v2.c3p0.impl.C3P0PooledConnectionPool$1PooledConnectionResourcePoolManager.acquireResource(C3P0PooledConnectionPool.java:203)
		at com.mchange.v2.resourcepool.BasicResourcePool.doAcquire(BasicResourcePool.java:1176)
		at com.mchange.v2.resourcepool.BasicResourcePool.doAcquireAndDecrementPendingAcquiresWithinLockOnSuccess(BasicResourcePool.java:1163)
		at com.mchange.v2.resourcepool.BasicResourcePool.access$700(BasicResourcePool.java:44)
		at com.mchange.v2.resourcepool.BasicResourcePool$ScatteredAcquireTask.run(BasicResourcePool.java:1908)
		at com.mchange.v2.async.ThreadPoolAsynchronousRunner$PoolThread.run(ThreadPoolAsynchronousRunner.java:696)
02-Dec-2024 09:10:52.676 GRAVE [http-nio-8081-exec-9] org.apache.catalina.core.StandardWrapperValve.invoke Servlet.service() para servlet [default] lanzó excepción
	javax.persistence.PersistenceException: org.hibernate.exception.GenericJDBCException: Unable to acquire JDBC Connection
		at org.hibernate.internal.ExceptionConverterImpl.convert(ExceptionConverterImpl.java:154)
		at org.hibernate.query.internal.AbstractProducedQuery.list(AbstractProducedQuery.java:1626)
		at org.hibernate.query.Query.getResultList(Query.java:165)
		at org.hibernate.query.criteria.internal.compile.CriteriaQueryTypeQueryAdapter.getResultList(CriteriaQueryTypeQueryAdapter.java:76)
		at net.datenwerke.rs.utils.simplequery.byatt.QueryByAttProcessor.process(QueryByAttProcessor.java:103)
		at net.datenwerke.rs.utils.simplequery.byatt.QueryByAttInterceptor.invoke(QueryByAttInterceptor.java:24)
		at net.datenwerke.rs.terminal.service.terminal.vfs.hooks.TreeBasedVirtualFileSystem.getNodeByLocation(TreeBasedVirtualFileSystem.java:113)
		at net.datenwerke.rs.terminal.service.terminal.vfs.hooks.TreeBasedVirtualFileSystem.getLocation(TreeBasedVirtualFileSystem.java:57)
		at net.datenwerke.rs.terminal.service.terminal.vfs.VirtualFileSystemDeamon.getLocation(VirtualFileSystemDeamon.java:144)
		at net.datenwerke.rs.terminal.service.terminal.vfs.VirtualFileSystemDeamon.getAbsoluteLocation(VirtualFileSystemDeamon.java:106)
		at net.datenwerke.rs.terminal.service.terminal.vfs.VirtualFileSystemDeamon.getLocation(VirtualFileSystemDeamon.java:82)
		at net.datenwerke.rs.terminal.service.terminal.vfs.hookers.VfsObjectResolver.getParentLocation(VfsObjectResolver.java:84)
		at net.datenwerke.rs.terminal.service.terminal.vfs.hookers.VfsObjectResolver.consumes(VfsObjectResolver.java:26)
		at net.datenwerke.rs.terminal.service.terminal.objresolver.ObjectResolverDeamon.lambda$0(ObjectResolverDeamon.java:70)
		at java.base/java.util.stream.ReferencePipeline$2$1.accept(ReferencePipeline.java:178)
		at java.base/java.util.ArrayList$ArrayListSpliterator.forEachRemaining(ArrayList.java:1625)
		at java.base/java.util.stream.AbstractPipeline.copyInto(AbstractPipeline.java:509)
		at java.base/java.util.stream.AbstractPipeline.wrapAndCopyInto(AbstractPipeline.java:499)
		at java.base/java.util.stream.ReduceOps$ReduceOp.evaluateSequential(ReduceOps.java:921)
		at java.base/java.util.stream.AbstractPipeline.evaluate(AbstractPipeline.java:234)
		at java.base/java.util.stream.ReferencePipeline.collect(ReferencePipeline.java:682)
		at net.datenwerke.rs.terminal.service.terminal.objresolver.ObjectResolverDeamon.doGetObjects(ObjectResolverDeamon.java:87)
		at net.datenwerke.rs.terminal.service.terminal.objresolver.ObjectResolverDeamon.lambda$7(ObjectResolverDeamon.java:94)
		at net.datenwerke.rs.utils.exception.shared.LambdaExceptionUtil.lambda$3(LambdaExceptionUtil.java:104)
		at java.base/java.util.stream.ReferencePipeline$3$1.accept(ReferencePipeline.java:197)
		at java.base/java.util.Collections$2.tryAdvance(Collections.java:4853)
		at java.base/java.util.Collections$2.forEachRemaining(Collections.java:4861)
		at java.base/java.util.stream.AbstractPipeline.copyInto(AbstractPipeline.java:509)
		at java.base/java.util.stream.AbstractPipeline.wrapAndCopyInto(AbstractPipeline.java:499)
		at java.base/java.util.stream.ReduceOps$ReduceOp.evaluateSequential(ReduceOps.java:921)
		at java.base/java.util.stream.AbstractPipeline.evaluate(AbstractPipeline.java:234)
		at java.base/java.util.stream.ReferencePipeline.collect(ReferencePipeline.java:682)
		at net.datenwerke.rs.terminal.service.terminal.objresolver.ObjectResolverDeamon.getObjects(ObjectResolverDeamon.java:96)
		at net.datenwerke.rs.terminal.service.terminal.objresolver.ObjectResolverDeamon.getObjects(ObjectResolverDeamon.java:111)
		at net.datenwerke.rs.terminal.service.terminal.objresolver.ObjectResolverDeamon.getObjects(ObjectResolverDeamon.java:106)
		at org.codehaus.groovy.vmplugin.v8.IndyInterface.fromCache(IndyInterface.java:321)
		at net.datenwerke.rs.terminal.service.terminal.TerminalServiceImpl.getObjectsByQuery(TerminalServiceImpl.groovy:107)
		at org.codehaus.groovy.vmplugin.v8.IndyInterface.fromCache(IndyInterface.java:321)
		at net.datenwerke.rs.terminal.service.terminal.TerminalServiceImpl.getObjectByQuery(TerminalServiceImpl.groovy:117)
		at net.datenwerke.rs.fileserver.service.fileserver.FileServerServiceImpl.getNodeByPath(FileServerServiceImpl.java:78)
		at net.datenwerke.rs.fileserver.server.fileserver.IndexRedirectServlet.doGet(IndexRedirectServlet.java:53)
		at javax.servlet.http.HttpServlet.service(HttpServlet.java:529)
		at javax.servlet.http.HttpServlet.service(HttpServlet.java:623)
		at com.google.inject.servlet.ServletDefinition.doServiceImpl(ServletDefinition.java:290)
		at com.google.inject.servlet.ServletDefinition.doService(ServletDefinition.java:280)
		at com.google.inject.servlet.ServletDefinition.service(ServletDefinition.java:184)
		at com.google.inject.servlet.ManagedServletPipeline.service(ManagedServletPipeline.java:89)
		at com.google.inject.persist.PersistFilter.doFilter(PersistFilter.java:94)
		at com.google.inject.servlet.ManagedFilterPipeline.dispatch(ManagedFilterPipeline.java:121)
		at com.google.inject.servlet.GuiceFilter.doFilter(GuiceFilter.java:133)
		at org.apache.catalina.core.ApplicationFilterChain.internalDoFilter(ApplicationFilterChain.java:168)
		at org.apache.catalina.core.ApplicationFilterChain.doFilter(ApplicationFilterChain.java:144)
		at org.apache.catalina.core.StandardWrapperValve.invoke(StandardWrapperValve.java:168)
		at org.apache.catalina.core.StandardContextValve.invoke(StandardContextValve.java:90)
		at org.apache.catalina.authenticator.AuthenticatorBase.invoke(AuthenticatorBase.java:482)
		at org.apache.catalina.core.StandardHostValve.invoke(StandardHostValve.java:130)
		at org.apache.catalina.valves.ErrorReportValve.invoke(ErrorReportValve.java:93)
		at org.apache.catalina.valves.AbstractAccessLogValve.invoke(AbstractAccessLogValve.java:660)
		at org.apache.catalina.core.StandardEngineValve.invoke(StandardEngineValve.java:74)
		at org.apache.catalina.connector.CoyoteAdapter.service(CoyoteAdapter.java:346)
		at org.apache.coyote.http11.Http11Processor.service(Http11Processor.java:396)
		at org.apache.coyote.AbstractProcessorLight.process(AbstractProcessorLight.java:63)
		at org.apache.coyote.AbstractProtocol$ConnectionHandler.process(AbstractProtocol.java:937)
		at org.apache.tomcat.util.net.NioEndpoint$SocketProcessor.doRun(NioEndpoint.java:1791)
		at org.apache.tomcat.util.net.SocketProcessorBase.run(SocketProcessorBase.java:52)
		at org.apache.tomcat.util.threads.ThreadPoolExecutor.runWorker(ThreadPoolExecutor.java:1190)
		at org.apache.tomcat.util.threads.ThreadPoolExecutor$Worker.run(ThreadPoolExecutor.java:659)
		at org.apache.tomcat.util.threads.TaskThread$WrappingRunnable.run(TaskThread.java:63)
		at java.base/java.lang.Thread.run(Thread.java:833)
	Caused by: org.hibernate.exception.GenericJDBCException: Unable to acquire JDBC Connection
		at org.hibernate.exception.internal.StandardSQLExceptionConverter.convert(StandardSQLExceptionConverter.java:42)
		at org.hibernate.engine.jdbc.spi.SqlExceptionHelper.convert(SqlExceptionHelper.java:113)
		at org.hibernate.engine.jdbc.spi.SqlExceptionHelper.convert(SqlExceptionHelper.java:99)
		at org.hibernate.resource.jdbc.internal.LogicalConnectionManagedImpl.acquireConnectionIfNeeded(LogicalConnectionManagedImpl.java:111)
		at org.hibernate.resource.jdbc.internal.LogicalConnectionManagedImpl.getPhysicalConnection(LogicalConnectionManagedImpl.java:138)
		at org.hibernate.engine.jdbc.internal.StatementPreparerImpl.connection(StatementPreparerImpl.java:50)
		at org.hibernate.engine.jdbc.internal.StatementPreparerImpl$5.doPrepare(StatementPreparerImpl.java:149)
		at org.hibernate.engine.jdbc.internal.StatementPreparerImpl$StatementPreparationTemplate.prepareStatement(StatementPreparerImpl.java:176)
		at org.hibernate.engine.jdbc.internal.StatementPreparerImpl.prepareQueryStatement(StatementPreparerImpl.java:151)
		at org.hibernate.loader.Loader.prepareQueryStatement(Loader.java:2122)
		at org.hibernate.loader.Loader.executeQueryStatement(Loader.java:2059)
		at org.hibernate.loader.Loader.executeQueryStatement(Loader.java:2037)
		at org.hibernate.loader.Loader.doQuery(Loader.java:956)
		at org.hibernate.loader.Loader.doQueryAndInitializeNonLazyCollections(Loader.java:357)
		at org.hibernate.loader.Loader.doList(Loader.java:2868)
		at org.hibernate.loader.Loader.doList(Loader.java:2850)
		at org.hibernate.loader.Loader.listIgnoreQueryCache(Loader.java:2682)
		at org.hibernate.loader.Loader.list(Loader.java:2677)
		at org.hibernate.loader.hql.QueryLoader.list(QueryLoader.java:540)
		at org.hibernate.hql.internal.ast.QueryTranslatorImpl.list(QueryTranslatorImpl.java:400)
		at org.hibernate.engine.query.spi.HQLQueryPlan.performList(HQLQueryPlan.java:218)
		at org.hibernate.internal.SessionImpl.list(SessionImpl.java:1459)
		at org.hibernate.query.internal.AbstractProducedQuery.doList(AbstractProducedQuery.java:1649)
		at org.hibernate.query.internal.AbstractProducedQuery.list(AbstractProducedQuery.java:1617)
		... 67 more
	Caused by: java.sql.SQLException: Connections could not be acquired from the underlying database!
		at com.mchange.v2.sql.SqlUtils.toSQLException(SqlUtils.java:118)
		at com.mchange.v2.c3p0.impl.C3P0PooledConnectionPool.checkoutPooledConnection(C3P0PooledConnectionPool.java:692)
		at com.mchange.v2.c3p0.impl.AbstractPoolBackedDataSource.getConnection(AbstractPoolBackedDataSource.java:140)
		at org.hibernate.c3p0.internal.C3P0ConnectionProvider.getConnection(C3P0ConnectionProvider.java:72)
		at org.hibernate.internal.NonContextualJdbcConnectionAccess.obtainConnection(NonContextualJdbcConnectionAccess.java:38)
		at org.hibernate.resource.jdbc.internal.LogicalConnectionManagedImpl.acquireConnectionIfNeeded(LogicalConnectionManagedImpl.java:108)
		... 87 more
	Caused by: com.mchange.v2.resourcepool.CannotAcquireResourceException: A ResourcePool could not acquire a resource from its primary factory or source.
		at com.mchange.v2.resourcepool.BasicResourcePool.awaitAvailable(BasicResourcePool.java:1507)
		at com.mchange.v2.resourcepool.BasicResourcePool.prelimCheckoutResource(BasicResourcePool.java:644)
		at com.mchange.v2.resourcepool.BasicResourcePool.checkoutResource(BasicResourcePool.java:554)
		at com.mchange.v2.c3p0.impl.C3P0PooledConnectionPool.checkoutAndMarkConnectionInUse(C3P0PooledConnectionPool.java:758)
		at com.mchange.v2.c3p0.impl.C3P0PooledConnectionPool.checkoutPooledConnection(C3P0PooledConnectionPool.java:685)
		... 91 more
	Caused by: com.microsoft.sqlserver.jdbc.SQLServerException: No se pudo realizar la conexión TCP/IP al host localhost, puerto 1433. Error: "Connection refused. Verifique las propiedades de conexión, compruebe que hay una instancia de SQL Server ejecutándose en el host y aceptando las conexiones TCP/IP en el puerto y compruebe que no hay ningún firewall bloqueando las conexiones TCP en el puerto.".
		at com.microsoft.sqlserver.jdbc.SQLServerException.makeFromDriverError(SQLServerException.java:242)
		at com.microsoft.sqlserver.jdbc.SQLServerException.convertConnectExceptionToSQLServerException(SQLServerException.java:308)
		at com.microsoft.sqlserver.jdbc.SocketFinder.findSocket(IOBuffer.java:2593)
		at com.microsoft.sqlserver.jdbc.TDSChannel.open(IOBuffer.java:721)
		at com.microsoft.sqlserver.jdbc.SQLServerConnection.connectHelper(SQLServerConnection.java:3768)
		at com.microsoft.sqlserver.jdbc.SQLServerConnection.login(SQLServerConnection.java:3385)
		at com.microsoft.sqlserver.jdbc.SQLServerConnection.connectInternal(SQLServerConnection.java:3194)
		at com.microsoft.sqlserver.jdbc.SQLServerConnection.connect(SQLServerConnection.java:1971)
		at com.microsoft.sqlserver.jdbc.SQLServerDriver.connect(SQLServerDriver.java:1263)
		at com.mchange.v2.c3p0.DriverManagerDataSource.getConnection(DriverManagerDataSource.java:175)
		at com.mchange.v2.c3p0.WrapperConnectionPoolDataSource.getPooledConnection(WrapperConnectionPoolDataSource.java:220)
		at com.mchange.v2.c3p0.WrapperConnectionPoolDataSource.getPooledConnection(WrapperConnectionPoolDataSource.java:206)
		at com.mchange.v2.c3p0.impl.C3P0PooledConnectionPool$1PooledConnectionResourcePoolManager.acquireResource(C3P0PooledConnectionPool.java:203)
		at com.mchange.v2.resourcepool.BasicResourcePool.doAcquire(BasicResourcePool.java:1176)
		at com.mchange.v2.resourcepool.BasicResourcePool.doAcquireAndDecrementPendingAcquiresWithinLockOnSuccess(BasicResourcePool.java:1163)
		at com.mchange.v2.resourcepool.BasicResourcePool.access$700(BasicResourcePool.java:44)
		at com.mchange.v2.resourcepool.BasicResourcePool$ScatteredAcquireTask.run(BasicResourcePool.java:1908)
		at com.mchange.v2.async.ThreadPoolAsynchronousRunner$PoolThread.run(ThreadPoolAsynchronousRunner.java:696)
02-Dec-2024 09:10:52.678 GRAVE [http-nio-8081-exec-3] org.apache.catalina.core.StandardWrapperValve.invoke Servlet.service() para servlet [default] lanzó excepción
	javax.persistence.PersistenceException: org.hibernate.exception.GenericJDBCException: Unable to acquire JDBC Connection
		at org.hibernate.internal.ExceptionConverterImpl.convert(ExceptionConverterImpl.java:154)
		at org.hibernate.query.internal.AbstractProducedQuery.list(AbstractProducedQuery.java:1626)
		at org.hibernate.query.Query.getResultList(Query.java:165)
		at org.hibernate.query.criteria.internal.compile.CriteriaQueryTypeQueryAdapter.getResultList(CriteriaQueryTypeQueryAdapter.java:76)
		at net.datenwerke.rs.utils.simplequery.byatt.QueryByAttProcessor.process(QueryByAttProcessor.java:103)
		at net.datenwerke.rs.utils.simplequery.byatt.QueryByAttInterceptor.invoke(QueryByAttInterceptor.java:24)
		at net.datenwerke.rs.terminal.service.terminal.vfs.hooks.TreeBasedVirtualFileSystem.getNodeByLocation(TreeBasedVirtualFileSystem.java:113)
		at net.datenwerke.rs.terminal.service.terminal.vfs.hooks.TreeBasedVirtualFileSystem.getLocation(TreeBasedVirtualFileSystem.java:57)
		at net.datenwerke.rs.terminal.service.terminal.vfs.VirtualFileSystemDeamon.getLocation(VirtualFileSystemDeamon.java:144)
		at net.datenwerke.rs.terminal.service.terminal.vfs.VirtualFileSystemDeamon.getAbsoluteLocation(VirtualFileSystemDeamon.java:106)
		at net.datenwerke.rs.terminal.service.terminal.vfs.VirtualFileSystemDeamon.getLocation(VirtualFileSystemDeamon.java:82)
		at net.datenwerke.rs.terminal.service.terminal.vfs.hookers.VfsObjectResolver.getParentLocation(VfsObjectResolver.java:84)
		at net.datenwerke.rs.terminal.service.terminal.vfs.hookers.VfsObjectResolver.consumes(VfsObjectResolver.java:26)
		at net.datenwerke.rs.terminal.service.terminal.objresolver.ObjectResolverDeamon.lambda$0(ObjectResolverDeamon.java:70)
		at java.base/java.util.stream.ReferencePipeline$2$1.accept(ReferencePipeline.java:178)
		at java.base/java.util.ArrayList$ArrayListSpliterator.forEachRemaining(ArrayList.java:1625)
		at java.base/java.util.stream.AbstractPipeline.copyInto(AbstractPipeline.java:509)
		at java.base/java.util.stream.AbstractPipeline.wrapAndCopyInto(AbstractPipeline.java:499)
		at java.base/java.util.stream.ReduceOps$ReduceOp.evaluateSequential(ReduceOps.java:921)
		at java.base/java.util.stream.AbstractPipeline.evaluate(AbstractPipeline.java:234)
		at java.base/java.util.stream.ReferencePipeline.collect(ReferencePipeline.java:682)
		at net.datenwerke.rs.terminal.service.terminal.objresolver.ObjectResolverDeamon.doGetObjects(ObjectResolverDeamon.java:87)
		at net.datenwerke.rs.terminal.service.terminal.objresolver.ObjectResolverDeamon.lambda$7(ObjectResolverDeamon.java:94)
		at net.datenwerke.rs.utils.exception.shared.LambdaExceptionUtil.lambda$3(LambdaExceptionUtil.java:104)
		at java.base/java.util.stream.ReferencePipeline$3$1.accept(ReferencePipeline.java:197)
		at java.base/java.util.Collections$2.tryAdvance(Collections.java:4853)
		at java.base/java.util.Collections$2.forEachRemaining(Collections.java:4861)
		at java.base/java.util.stream.AbstractPipeline.copyInto(AbstractPipeline.java:509)
		at java.base/java.util.stream.AbstractPipeline.wrapAndCopyInto(AbstractPipeline.java:499)
		at java.base/java.util.stream.ReduceOps$ReduceOp.evaluateSequential(ReduceOps.java:921)
		at java.base/java.util.stream.AbstractPipeline.evaluate(AbstractPipeline.java:234)
		at java.base/java.util.stream.ReferencePipeline.collect(ReferencePipeline.java:682)
		at net.datenwerke.rs.terminal.service.terminal.objresolver.ObjectResolverDeamon.getObjects(ObjectResolverDeamon.java:96)
		at net.datenwerke.rs.terminal.service.terminal.objresolver.ObjectResolverDeamon.getObjects(ObjectResolverDeamon.java:111)
		at net.datenwerke.rs.terminal.service.terminal.objresolver.ObjectResolverDeamon.getObjects(ObjectResolverDeamon.java:106)
		at org.codehaus.groovy.vmplugin.v8.IndyInterface.fromCache(IndyInterface.java:321)
		at net.datenwerke.rs.terminal.service.terminal.TerminalServiceImpl.getObjectsByQuery(TerminalServiceImpl.groovy:107)
		at org.codehaus.groovy.vmplugin.v8.IndyInterface.fromCache(IndyInterface.java:321)
		at net.datenwerke.rs.terminal.service.terminal.TerminalServiceImpl.getObjectByQuery(TerminalServiceImpl.groovy:117)
		at net.datenwerke.rs.fileserver.service.fileserver.FileServerServiceImpl.getNodeByPath(FileServerServiceImpl.java:78)
		at net.datenwerke.rs.fileserver.server.fileserver.IndexRedirectServlet.doGet(IndexRedirectServlet.java:53)
		at javax.servlet.http.HttpServlet.service(HttpServlet.java:529)
		at javax.servlet.http.HttpServlet.service(HttpServlet.java:623)
		at com.google.inject.servlet.ServletDefinition.doServiceImpl(ServletDefinition.java:290)
		at com.google.inject.servlet.ServletDefinition.doService(ServletDefinition.java:280)
		at com.google.inject.servlet.ServletDefinition.service(ServletDefinition.java:184)
		at com.google.inject.servlet.ManagedServletPipeline.service(ManagedServletPipeline.java:89)
		at com.google.inject.persist.PersistFilter.doFilter(PersistFilter.java:94)
		at com.google.inject.servlet.ManagedFilterPipeline.dispatch(ManagedFilterPipeline.java:121)
		at com.google.inject.servlet.GuiceFilter.doFilter(GuiceFilter.java:133)
		at org.apache.catalina.core.ApplicationFilterChain.internalDoFilter(ApplicationFilterChain.java:168)
		at org.apache.catalina.core.ApplicationFilterChain.doFilter(ApplicationFilterChain.java:144)
		at org.apache.catalina.core.StandardWrapperValve.invoke(StandardWrapperValve.java:168)
		at org.apache.catalina.core.StandardContextValve.invoke(StandardContextValve.java:90)
		at org.apache.catalina.authenticator.AuthenticatorBase.invoke(AuthenticatorBase.java:482)
		at org.apache.catalina.core.StandardHostValve.invoke(StandardHostValve.java:130)
		at org.apache.catalina.valves.ErrorReportValve.invoke(ErrorReportValve.java:93)
		at org.apache.catalina.valves.AbstractAccessLogValve.invoke(AbstractAccessLogValve.java:660)
		at org.apache.catalina.core.StandardEngineValve.invoke(StandardEngineValve.java:74)
		at org.apache.catalina.connector.CoyoteAdapter.service(CoyoteAdapter.java:346)
		at org.apache.coyote.http11.Http11Processor.service(Http11Processor.java:396)
		at org.apache.coyote.AbstractProcessorLight.process(AbstractProcessorLight.java:63)
		at org.apache.coyote.AbstractProtocol$ConnectionHandler.process(AbstractProtocol.java:937)
		at org.apache.tomcat.util.net.NioEndpoint$SocketProcessor.doRun(NioEndpoint.java:1791)
		at org.apache.tomcat.util.net.SocketProcessorBase.run(SocketProcessorBase.java:52)
		at org.apache.tomcat.util.threads.ThreadPoolExecutor.runWorker(ThreadPoolExecutor.java:1190)
		at org.apache.tomcat.util.threads.ThreadPoolExecutor$Worker.run(ThreadPoolExecutor.java:659)
		at org.apache.tomcat.util.threads.TaskThread$WrappingRunnable.run(TaskThread.java:63)
		at java.base/java.lang.Thread.run(Thread.java:833)
	Caused by: org.hibernate.exception.GenericJDBCException: Unable to acquire JDBC Connection
		at org.hibernate.exception.internal.StandardSQLExceptionConverter.convert(StandardSQLExceptionConverter.java:42)
		at org.hibernate.engine.jdbc.spi.SqlExceptionHelper.convert(SqlExceptionHelper.java:113)
		at org.hibernate.engine.jdbc.spi.SqlExceptionHelper.convert(SqlExceptionHelper.java:99)
		at org.hibernate.resource.jdbc.internal.LogicalConnectionManagedImpl.acquireConnectionIfNeeded(LogicalConnectionManagedImpl.java:111)
		at org.hibernate.resource.jdbc.internal.LogicalConnectionManagedImpl.getPhysicalConnection(LogicalConnectionManagedImpl.java:138)
		at org.hibernate.engine.jdbc.internal.StatementPreparerImpl.connection(StatementPreparerImpl.java:50)
		at org.hibernate.engine.jdbc.internal.StatementPreparerImpl$5.doPrepare(StatementPreparerImpl.java:149)
		at org.hibernate.engine.jdbc.internal.StatementPreparerImpl$StatementPreparationTemplate.prepareStatement(StatementPreparerImpl.java:176)
		at org.hibernate.engine.jdbc.internal.StatementPreparerImpl.prepareQueryStatement(StatementPreparerImpl.java:151)
		at org.hibernate.loader.Loader.prepareQueryStatement(Loader.java:2122)
		at org.hibernate.loader.Loader.executeQueryStatement(Loader.java:2059)
		at org.hibernate.loader.Loader.executeQueryStatement(Loader.java:2037)
		at org.hibernate.loader.Loader.doQuery(Loader.java:956)
		at org.hibernate.loader.Loader.doQueryAndInitializeNonLazyCollections(Loader.java:357)
		at org.hibernate.loader.Loader.doList(Loader.java:2868)
		at org.hibernate.loader.Loader.doList(Loader.java:2850)
		at org.hibernate.loader.Loader.listIgnoreQueryCache(Loader.java:2682)
		at org.hibernate.loader.Loader.list(Loader.java:2677)
		at org.hibernate.loader.hql.QueryLoader.list(QueryLoader.java:540)
		at org.hibernate.hql.internal.ast.QueryTranslatorImpl.list(QueryTranslatorImpl.java:400)
		at org.hibernate.engine.query.spi.HQLQueryPlan.performList(HQLQueryPlan.java:218)
		at org.hibernate.internal.SessionImpl.list(SessionImpl.java:1459)
		at org.hibernate.query.internal.AbstractProducedQuery.doList(AbstractProducedQuery.java:1649)
		at org.hibernate.query.internal.AbstractProducedQuery.list(AbstractProducedQuery.java:1617)
		... 67 more
	Caused by: java.sql.SQLException: Connections could not be acquired from the underlying database!
		at com.mchange.v2.sql.SqlUtils.toSQLException(SqlUtils.java:118)
		at com.mchange.v2.c3p0.impl.C3P0PooledConnectionPool.checkoutPooledConnection(C3P0PooledConnectionPool.java:692)
		at com.mchange.v2.c3p0.impl.AbstractPoolBackedDataSource.getConnection(AbstractPoolBackedDataSource.java:140)
		at org.hibernate.c3p0.internal.C3P0ConnectionProvider.getConnection(C3P0ConnectionProvider.java:72)
		at org.hibernate.internal.NonContextualJdbcConnectionAccess.obtainConnection(NonContextualJdbcConnectionAccess.java:38)
		at org.hibernate.resource.jdbc.internal.LogicalConnectionManagedImpl.acquireConnectionIfNeeded(LogicalConnectionManagedImpl.java:108)
		... 87 more
	Caused by: com.mchange.v2.resourcepool.CannotAcquireResourceException: A ResourcePool could not acquire a resource from its primary factory or source.
		at com.mchange.v2.resourcepool.BasicResourcePool.awaitAvailable(BasicResourcePool.java:1507)
		at com.mchange.v2.resourcepool.BasicResourcePool.prelimCheckoutResource(BasicResourcePool.java:644)
		at com.mchange.v2.resourcepool.BasicResourcePool.checkoutResource(BasicResourcePool.java:554)
		at com.mchange.v2.c3p0.impl.C3P0PooledConnectionPool.checkoutAndMarkConnectionInUse(C3P0PooledConnectionPool.java:758)
		at com.mchange.v2.c3p0.impl.C3P0PooledConnectionPool.checkoutPooledConnection(C3P0PooledConnectionPool.java:685)
		... 91 more
	Caused by: com.microsoft.sqlserver.jdbc.SQLServerException: No se pudo realizar la conexión TCP/IP al host localhost, puerto 1433. Error: "Connection refused. Verifique las propiedades de conexión, compruebe que hay una instancia de SQL Server ejecutándose en el host y aceptando las conexiones TCP/IP en el puerto y compruebe que no hay ningún firewall bloqueando las conexiones TCP en el puerto.".
		at com.microsoft.sqlserver.jdbc.SQLServerException.makeFromDriverError(SQLServerException.java:242)
		at com.microsoft.sqlserver.jdbc.SQLServerException.convertConnectExceptionToSQLServerException(SQLServerException.java:308)
		at com.microsoft.sqlserver.jdbc.SocketFinder.findSocket(IOBuffer.java:2593)
		at com.microsoft.sqlserver.jdbc.TDSChannel.open(IOBuffer.java:721)
		at com.microsoft.sqlserver.jdbc.SQLServerConnection.connectHelper(SQLServerConnection.java:3768)
		at com.microsoft.sqlserver.jdbc.SQLServerConnection.login(SQLServerConnection.java:3385)
		at com.microsoft.sqlserver.jdbc.SQLServerConnection.connectInternal(SQLServerConnection.java:3194)
		at com.microsoft.sqlserver.jdbc.SQLServerConnection.connect(SQLServerConnection.java:1971)
		at com.microsoft.sqlserver.jdbc.SQLServerDriver.connect(SQLServerDriver.java:1263)
		at com.mchange.v2.c3p0.DriverManagerDataSource.getConnection(DriverManagerDataSource.java:175)
		at com.mchange.v2.c3p0.WrapperConnectionPoolDataSource.getPooledConnection(WrapperConnectionPoolDataSource.java:220)
		at com.mchange.v2.c3p0.WrapperConnectionPoolDataSource.getPooledConnection(WrapperConnectionPoolDataSource.java:206)
		at com.mchange.v2.c3p0.impl.C3P0PooledConnectionPool$1PooledConnectionResourcePoolManager.acquireResource(C3P0PooledConnectionPool.java:203)
		at com.mchange.v2.resourcepool.BasicResourcePool.doAcquire(BasicResourcePool.java:1176)
		at com.mchange.v2.resourcepool.BasicResourcePool.doAcquireAndDecrementPendingAcquiresWithinLockOnSuccess(BasicResourcePool.java:1163)
		at com.mchange.v2.resourcepool.BasicResourcePool.access$700(BasicResourcePool.java:44)
		at com.mchange.v2.resourcepool.BasicResourcePool$ScatteredAcquireTask.run(BasicResourcePool.java:1908)
		at com.mchange.v2.async.ThreadPoolAsynchronousRunner$PoolThread.run(ThreadPoolAsynchronousRunner.java:696)
02-Dec-2024 09:10:58.709 GRAVE [http-nio-8081-exec-2] org.apache.catalina.core.StandardWrapperValve.invoke Servlet.service() para servlet [default] lanzó excepción
	javax.persistence.PersistenceException: org.hibernate.exception.GenericJDBCException: Unable to acquire JDBC Connection
		at org.hibernate.internal.ExceptionConverterImpl.convert(ExceptionConverterImpl.java:154)
		at org.hibernate.query.internal.AbstractProducedQuery.list(AbstractProducedQuery.java:1626)
		at org.hibernate.query.Query.getResultList(Query.java:165)
		at org.hibernate.query.criteria.internal.compile.CriteriaQueryTypeQueryAdapter.getResultList(CriteriaQueryTypeQueryAdapter.java:76)
		at net.datenwerke.rs.utils.simplequery.byatt.QueryByAttProcessor.process(QueryByAttProcessor.java:103)
		at net.datenwerke.rs.utils.simplequery.byatt.QueryByAttInterceptor.invoke(QueryByAttInterceptor.java:24)
		at net.datenwerke.rs.terminal.service.terminal.vfs.hooks.TreeBasedVirtualFileSystem.getNodeByLocation(TreeBasedVirtualFileSystem.java:113)
		at net.datenwerke.rs.terminal.service.terminal.vfs.hooks.TreeBasedVirtualFileSystem.getLocation(TreeBasedVirtualFileSystem.java:57)
		at net.datenwerke.rs.terminal.service.terminal.vfs.VirtualFileSystemDeamon.getLocation(VirtualFileSystemDeamon.java:144)
		at net.datenwerke.rs.terminal.service.terminal.vfs.VirtualFileSystemDeamon.getAbsoluteLocation(VirtualFileSystemDeamon.java:106)
		at net.datenwerke.rs.terminal.service.terminal.vfs.VirtualFileSystemDeamon.getLocation(VirtualFileSystemDeamon.java:82)
		at net.datenwerke.rs.terminal.service.terminal.vfs.hookers.VfsObjectResolver.getParentLocation(VfsObjectResolver.java:84)
		at net.datenwerke.rs.terminal.service.terminal.vfs.hookers.VfsObjectResolver.consumes(VfsObjectResolver.java:26)
		at net.datenwerke.rs.terminal.service.terminal.objresolver.ObjectResolverDeamon.lambda$0(ObjectResolverDeamon.java:70)
		at java.base/java.util.stream.ReferencePipeline$2$1.accept(ReferencePipeline.java:178)
		at java.base/java.util.ArrayList$ArrayListSpliterator.forEachRemaining(ArrayList.java:1625)
		at java.base/java.util.stream.AbstractPipeline.copyInto(AbstractPipeline.java:509)
		at java.base/java.util.stream.AbstractPipeline.wrapAndCopyInto(AbstractPipeline.java:499)
		at java.base/java.util.stream.ReduceOps$ReduceOp.evaluateSequential(ReduceOps.java:921)
		at java.base/java.util.stream.AbstractPipeline.evaluate(AbstractPipeline.java:234)
		at java.base/java.util.stream.ReferencePipeline.collect(ReferencePipeline.java:682)
		at net.datenwerke.rs.terminal.service.terminal.objresolver.ObjectResolverDeamon.doGetObjects(ObjectResolverDeamon.java:87)
		at net.datenwerke.rs.terminal.service.terminal.objresolver.ObjectResolverDeamon.lambda$7(ObjectResolverDeamon.java:94)
		at net.datenwerke.rs.utils.exception.shared.LambdaExceptionUtil.lambda$3(LambdaExceptionUtil.java:104)
		at java.base/java.util.stream.ReferencePipeline$3$1.accept(ReferencePipeline.java:197)
		at java.base/java.util.Collections$2.tryAdvance(Collections.java:4853)
		at java.base/java.util.Collections$2.forEachRemaining(Collections.java:4861)
		at java.base/java.util.stream.AbstractPipeline.copyInto(AbstractPipeline.java:509)
		at java.base/java.util.stream.AbstractPipeline.wrapAndCopyInto(AbstractPipeline.java:499)
		at java.base/java.util.stream.ReduceOps$ReduceOp.evaluateSequential(ReduceOps.java:921)
		at java.base/java.util.stream.AbstractPipeline.evaluate(AbstractPipeline.java:234)
		at java.base/java.util.stream.ReferencePipeline.collect(ReferencePipeline.java:682)
		at net.datenwerke.rs.terminal.service.terminal.objresolver.ObjectResolverDeamon.getObjects(ObjectResolverDeamon.java:96)
		at net.datenwerke.rs.terminal.service.terminal.objresolver.ObjectResolverDeamon.getObjects(ObjectResolverDeamon.java:111)
		at net.datenwerke.rs.terminal.service.terminal.objresolver.ObjectResolverDeamon.getObjects(ObjectResolverDeamon.java:106)
		at org.codehaus.groovy.vmplugin.v8.IndyInterface.fromCache(IndyInterface.java:321)
		at net.datenwerke.rs.terminal.service.terminal.TerminalServiceImpl.getObjectsByQuery(TerminalServiceImpl.groovy:107)
		at org.codehaus.groovy.vmplugin.v8.IndyInterface.fromCache(IndyInterface.java:321)
		at net.datenwerke.rs.terminal.service.terminal.TerminalServiceImpl.getObjectByQuery(TerminalServiceImpl.groovy:117)
		at net.datenwerke.rs.fileserver.service.fileserver.FileServerServiceImpl.getNodeByPath(FileServerServiceImpl.java:78)
		at net.datenwerke.rs.fileserver.server.fileserver.IndexRedirectServlet.doGet(IndexRedirectServlet.java:53)
		at javax.servlet.http.HttpServlet.service(HttpServlet.java:529)
		at javax.servlet.http.HttpServlet.service(HttpServlet.java:623)
		at com.google.inject.servlet.ServletDefinition.doServiceImpl(ServletDefinition.java:290)
		at com.google.inject.servlet.ServletDefinition.doService(ServletDefinition.java:280)
		at com.google.inject.servlet.ServletDefinition.service(ServletDefinition.java:184)
		at com.google.inject.servlet.ManagedServletPipeline.service(ManagedServletPipeline.java:89)
		at com.google.inject.persist.PersistFilter.doFilter(PersistFilter.java:94)
		at com.google.inject.servlet.ManagedFilterPipeline.dispatch(ManagedFilterPipeline.java:121)
		at com.google.inject.servlet.GuiceFilter.doFilter(GuiceFilter.java:133)
		at org.apache.catalina.core.ApplicationFilterChain.internalDoFilter(ApplicationFilterChain.java:168)
		at org.apache.catalina.core.ApplicationFilterChain.doFilter(ApplicationFilterChain.java:144)
		at org.apache.catalina.core.StandardWrapperValve.invoke(StandardWrapperValve.java:168)
		at org.apache.catalina.core.StandardContextValve.invoke(StandardContextValve.java:90)
		at org.apache.catalina.authenticator.AuthenticatorBase.invoke(AuthenticatorBase.java:482)
		at org.apache.catalina.core.StandardHostValve.invoke(StandardHostValve.java:130)
		at org.apache.catalina.valves.ErrorReportValve.invoke(ErrorReportValve.java:93)
		at org.apache.catalina.valves.AbstractAccessLogValve.invoke(AbstractAccessLogValve.java:660)
		at org.apache.catalina.core.StandardEngineValve.invoke(StandardEngineValve.java:74)
		at org.apache.catalina.connector.CoyoteAdapter.service(CoyoteAdapter.java:346)
		at org.apache.coyote.http11.Http11Processor.service(Http11Processor.java:396)
		at org.apache.coyote.AbstractProcessorLight.process(AbstractProcessorLight.java:63)
		at org.apache.coyote.AbstractProtocol$ConnectionHandler.process(AbstractProtocol.java:937)
		at org.apache.tomcat.util.net.NioEndpoint$SocketProcessor.doRun(NioEndpoint.java:1791)
		at org.apache.tomcat.util.net.SocketProcessorBase.run(SocketProcessorBase.java:52)
		at org.apache.tomcat.util.threads.ThreadPoolExecutor.runWorker(ThreadPoolExecutor.java:1190)
		at org.apache.tomcat.util.threads.ThreadPoolExecutor$Worker.run(ThreadPoolExecutor.java:659)
		at org.apache.tomcat.util.threads.TaskThread$WrappingRunnable.run(TaskThread.java:63)
		at java.base/java.lang.Thread.run(Thread.java:833)
	Caused by: org.hibernate.exception.GenericJDBCException: Unable to acquire JDBC Connection
		at org.hibernate.exception.internal.StandardSQLExceptionConverter.convert(StandardSQLExceptionConverter.java:42)
		at org.hibernate.engine.jdbc.spi.SqlExceptionHelper.convert(SqlExceptionHelper.java:113)
		at org.hibernate.engine.jdbc.spi.SqlExceptionHelper.convert(SqlExceptionHelper.java:99)
		at org.hibernate.resource.jdbc.internal.LogicalConnectionManagedImpl.acquireConnectionIfNeeded(LogicalConnectionManagedImpl.java:111)
		at org.hibernate.resource.jdbc.internal.LogicalConnectionManagedImpl.getPhysicalConnection(LogicalConnectionManagedImpl.java:138)
		at org.hibernate.engine.jdbc.internal.StatementPreparerImpl.connection(StatementPreparerImpl.java:50)
		at org.hibernate.engine.jdbc.internal.StatementPreparerImpl$5.doPrepare(StatementPreparerImpl.java:149)
		at org.hibernate.engine.jdbc.internal.StatementPreparerImpl$StatementPreparationTemplate.prepareStatement(StatementPreparerImpl.java:176)
		at org.hibernate.engine.jdbc.internal.StatementPreparerImpl.prepareQueryStatement(StatementPreparerImpl.java:151)
		at org.hibernate.loader.Loader.prepareQueryStatement(Loader.java:2122)
		at org.hibernate.loader.Loader.executeQueryStatement(Loader.java:2059)
		at org.hibernate.loader.Loader.executeQueryStatement(Loader.java:2037)
		at org.hibernate.loader.Loader.doQuery(Loader.java:956)
		at org.hibernate.loader.Loader.doQueryAndInitializeNonLazyCollections(Loader.java:357)
		at org.hibernate.loader.Loader.doList(Loader.java:2868)
		at org.hibernate.loader.Loader.doList(Loader.java:2850)
		at org.hibernate.loader.Loader.listIgnoreQueryCache(Loader.java:2682)
		at org.hibernate.loader.Loader.list(Loader.java:2677)
		at org.hibernate.loader.hql.QueryLoader.list(QueryLoader.java:540)
		at org.hibernate.hql.internal.ast.QueryTranslatorImpl.list(QueryTranslatorImpl.java:400)
		at org.hibernate.engine.query.spi.HQLQueryPlan.performList(HQLQueryPlan.java:218)
		at org.hibernate.internal.SessionImpl.list(SessionImpl.java:1459)
		at org.hibernate.query.internal.AbstractProducedQuery.doList(AbstractProducedQuery.java:1649)
		at org.hibernate.query.internal.AbstractProducedQuery.list(AbstractProducedQuery.java:1617)
		... 67 more
	Caused by: java.sql.SQLException: Connections could not be acquired from the underlying database!
		at com.mchange.v2.sql.SqlUtils.toSQLException(SqlUtils.java:118)
		at com.mchange.v2.c3p0.impl.C3P0PooledConnectionPool.checkoutPooledConnection(C3P0PooledConnectionPool.java:692)
		at com.mchange.v2.c3p0.impl.AbstractPoolBackedDataSource.getConnection(AbstractPoolBackedDataSource.java:140)
		at org.hibernate.c3p0.internal.C3P0ConnectionProvider.getConnection(C3P0ConnectionProvider.java:72)
		at org.hibernate.internal.NonContextualJdbcConnectionAccess.obtainConnection(NonContextualJdbcConnectionAccess.java:38)
		at org.hibernate.resource.jdbc.internal.LogicalConnectionManagedImpl.acquireConnectionIfNeeded(LogicalConnectionManagedImpl.java:108)
		... 87 more
	Caused by: com.mchange.v2.resourcepool.CannotAcquireResourceException: A ResourcePool could not acquire a resource from its primary factory or source.
		at com.mchange.v2.resourcepool.BasicResourcePool.awaitAvailable(BasicResourcePool.java:1507)
		at com.mchange.v2.resourcepool.BasicResourcePool.prelimCheckoutResource(BasicResourcePool.java:644)
		at com.mchange.v2.resourcepool.BasicResourcePool.checkoutResource(BasicResourcePool.java:554)
		at com.mchange.v2.c3p0.impl.C3P0PooledConnectionPool.checkoutAndMarkConnectionInUse(C3P0PooledConnectionPool.java:758)
		at com.mchange.v2.c3p0.impl.C3P0PooledConnectionPool.checkoutPooledConnection(C3P0PooledConnectionPool.java:685)
		... 91 more
	Caused by: com.microsoft.sqlserver.jdbc.SQLServerException: No se pudo realizar la conexión TCP/IP al host localhost, puerto 1433. Error: "Connection refused. Verifique las propiedades de conexión, compruebe que hay una instancia de SQL Server ejecutándose en el host y aceptando las conexiones TCP/IP en el puerto y compruebe que no hay ningún firewall bloqueando las conexiones TCP en el puerto.".
		at com.microsoft.sqlserver.jdbc.SQLServerException.makeFromDriverError(SQLServerException.java:242)
		at com.microsoft.sqlserver.jdbc.SQLServerException.convertConnectExceptionToSQLServerException(SQLServerException.java:308)
		at com.microsoft.sqlserver.jdbc.SocketFinder.findSocket(IOBuffer.java:2593)
		at com.microsoft.sqlserver.jdbc.TDSChannel.open(IOBuffer.java:721)
		at com.microsoft.sqlserver.jdbc.SQLServerConnection.connectHelper(SQLServerConnection.java:3768)
		at com.microsoft.sqlserver.jdbc.SQLServerConnection.login(SQLServerConnection.java:3385)
		at com.microsoft.sqlserver.jdbc.SQLServerConnection.connectInternal(SQLServerConnection.java:3194)
		at com.microsoft.sqlserver.jdbc.SQLServerConnection.connect(SQLServerConnection.java:1971)
		at com.microsoft.sqlserver.jdbc.SQLServerDriver.connect(SQLServerDriver.java:1263)
		at com.mchange.v2.c3p0.DriverManagerDataSource.getConnection(DriverManagerDataSource.java:175)
		at com.mchange.v2.c3p0.WrapperConnectionPoolDataSource.getPooledConnection(WrapperConnectionPoolDataSource.java:220)
		at com.mchange.v2.c3p0.WrapperConnectionPoolDataSource.getPooledConnection(WrapperConnectionPoolDataSource.java:206)
		at com.mchange.v2.c3p0.impl.C3P0PooledConnectionPool$1PooledConnectionResourcePoolManager.acquireResource(C3P0PooledConnectionPool.java:203)
		at com.mchange.v2.resourcepool.BasicResourcePool.doAcquire(BasicResourcePool.java:1176)
		at com.mchange.v2.resourcepool.BasicResourcePool.doAcquireAndDecrementPendingAcquiresWithinLockOnSuccess(BasicResourcePool.java:1163)
		at com.mchange.v2.resourcepool.BasicResourcePool.access$700(BasicResourcePool.java:44)
		at com.mchange.v2.resourcepool.BasicResourcePool$ScatteredAcquireTask.run(BasicResourcePool.java:1908)
		at com.mchange.v2.async.ThreadPoolAsynchronousRunner$PoolThread.run(ThreadPoolAsynchronousRunner.java:696)
02-Dec-2024 09:12:04.281 GRAVE [http-nio-8081-exec-2] org.apache.catalina.core.StandardWrapperValve.invoke Servlet.service() para servlet [default] lanzó excepción
	javax.persistence.PersistenceException: org.hibernate.exception.GenericJDBCException: Unable to acquire JDBC Connection
		at org.hibernate.internal.ExceptionConverterImpl.convert(ExceptionConverterImpl.java:154)
		at org.hibernate.query.internal.AbstractProducedQuery.list(AbstractProducedQuery.java:1626)
		at org.hibernate.query.Query.getResultList(Query.java:165)
		at org.hibernate.query.criteria.internal.compile.CriteriaQueryTypeQueryAdapter.getResultList(CriteriaQueryTypeQueryAdapter.java:76)
		at net.datenwerke.rs.utils.simplequery.byatt.QueryByAttProcessor.process(QueryByAttProcessor.java:103)
		at net.datenwerke.rs.utils.simplequery.byatt.QueryByAttInterceptor.invoke(QueryByAttInterceptor.java:24)
		at net.datenwerke.rs.terminal.service.terminal.vfs.hooks.TreeBasedVirtualFileSystem.getNodeByLocation(TreeBasedVirtualFileSystem.java:113)
		at net.datenwerke.rs.terminal.service.terminal.vfs.hooks.TreeBasedVirtualFileSystem.getLocation(TreeBasedVirtualFileSystem.java:57)
		at net.datenwerke.rs.terminal.service.terminal.vfs.VirtualFileSystemDeamon.getLocation(VirtualFileSystemDeamon.java:144)
		at net.datenwerke.rs.terminal.service.terminal.vfs.VirtualFileSystemDeamon.getAbsoluteLocation(VirtualFileSystemDeamon.java:106)
		at net.datenwerke.rs.terminal.service.terminal.vfs.VirtualFileSystemDeamon.getLocation(VirtualFileSystemDeamon.java:82)
		at net.datenwerke.rs.terminal.service.terminal.vfs.hookers.VfsObjectResolver.getParentLocation(VfsObjectResolver.java:84)
		at net.datenwerke.rs.terminal.service.terminal.vfs.hookers.VfsObjectResolver.consumes(VfsObjectResolver.java:26)
		at net.datenwerke.rs.terminal.service.terminal.objresolver.ObjectResolverDeamon.lambda$0(ObjectResolverDeamon.java:70)
		at java.base/java.util.stream.ReferencePipeline$2$1.accept(ReferencePipeline.java:178)
		at java.base/java.util.ArrayList$ArrayListSpliterator.forEachRemaining(ArrayList.java:1625)
		at java.base/java.util.stream.AbstractPipeline.copyInto(AbstractPipeline.java:509)
		at java.base/java.util.stream.AbstractPipeline.wrapAndCopyInto(AbstractPipeline.java:499)
		at java.base/java.util.stream.ReduceOps$ReduceOp.evaluateSequential(ReduceOps.java:921)
		at java.base/java.util.stream.AbstractPipeline.evaluate(AbstractPipeline.java:234)
		at java.base/java.util.stream.ReferencePipeline.collect(ReferencePipeline.java:682)
		at net.datenwerke.rs.terminal.service.terminal.objresolver.ObjectResolverDeamon.doGetObjects(ObjectResolverDeamon.java:87)
		at net.datenwerke.rs.terminal.service.terminal.objresolver.ObjectResolverDeamon.lambda$7(ObjectResolverDeamon.java:94)
		at net.datenwerke.rs.utils.exception.shared.LambdaExceptionUtil.lambda$3(LambdaExceptionUtil.java:104)
		at java.base/java.util.stream.ReferencePipeline$3$1.accept(ReferencePipeline.java:197)
		at java.base/java.util.Collections$2.tryAdvance(Collections.java:4853)
		at java.base/java.util.Collections$2.forEachRemaining(Collections.java:4861)
		at java.base/java.util.stream.AbstractPipeline.copyInto(AbstractPipeline.java:509)
		at java.base/java.util.stream.AbstractPipeline.wrapAndCopyInto(AbstractPipeline.java:499)
		at java.base/java.util.stream.ReduceOps$ReduceOp.evaluateSequential(ReduceOps.java:921)
		at java.base/java.util.stream.AbstractPipeline.evaluate(AbstractPipeline.java:234)
		at java.base/java.util.stream.ReferencePipeline.collect(ReferencePipeline.java:682)
		at net.datenwerke.rs.terminal.service.terminal.objresolver.ObjectResolverDeamon.getObjects(ObjectResolverDeamon.java:96)
		at net.datenwerke.rs.terminal.service.terminal.objresolver.ObjectResolverDeamon.getObjects(ObjectResolverDeamon.java:111)
		at net.datenwerke.rs.terminal.service.terminal.objresolver.ObjectResolverDeamon.getObjects(ObjectResolverDeamon.java:106)
		at org.codehaus.groovy.vmplugin.v8.IndyInterface.fromCache(IndyInterface.java:321)
		at net.datenwerke.rs.terminal.service.terminal.TerminalServiceImpl.getObjectsByQuery(TerminalServiceImpl.groovy:107)
		at org.codehaus.groovy.vmplugin.v8.IndyInterface.fromCache(IndyInterface.java:321)
		at net.datenwerke.rs.terminal.service.terminal.TerminalServiceImpl.getObjectByQuery(TerminalServiceImpl.groovy:117)
		at net.datenwerke.rs.fileserver.service.fileserver.FileServerServiceImpl.getNodeByPath(FileServerServiceImpl.java:78)
		at net.datenwerke.rs.fileserver.server.fileserver.IndexRedirectServlet.doGet(IndexRedirectServlet.java:53)
		at javax.servlet.http.HttpServlet.service(HttpServlet.java:529)
		at javax.servlet.http.HttpServlet.service(HttpServlet.java:623)
		at com.google.inject.servlet.ServletDefinition.doServiceImpl(ServletDefinition.java:290)
		at com.google.inject.servlet.ServletDefinition.doService(ServletDefinition.java:280)
		at com.google.inject.servlet.ServletDefinition.service(ServletDefinition.java:184)
		at com.google.inject.servlet.ManagedServletPipeline.service(ManagedServletPipeline.java:89)
		at com.google.inject.persist.PersistFilter.doFilter(PersistFilter.java:94)
		at com.google.inject.servlet.ManagedFilterPipeline.dispatch(ManagedFilterPipeline.java:121)
		at com.google.inject.servlet.GuiceFilter.doFilter(GuiceFilter.java:133)
		at org.apache.catalina.core.ApplicationFilterChain.internalDoFilter(ApplicationFilterChain.java:168)
		at org.apache.catalina.core.ApplicationFilterChain.doFilter(ApplicationFilterChain.java:144)
		at org.apache.catalina.core.StandardWrapperValve.invoke(StandardWrapperValve.java:168)
		at org.apache.catalina.core.StandardContextValve.invoke(StandardContextValve.java:90)
		at org.apache.catalina.authenticator.AuthenticatorBase.invoke(AuthenticatorBase.java:482)
		at org.apache.catalina.core.StandardHostValve.invoke(StandardHostValve.java:130)
		at org.apache.catalina.valves.ErrorReportValve.invoke(ErrorReportValve.java:93)
		at org.apache.catalina.valves.AbstractAccessLogValve.invoke(AbstractAccessLogValve.java:660)
		at org.apache.catalina.core.StandardEngineValve.invoke(StandardEngineValve.java:74)
		at org.apache.catalina.connector.CoyoteAdapter.service(CoyoteAdapter.java:346)
		at org.apache.coyote.http11.Http11Processor.service(Http11Processor.java:396)
		at org.apache.coyote.AbstractProcessorLight.process(AbstractProcessorLight.java:63)
		at org.apache.coyote.AbstractProtocol$ConnectionHandler.process(AbstractProtocol.java:937)
		at org.apache.tomcat.util.net.NioEndpoint$SocketProcessor.doRun(NioEndpoint.java:1791)
		at org.apache.tomcat.util.net.SocketProcessorBase.run(SocketProcessorBase.java:52)
		at org.apache.tomcat.util.threads.ThreadPoolExecutor.runWorker(ThreadPoolExecutor.java:1190)
		at org.apache.tomcat.util.threads.ThreadPoolExecutor$Worker.run(ThreadPoolExecutor.java:659)
		at org.apache.tomcat.util.threads.TaskThread$WrappingRunnable.run(TaskThread.java:63)
		at java.base/java.lang.Thread.run(Thread.java:833)
	Caused by: org.hibernate.exception.GenericJDBCException: Unable to acquire JDBC Connection
		at org.hibernate.exception.internal.StandardSQLExceptionConverter.convert(StandardSQLExceptionConverter.java:42)
		at org.hibernate.engine.jdbc.spi.SqlExceptionHelper.convert(SqlExceptionHelper.java:113)
		at org.hibernate.engine.jdbc.spi.SqlExceptionHelper.convert(SqlExceptionHelper.java:99)
		at org.hibernate.resource.jdbc.internal.LogicalConnectionManagedImpl.acquireConnectionIfNeeded(LogicalConnectionManagedImpl.java:111)
		at org.hibernate.resource.jdbc.internal.LogicalConnectionManagedImpl.getPhysicalConnection(LogicalConnectionManagedImpl.java:138)
		at org.hibernate.engine.jdbc.internal.StatementPreparerImpl.connection(StatementPreparerImpl.java:50)
		at org.hibernate.engine.jdbc.internal.StatementPreparerImpl$5.doPrepare(StatementPreparerImpl.java:149)
		at org.hibernate.engine.jdbc.internal.StatementPreparerImpl$StatementPreparationTemplate.prepareStatement(StatementPreparerImpl.java:176)
		at org.hibernate.engine.jdbc.internal.StatementPreparerImpl.prepareQueryStatement(StatementPreparerImpl.java:151)
		at org.hibernate.loader.Loader.prepareQueryStatement(Loader.java:2122)
		at org.hibernate.loader.Loader.executeQueryStatement(Loader.java:2059)
		at org.hibernate.loader.Loader.executeQueryStatement(Loader.java:2037)
		at org.hibernate.loader.Loader.doQuery(Loader.java:956)
		at org.hibernate.loader.Loader.doQueryAndInitializeNonLazyCollections(Loader.java:357)
		at org.hibernate.loader.Loader.doList(Loader.java:2868)
		at org.hibernate.loader.Loader.doList(Loader.java:2850)
		at org.hibernate.loader.Loader.listIgnoreQueryCache(Loader.java:2682)
		at org.hibernate.loader.Loader.list(Loader.java:2677)
		at org.hibernate.loader.hql.QueryLoader.list(QueryLoader.java:540)
		at org.hibernate.hql.internal.ast.QueryTranslatorImpl.list(QueryTranslatorImpl.java:400)
		at org.hibernate.engine.query.spi.HQLQueryPlan.performList(HQLQueryPlan.java:218)
		at org.hibernate.internal.SessionImpl.list(SessionImpl.java:1459)
		at org.hibernate.query.internal.AbstractProducedQuery.doList(AbstractProducedQuery.java:1649)
		at org.hibernate.query.internal.AbstractProducedQuery.list(AbstractProducedQuery.java:1617)
		... 67 more
	Caused by: java.sql.SQLException: Connections could not be acquired from the underlying database!
		at com.mchange.v2.sql.SqlUtils.toSQLException(SqlUtils.java:118)
		at com.mchange.v2.c3p0.impl.C3P0PooledConnectionPool.checkoutPooledConnection(C3P0PooledConnectionPool.java:692)
		at com.mchange.v2.c3p0.impl.AbstractPoolBackedDataSource.getConnection(AbstractPoolBackedDataSource.java:140)
		at org.hibernate.c3p0.internal.C3P0ConnectionProvider.getConnection(C3P0ConnectionProvider.java:72)
		at org.hibernate.internal.NonContextualJdbcConnectionAccess.obtainConnection(NonContextualJdbcConnectionAccess.java:38)
		at org.hibernate.resource.jdbc.internal.LogicalConnectionManagedImpl.acquireConnectionIfNeeded(LogicalConnectionManagedImpl.java:108)
		... 87 more
	Caused by: com.mchange.v2.resourcepool.CannotAcquireResourceException: A ResourcePool could not acquire a resource from its primary factory or source.
		at com.mchange.v2.resourcepool.BasicResourcePool.awaitAvailable(BasicResourcePool.java:1507)
		at com.mchange.v2.resourcepool.BasicResourcePool.prelimCheckoutResource(BasicResourcePool.java:644)
		at com.mchange.v2.resourcepool.BasicResourcePool.checkoutResource(BasicResourcePool.java:554)
		at com.mchange.v2.c3p0.impl.C3P0PooledConnectionPool.checkoutAndMarkConnectionInUse(C3P0PooledConnectionPool.java:758)
		at com.mchange.v2.c3p0.impl.C3P0PooledConnectionPool.checkoutPooledConnection(C3P0PooledConnectionPool.java:685)
		... 91 more
	Caused by: com.microsoft.sqlserver.jdbc.SQLServerException: No se pudo realizar la conexión TCP/IP al host localhost, puerto 1433. Error: "Connection refused. Verifique las propiedades de conexión, compruebe que hay una instancia de SQL Server ejecutándose en el host y aceptando las conexiones TCP/IP en el puerto y compruebe que no hay ningún firewall bloqueando las conexiones TCP en el puerto.".
		at com.microsoft.sqlserver.jdbc.SQLServerException.makeFromDriverError(SQLServerException.java:242)
		at com.microsoft.sqlserver.jdbc.SQLServerException.convertConnectExceptionToSQLServerException(SQLServerException.java:308)
		at com.microsoft.sqlserver.jdbc.SocketFinder.findSocket(IOBuffer.java:2593)
		at com.microsoft.sqlserver.jdbc.TDSChannel.open(IOBuffer.java:721)
		at com.microsoft.sqlserver.jdbc.SQLServerConnection.connectHelper(SQLServerConnection.java:3768)
		at com.microsoft.sqlserver.jdbc.SQLServerConnection.login(SQLServerConnection.java:3385)
		at com.microsoft.sqlserver.jdbc.SQLServerConnection.connectInternal(SQLServerConnection.java:3194)
		at com.microsoft.sqlserver.jdbc.SQLServerConnection.connect(SQLServerConnection.java:1971)
		at com.microsoft.sqlserver.jdbc.SQLServerDriver.connect(SQLServerDriver.java:1263)
		at com.mchange.v2.c3p0.DriverManagerDataSource.getConnection(DriverManagerDataSource.java:175)
		at com.mchange.v2.c3p0.WrapperConnectionPoolDataSource.getPooledConnection(WrapperConnectionPoolDataSource.java:220)
		at com.mchange.v2.c3p0.WrapperConnectionPoolDataSource.getPooledConnection(WrapperConnectionPoolDataSource.java:206)
		at com.mchange.v2.c3p0.impl.C3P0PooledConnectionPool$1PooledConnectionResourcePoolManager.acquireResource(C3P0PooledConnectionPool.java:203)
		at com.mchange.v2.resourcepool.BasicResourcePool.doAcquire(BasicResourcePool.java:1176)
		at com.mchange.v2.resourcepool.BasicResourcePool.doAcquireAndDecrementPendingAcquiresWithinLockOnSuccess(BasicResourcePool.java:1163)
		at com.mchange.v2.resourcepool.BasicResourcePool.access$700(BasicResourcePool.java:44)
		at com.mchange.v2.resourcepool.BasicResourcePool$ScatteredAcquireTask.run(BasicResourcePool.java:1908)
		at com.mchange.v2.async.ThreadPoolAsynchronousRunner$PoolThread.run(ThreadPoolAsynchronousRunner.java:696)
02-Dec-2024 09:12:35.207 GRAVE [http-nio-8081-exec-9] org.apache.catalina.core.StandardWrapperValve.invoke Servlet.service() para servlet [default] lanzó excepción
	javax.persistence.PersistenceException: org.hibernate.exception.GenericJDBCException: Unable to acquire JDBC Connection
		at org.hibernate.internal.ExceptionConverterImpl.convert(ExceptionConverterImpl.java:154)
		at org.hibernate.query.internal.AbstractProducedQuery.list(AbstractProducedQuery.java:1626)
		at org.hibernate.query.Query.getResultList(Query.java:165)
		at org.hibernate.query.criteria.internal.compile.CriteriaQueryTypeQueryAdapter.getResultList(CriteriaQueryTypeQueryAdapter.java:76)
		at net.datenwerke.rs.utils.simplequery.byatt.QueryByAttProcessor.process(QueryByAttProcessor.java:103)
		at net.datenwerke.rs.utils.simplequery.byatt.QueryByAttInterceptor.invoke(QueryByAttInterceptor.java:24)
		at net.datenwerke.rs.terminal.service.terminal.vfs.hooks.TreeBasedVirtualFileSystem.getNodeByLocation(TreeBasedVirtualFileSystem.java:113)
		at net.datenwerke.rs.terminal.service.terminal.vfs.hooks.TreeBasedVirtualFileSystem.getLocation(TreeBasedVirtualFileSystem.java:57)
		at net.datenwerke.rs.terminal.service.terminal.vfs.VirtualFileSystemDeamon.getLocation(VirtualFileSystemDeamon.java:144)
		at net.datenwerke.rs.terminal.service.terminal.vfs.VirtualFileSystemDeamon.getAbsoluteLocation(VirtualFileSystemDeamon.java:106)
		at net.datenwerke.rs.terminal.service.terminal.vfs.VirtualFileSystemDeamon.getLocation(VirtualFileSystemDeamon.java:82)
		at net.datenwerke.rs.terminal.service.terminal.vfs.hookers.VfsObjectResolver.getParentLocation(VfsObjectResolver.java:84)
		at net.datenwerke.rs.terminal.service.terminal.vfs.hookers.VfsObjectResolver.consumes(VfsObjectResolver.java:26)
		at net.datenwerke.rs.terminal.service.terminal.objresolver.ObjectResolverDeamon.lambda$0(ObjectResolverDeamon.java:70)
		at java.base/java.util.stream.ReferencePipeline$2$1.accept(ReferencePipeline.java:178)
		at java.base/java.util.ArrayList$ArrayListSpliterator.forEachRemaining(ArrayList.java:1625)
		at java.base/java.util.stream.AbstractPipeline.copyInto(AbstractPipeline.java:509)
		at java.base/java.util.stream.AbstractPipeline.wrapAndCopyInto(AbstractPipeline.java:499)
		at java.base/java.util.stream.ReduceOps$ReduceOp.evaluateSequential(ReduceOps.java:921)
		at java.base/java.util.stream.AbstractPipeline.evaluate(AbstractPipeline.java:234)
		at java.base/java.util.stream.ReferencePipeline.collect(ReferencePipeline.java:682)
		at net.datenwerke.rs.terminal.service.terminal.objresolver.ObjectResolverDeamon.doGetObjects(ObjectResolverDeamon.java:87)
		at net.datenwerke.rs.terminal.service.terminal.objresolver.ObjectResolverDeamon.lambda$7(ObjectResolverDeamon.java:94)
		at net.datenwerke.rs.utils.exception.shared.LambdaExceptionUtil.lambda$3(LambdaExceptionUtil.java:104)
		at java.base/java.util.stream.ReferencePipeline$3$1.accept(ReferencePipeline.java:197)
		at java.base/java.util.Collections$2.tryAdvance(Collections.java:4853)
		at java.base/java.util.Collections$2.forEachRemaining(Collections.java:4861)
		at java.base/java.util.stream.AbstractPipeline.copyInto(AbstractPipeline.java:509)
		at java.base/java.util.stream.AbstractPipeline.wrapAndCopyInto(AbstractPipeline.java:499)
		at java.base/java.util.stream.ReduceOps$ReduceOp.evaluateSequential(ReduceOps.java:921)
		at java.base/java.util.stream.AbstractPipeline.evaluate(AbstractPipeline.java:234)
		at java.base/java.util.stream.ReferencePipeline.collect(ReferencePipeline.java:682)
		at net.datenwerke.rs.terminal.service.terminal.objresolver.ObjectResolverDeamon.getObjects(ObjectResolverDeamon.java:96)
		at net.datenwerke.rs.terminal.service.terminal.objresolver.ObjectResolverDeamon.getObjects(ObjectResolverDeamon.java:111)
		at net.datenwerke.rs.terminal.service.terminal.objresolver.ObjectResolverDeamon.getObjects(ObjectResolverDeamon.java:106)
		at org.codehaus.groovy.vmplugin.v8.IndyInterface.fromCache(IndyInterface.java:321)
		at net.datenwerke.rs.terminal.service.terminal.TerminalServiceImpl.getObjectsByQuery(TerminalServiceImpl.groovy:107)
		at org.codehaus.groovy.vmplugin.v8.IndyInterface.fromCache(IndyInterface.java:321)
		at net.datenwerke.rs.terminal.service.terminal.TerminalServiceImpl.getObjectByQuery(TerminalServiceImpl.groovy:117)
		at net.datenwerke.rs.fileserver.service.fileserver.FileServerServiceImpl.getNodeByPath(FileServerServiceImpl.java:78)
		at net.datenwerke.rs.fileserver.server.fileserver.IndexRedirectServlet.doGet(IndexRedirectServlet.java:53)
		at javax.servlet.http.HttpServlet.service(HttpServlet.java:529)
		at javax.servlet.http.HttpServlet.service(HttpServlet.java:623)
		at com.google.inject.servlet.ServletDefinition.doServiceImpl(ServletDefinition.java:290)
		at com.google.inject.servlet.ServletDefinition.doService(ServletDefinition.java:280)
		at com.google.inject.servlet.ServletDefinition.service(ServletDefinition.java:184)
		at com.google.inject.servlet.ManagedServletPipeline.service(ManagedServletPipeline.java:89)
		at com.google.inject.persist.PersistFilter.doFilter(PersistFilter.java:94)
		at com.google.inject.servlet.ManagedFilterPipeline.dispatch(ManagedFilterPipeline.java:121)
		at com.google.inject.servlet.GuiceFilter.doFilter(GuiceFilter.java:133)
		at org.apache.catalina.core.ApplicationFilterChain.internalDoFilter(ApplicationFilterChain.java:168)
		at org.apache.catalina.core.ApplicationFilterChain.doFilter(ApplicationFilterChain.java:144)
		at org.apache.catalina.core.StandardWrapperValve.invoke(StandardWrapperValve.java:168)
		at org.apache.catalina.core.StandardContextValve.invoke(StandardContextValve.java:90)
		at org.apache.catalina.authenticator.AuthenticatorBase.invoke(AuthenticatorBase.java:482)
		at org.apache.catalina.core.StandardHostValve.invoke(StandardHostValve.java:130)
		at org.apache.catalina.valves.ErrorReportValve.invoke(ErrorReportValve.java:93)
		at org.apache.catalina.valves.AbstractAccessLogValve.invoke(AbstractAccessLogValve.java:660)
		at org.apache.catalina.core.StandardEngineValve.invoke(StandardEngineValve.java:74)
		at org.apache.catalina.connector.CoyoteAdapter.service(CoyoteAdapter.java:346)
		at org.apache.coyote.http11.Http11Processor.service(Http11Processor.java:396)
		at org.apache.coyote.AbstractProcessorLight.process(AbstractProcessorLight.java:63)
		at org.apache.coyote.AbstractProtocol$ConnectionHandler.process(AbstractProtocol.java:937)
		at org.apache.tomcat.util.net.NioEndpoint$SocketProcessor.doRun(NioEndpoint.java:1791)
		at org.apache.tomcat.util.net.SocketProcessorBase.run(SocketProcessorBase.java:52)
		at org.apache.tomcat.util.threads.ThreadPoolExecutor.runWorker(ThreadPoolExecutor.java:1190)
		at org.apache.tomcat.util.threads.ThreadPoolExecutor$Worker.run(ThreadPoolExecutor.java:659)
		at org.apache.tomcat.util.threads.TaskThread$WrappingRunnable.run(TaskThread.java:63)
		at java.base/java.lang.Thread.run(Thread.java:833)
	Caused by: org.hibernate.exception.GenericJDBCException: Unable to acquire JDBC Connection
		at org.hibernate.exception.internal.StandardSQLExceptionConverter.convert(StandardSQLExceptionConverter.java:42)
		at org.hibernate.engine.jdbc.spi.SqlExceptionHelper.convert(SqlExceptionHelper.java:113)
		at org.hibernate.engine.jdbc.spi.SqlExceptionHelper.convert(SqlExceptionHelper.java:99)
		at org.hibernate.resource.jdbc.internal.LogicalConnectionManagedImpl.acquireConnectionIfNeeded(LogicalConnectionManagedImpl.java:111)
		at org.hibernate.resource.jdbc.internal.LogicalConnectionManagedImpl.getPhysicalConnection(LogicalConnectionManagedImpl.java:138)
		at org.hibernate.engine.jdbc.internal.StatementPreparerImpl.connection(StatementPreparerImpl.java:50)
		at org.hibernate.engine.jdbc.internal.StatementPreparerImpl$5.doPrepare(StatementPreparerImpl.java:149)
		at org.hibernate.engine.jdbc.internal.StatementPreparerImpl$StatementPreparationTemplate.prepareStatement(StatementPreparerImpl.java:176)
		at org.hibernate.engine.jdbc.internal.StatementPreparerImpl.prepareQueryStatement(StatementPreparerImpl.java:151)
		at org.hibernate.loader.Loader.prepareQueryStatement(Loader.java:2122)
		at org.hibernate.loader.Loader.executeQueryStatement(Loader.java:2059)
		at org.hibernate.loader.Loader.executeQueryStatement(Loader.java:2037)
		at org.hibernate.loader.Loader.doQuery(Loader.java:956)
		at org.hibernate.loader.Loader.doQueryAndInitializeNonLazyCollections(Loader.java:357)
		at org.hibernate.loader.Loader.doList(Loader.java:2868)
		at org.hibernate.loader.Loader.doList(Loader.java:2850)
		at org.hibernate.loader.Loader.listIgnoreQueryCache(Loader.java:2682)
		at org.hibernate.loader.Loader.list(Loader.java:2677)
		at org.hibernate.loader.hql.QueryLoader.list(QueryLoader.java:540)
		at org.hibernate.hql.internal.ast.QueryTranslatorImpl.list(QueryTranslatorImpl.java:400)
		at org.hibernate.engine.query.spi.HQLQueryPlan.performList(HQLQueryPlan.java:218)
		at org.hibernate.internal.SessionImpl.list(SessionImpl.java:1459)
		at org.hibernate.query.internal.AbstractProducedQuery.doList(AbstractProducedQuery.java:1649)
		at org.hibernate.query.internal.AbstractProducedQuery.list(AbstractProducedQuery.java:1617)
		... 67 more
	Caused by: java.sql.SQLException: Connections could not be acquired from the underlying database!
		at com.mchange.v2.sql.SqlUtils.toSQLException(SqlUtils.java:118)
		at com.mchange.v2.c3p0.impl.C3P0PooledConnectionPool.checkoutPooledConnection(C3P0PooledConnectionPool.java:692)
		at com.mchange.v2.c3p0.impl.AbstractPoolBackedDataSource.getConnection(AbstractPoolBackedDataSource.java:140)
		at org.hibernate.c3p0.internal.C3P0ConnectionProvider.getConnection(C3P0ConnectionProvider.java:72)
		at org.hibernate.internal.NonContextualJdbcConnectionAccess.obtainConnection(NonContextualJdbcConnectionAccess.java:38)
		at org.hibernate.resource.jdbc.internal.LogicalConnectionManagedImpl.acquireConnectionIfNeeded(LogicalConnectionManagedImpl.java:108)
		... 87 more
	Caused by: com.mchange.v2.resourcepool.CannotAcquireResourceException: A ResourcePool could not acquire a resource from its primary factory or source.
		at com.mchange.v2.resourcepool.BasicResourcePool.awaitAvailable(BasicResourcePool.java:1507)
		at com.mchange.v2.resourcepool.BasicResourcePool.prelimCheckoutResource(BasicResourcePool.java:644)
		at com.mchange.v2.resourcepool.BasicResourcePool.checkoutResource(BasicResourcePool.java:554)
		at com.mchange.v2.c3p0.impl.C3P0PooledConnectionPool.checkoutAndMarkConnectionInUse(C3P0PooledConnectionPool.java:758)
		at com.mchange.v2.c3p0.impl.C3P0PooledConnectionPool.checkoutPooledConnection(C3P0PooledConnectionPool.java:685)
		... 91 more
	Caused by: com.microsoft.sqlserver.jdbc.SQLServerException: No se pudo realizar la conexión TCP/IP al host localhost, puerto 1433. Error: "Connection refused. Verifique las propiedades de conexión, compruebe que hay una instancia de SQL Server ejecutándose en el host y aceptando las conexiones TCP/IP en el puerto y compruebe que no hay ningún firewall bloqueando las conexiones TCP en el puerto.".
		at com.microsoft.sqlserver.jdbc.SQLServerException.makeFromDriverError(SQLServerException.java:242)
		at com.microsoft.sqlserver.jdbc.SQLServerException.convertConnectExceptionToSQLServerException(SQLServerException.java:308)
		at com.microsoft.sqlserver.jdbc.SocketFinder.findSocket(IOBuffer.java:2593)
		at com.microsoft.sqlserver.jdbc.TDSChannel.open(IOBuffer.java:721)
		at com.microsoft.sqlserver.jdbc.SQLServerConnection.connectHelper(SQLServerConnection.java:3768)
		at com.microsoft.sqlserver.jdbc.SQLServerConnection.login(SQLServerConnection.java:3385)
		at com.microsoft.sqlserver.jdbc.SQLServerConnection.connectInternal(SQLServerConnection.java:3194)
		at com.microsoft.sqlserver.jdbc.SQLServerConnection.connect(SQLServerConnection.java:1971)
		at com.microsoft.sqlserver.jdbc.SQLServerDriver.connect(SQLServerDriver.java:1263)
		at com.mchange.v2.c3p0.DriverManagerDataSource.getConnection(DriverManagerDataSource.java:175)
		at com.mchange.v2.c3p0.WrapperConnectionPoolDataSource.getPooledConnection(WrapperConnectionPoolDataSource.java:220)
		at com.mchange.v2.c3p0.WrapperConnectionPoolDataSource.getPooledConnection(WrapperConnectionPoolDataSource.java:206)
		at com.mchange.v2.c3p0.impl.C3P0PooledConnectionPool$1PooledConnectionResourcePoolManager.acquireResource(C3P0PooledConnectionPool.java:203)
		at com.mchange.v2.resourcepool.BasicResourcePool.doAcquire(BasicResourcePool.java:1176)
		at com.mchange.v2.resourcepool.BasicResourcePool.doAcquireAndDecrementPendingAcquiresWithinLockOnSuccess(BasicResourcePool.java:1163)
		at com.mchange.v2.resourcepool.BasicResourcePool.access$700(BasicResourcePool.java:44)
		at com.mchange.v2.resourcepool.BasicResourcePool$ScatteredAcquireTask.run(BasicResourcePool.java:1908)
		at com.mchange.v2.async.ThreadPoolAsynchronousRunner$PoolThread.run(ThreadPoolAsynchronousRunner.java:696)
02-Dec-2024 09:31:56.550 GRAVE [http-nio-8081-exec-5] org.apache.catalina.core.StandardWrapperValve.invoke Servlet.service() para servlet [default] lanzó excepción
	javax.persistence.PersistenceException: org.hibernate.exception.GenericJDBCException: Unable to acquire JDBC Connection
		at org.hibernate.internal.ExceptionConverterImpl.convert(ExceptionConverterImpl.java:154)
		at org.hibernate.query.internal.AbstractProducedQuery.list(AbstractProducedQuery.java:1626)
		at org.hibernate.query.Query.getResultList(Query.java:165)
		at org.hibernate.query.criteria.internal.compile.CriteriaQueryTypeQueryAdapter.getResultList(CriteriaQueryTypeQueryAdapter.java:76)
		at net.datenwerke.rs.utils.simplequery.byatt.QueryByAttProcessor.process(QueryByAttProcessor.java:103)
		at net.datenwerke.rs.utils.simplequery.byatt.QueryByAttInterceptor.invoke(QueryByAttInterceptor.java:24)
		at net.datenwerke.rs.terminal.service.terminal.vfs.hooks.TreeBasedVirtualFileSystem.getNodeByLocation(TreeBasedVirtualFileSystem.java:113)
		at net.datenwerke.rs.terminal.service.terminal.vfs.hooks.TreeBasedVirtualFileSystem.getLocation(TreeBasedVirtualFileSystem.java:57)
		at net.datenwerke.rs.terminal.service.terminal.vfs.VirtualFileSystemDeamon.getLocation(VirtualFileSystemDeamon.java:144)
		at net.datenwerke.rs.terminal.service.terminal.vfs.VirtualFileSystemDeamon.getAbsoluteLocation(VirtualFileSystemDeamon.java:106)
		at net.datenwerke.rs.terminal.service.terminal.vfs.VirtualFileSystemDeamon.getLocation(VirtualFileSystemDeamon.java:82)
		at net.datenwerke.rs.terminal.service.terminal.vfs.hookers.VfsObjectResolver.getParentLocation(VfsObjectResolver.java:84)
		at net.datenwerke.rs.terminal.service.terminal.vfs.hookers.VfsObjectResolver.consumes(VfsObjectResolver.java:26)
		at net.datenwerke.rs.terminal.service.terminal.objresolver.ObjectResolverDeamon.lambda$0(ObjectResolverDeamon.java:70)
		at java.base/java.util.stream.ReferencePipeline$2$1.accept(ReferencePipeline.java:178)
		at java.base/java.util.ArrayList$ArrayListSpliterator.forEachRemaining(ArrayList.java:1625)
		at java.base/java.util.stream.AbstractPipeline.copyInto(AbstractPipeline.java:509)
		at java.base/java.util.stream.AbstractPipeline.wrapAndCopyInto(AbstractPipeline.java:499)
		at java.base/java.util.stream.ReduceOps$ReduceOp.evaluateSequential(ReduceOps.java:921)
		at java.base/java.util.stream.AbstractPipeline.evaluate(AbstractPipeline.java:234)
		at java.base/java.util.stream.ReferencePipeline.collect(ReferencePipeline.java:682)
		at net.datenwerke.rs.terminal.service.terminal.objresolver.ObjectResolverDeamon.doGetObjects(ObjectResolverDeamon.java:87)
		at net.datenwerke.rs.terminal.service.terminal.objresolver.ObjectResolverDeamon.lambda$7(ObjectResolverDeamon.java:94)
		at net.datenwerke.rs.utils.exception.shared.LambdaExceptionUtil.lambda$3(LambdaExceptionUtil.java:104)
		at java.base/java.util.stream.ReferencePipeline$3$1.accept(ReferencePipeline.java:197)
		at java.base/java.util.Collections$2.tryAdvance(Collections.java:4853)
		at java.base/java.util.Collections$2.forEachRemaining(Collections.java:4861)
		at java.base/java.util.stream.AbstractPipeline.copyInto(AbstractPipeline.java:509)
		at java.base/java.util.stream.AbstractPipeline.wrapAndCopyInto(AbstractPipeline.java:499)
		at java.base/java.util.stream.ReduceOps$ReduceOp.evaluateSequential(ReduceOps.java:921)
		at java.base/java.util.stream.AbstractPipeline.evaluate(AbstractPipeline.java:234)
		at java.base/java.util.stream.ReferencePipeline.collect(ReferencePipeline.java:682)
		at net.datenwerke.rs.terminal.service.terminal.objresolver.ObjectResolverDeamon.getObjects(ObjectResolverDeamon.java:96)
		at net.datenwerke.rs.terminal.service.terminal.objresolver.ObjectResolverDeamon.getObjects(ObjectResolverDeamon.java:111)
		at net.datenwerke.rs.terminal.service.terminal.objresolver.ObjectResolverDeamon.getObjects(ObjectResolverDeamon.java:106)
		at org.codehaus.groovy.vmplugin.v8.IndyInterface.fromCache(IndyInterface.java:321)
		at net.datenwerke.rs.terminal.service.terminal.TerminalServiceImpl.getObjectsByQuery(TerminalServiceImpl.groovy:107)
		at org.codehaus.groovy.vmplugin.v8.IndyInterface.fromCache(IndyInterface.java:321)
		at net.datenwerke.rs.terminal.service.terminal.TerminalServiceImpl.getObjectByQuery(TerminalServiceImpl.groovy:117)
		at net.datenwerke.rs.fileserver.service.fileserver.FileServerServiceImpl.getNodeByPath(FileServerServiceImpl.java:78)
		at net.datenwerke.rs.fileserver.server.fileserver.IndexRedirectServlet.doGet(IndexRedirectServlet.java:53)
		at javax.servlet.http.HttpServlet.service(HttpServlet.java:529)
		at javax.servlet.http.HttpServlet.service(HttpServlet.java:623)
		at com.google.inject.servlet.ServletDefinition.doServiceImpl(ServletDefinition.java:290)
		at com.google.inject.servlet.ServletDefinition.doService(ServletDefinition.java:280)
		at com.google.inject.servlet.ServletDefinition.service(ServletDefinition.java:184)
		at com.google.inject.servlet.ManagedServletPipeline.service(ManagedServletPipeline.java:89)
		at com.google.inject.persist.PersistFilter.doFilter(PersistFilter.java:94)
		at com.google.inject.servlet.ManagedFilterPipeline.dispatch(ManagedFilterPipeline.java:121)
		at com.google.inject.servlet.GuiceFilter.doFilter(GuiceFilter.java:133)
		at org.apache.catalina.core.ApplicationFilterChain.internalDoFilter(ApplicationFilterChain.java:168)
		at org.apache.catalina.core.ApplicationFilterChain.doFilter(ApplicationFilterChain.java:144)
		at org.apache.catalina.core.StandardWrapperValve.invoke(StandardWrapperValve.java:168)
		at org.apache.catalina.core.StandardContextValve.invoke(StandardContextValve.java:90)
		at org.apache.catalina.authenticator.AuthenticatorBase.invoke(AuthenticatorBase.java:482)
		at org.apache.catalina.core.StandardHostValve.invoke(StandardHostValve.java:130)
		at org.apache.catalina.valves.ErrorReportValve.invoke(ErrorReportValve.java:93)
		at org.apache.catalina.valves.AbstractAccessLogValve.invoke(AbstractAccessLogValve.java:660)
		at org.apache.catalina.core.StandardEngineValve.invoke(StandardEngineValve.java:74)
		at org.apache.catalina.connector.CoyoteAdapter.service(CoyoteAdapter.java:346)
		at org.apache.coyote.http11.Http11Processor.service(Http11Processor.java:396)
		at org.apache.coyote.AbstractProcessorLight.process(AbstractProcessorLight.java:63)
		at org.apache.coyote.AbstractProtocol$ConnectionHandler.process(AbstractProtocol.java:937)
		at org.apache.tomcat.util.net.NioEndpoint$SocketProcessor.doRun(NioEndpoint.java:1791)
		at org.apache.tomcat.util.net.SocketProcessorBase.run(SocketProcessorBase.java:52)
		at org.apache.tomcat.util.threads.ThreadPoolExecutor.runWorker(ThreadPoolExecutor.java:1190)
		at org.apache.tomcat.util.threads.ThreadPoolExecutor$Worker.run(ThreadPoolExecutor.java:659)
		at org.apache.tomcat.util.threads.TaskThread$WrappingRunnable.run(TaskThread.java:63)
		at java.base/java.lang.Thread.run(Thread.java:833)
	Caused by: org.hibernate.exception.GenericJDBCException: Unable to acquire JDBC Connection
		at org.hibernate.exception.internal.StandardSQLExceptionConverter.convert(StandardSQLExceptionConverter.java:42)
		at org.hibernate.engine.jdbc.spi.SqlExceptionHelper.convert(SqlExceptionHelper.java:113)
		at org.hibernate.engine.jdbc.spi.SqlExceptionHelper.convert(SqlExceptionHelper.java:99)
		at org.hibernate.resource.jdbc.internal.LogicalConnectionManagedImpl.acquireConnectionIfNeeded(LogicalConnectionManagedImpl.java:111)
		at org.hibernate.resource.jdbc.internal.LogicalConnectionManagedImpl.getPhysicalConnection(LogicalConnectionManagedImpl.java:138)
		at org.hibernate.engine.jdbc.internal.StatementPreparerImpl.connection(StatementPreparerImpl.java:50)
		at org.hibernate.engine.jdbc.internal.StatementPreparerImpl$5.doPrepare(StatementPreparerImpl.java:149)
		at org.hibernate.engine.jdbc.internal.StatementPreparerImpl$StatementPreparationTemplate.prepareStatement(StatementPreparerImpl.java:176)
		at org.hibernate.engine.jdbc.internal.StatementPreparerImpl.prepareQueryStatement(StatementPreparerImpl.java:151)
		at org.hibernate.loader.Loader.prepareQueryStatement(Loader.java:2122)
		at org.hibernate.loader.Loader.executeQueryStatement(Loader.java:2059)
		at org.hibernate.loader.Loader.executeQueryStatement(Loader.java:2037)
		at org.hibernate.loader.Loader.doQuery(Loader.java:956)
		at org.hibernate.loader.Loader.doQueryAndInitializeNonLazyCollections(Loader.java:357)
		at org.hibernate.loader.Loader.doList(Loader.java:2868)
		at org.hibernate.loader.Loader.doList(Loader.java:2850)
		at org.hibernate.loader.Loader.listIgnoreQueryCache(Loader.java:2682)
		at org.hibernate.loader.Loader.list(Loader.java:2677)
		at org.hibernate.loader.hql.QueryLoader.list(QueryLoader.java:540)
		at org.hibernate.hql.internal.ast.QueryTranslatorImpl.list(QueryTranslatorImpl.java:400)
		at org.hibernate.engine.query.spi.HQLQueryPlan.performList(HQLQueryPlan.java:218)
		at org.hibernate.internal.SessionImpl.list(SessionImpl.java:1459)
		at org.hibernate.query.internal.AbstractProducedQuery.doList(AbstractProducedQuery.java:1649)
		at org.hibernate.query.internal.AbstractProducedQuery.list(AbstractProducedQuery.java:1617)
		... 67 more
	Caused by: java.sql.SQLException: Connections could not be acquired from the underlying database!
		at com.mchange.v2.sql.SqlUtils.toSQLException(SqlUtils.java:118)
		at com.mchange.v2.c3p0.impl.C3P0PooledConnectionPool.checkoutPooledConnection(C3P0PooledConnectionPool.java:692)
		at com.mchange.v2.c3p0.impl.AbstractPoolBackedDataSource.getConnection(AbstractPoolBackedDataSource.java:140)
		at org.hibernate.c3p0.internal.C3P0ConnectionProvider.getConnection(C3P0ConnectionProvider.java:72)
		at org.hibernate.internal.NonContextualJdbcConnectionAccess.obtainConnection(NonContextualJdbcConnectionAccess.java:38)
		at org.hibernate.resource.jdbc.internal.LogicalConnectionManagedImpl.acquireConnectionIfNeeded(LogicalConnectionManagedImpl.java:108)
		... 87 more
	Caused by: com.mchange.v2.resourcepool.CannotAcquireResourceException: A ResourcePool could not acquire a resource from its primary factory or source.
		at com.mchange.v2.resourcepool.BasicResourcePool.awaitAvailable(BasicResourcePool.java:1507)
		at com.mchange.v2.resourcepool.BasicResourcePool.prelimCheckoutResource(BasicResourcePool.java:644)
		at com.mchange.v2.resourcepool.BasicResourcePool.checkoutResource(BasicResourcePool.java:554)
		at com.mchange.v2.c3p0.impl.C3P0PooledConnectionPool.checkoutAndMarkConnectionInUse(C3P0PooledConnectionPool.java:758)
		at com.mchange.v2.c3p0.impl.C3P0PooledConnectionPool.checkoutPooledConnection(C3P0PooledConnectionPool.java:685)
		... 91 more
	Caused by: com.microsoft.sqlserver.jdbc.SQLServerException: No se pudo realizar la conexión TCP/IP al host localhost, puerto 1433. Error: "Connection refused. Verifique las propiedades de conexión, compruebe que hay una instancia de SQL Server ejecutándose en el host y aceptando las conexiones TCP/IP en el puerto y compruebe que no hay ningún firewall bloqueando las conexiones TCP en el puerto.".
		at com.microsoft.sqlserver.jdbc.SQLServerException.makeFromDriverError(SQLServerException.java:242)
		at com.microsoft.sqlserver.jdbc.SQLServerException.convertConnectExceptionToSQLServerException(SQLServerException.java:308)
		at com.microsoft.sqlserver.jdbc.SocketFinder.findSocket(IOBuffer.java:2593)
		at com.microsoft.sqlserver.jdbc.TDSChannel.open(IOBuffer.java:721)
		at com.microsoft.sqlserver.jdbc.SQLServerConnection.connectHelper(SQLServerConnection.java:3768)
		at com.microsoft.sqlserver.jdbc.SQLServerConnection.login(SQLServerConnection.java:3385)
		at com.microsoft.sqlserver.jdbc.SQLServerConnection.connectInternal(SQLServerConnection.java:3194)
		at com.microsoft.sqlserver.jdbc.SQLServerConnection.connect(SQLServerConnection.java:1971)
		at com.microsoft.sqlserver.jdbc.SQLServerDriver.connect(SQLServerDriver.java:1263)
		at com.mchange.v2.c3p0.DriverManagerDataSource.getConnection(DriverManagerDataSource.java:175)
		at com.mchange.v2.c3p0.WrapperConnectionPoolDataSource.getPooledConnection(WrapperConnectionPoolDataSource.java:220)
		at com.mchange.v2.c3p0.WrapperConnectionPoolDataSource.getPooledConnection(WrapperConnectionPoolDataSource.java:206)
		at com.mchange.v2.c3p0.impl.C3P0PooledConnectionPool$1PooledConnectionResourcePoolManager.acquireResource(C3P0PooledConnectionPool.java:203)
		at com.mchange.v2.resourcepool.BasicResourcePool.doAcquire(BasicResourcePool.java:1176)
		at com.mchange.v2.resourcepool.BasicResourcePool.doAcquireAndDecrementPendingAcquiresWithinLockOnSuccess(BasicResourcePool.java:1163)
		at com.mchange.v2.resourcepool.BasicResourcePool.access$700(BasicResourcePool.java:44)
		at com.mchange.v2.resourcepool.BasicResourcePool$ScatteredAcquireTask.run(BasicResourcePool.java:1908)
		at com.mchange.v2.async.ThreadPoolAsynchronousRunner$PoolThread.run(ThreadPoolAsynchronousRunner.java:696)
02-Dec-2024 09:32:27.866 GRAVE [http-nio-8081-exec-1] org.apache.catalina.core.StandardWrapperValve.invoke Servlet.service() para servlet [default] lanzó excepción
	javax.persistence.PersistenceException: org.hibernate.exception.GenericJDBCException: Unable to acquire JDBC Connection
		at org.hibernate.internal.ExceptionConverterImpl.convert(ExceptionConverterImpl.java:154)
		at org.hibernate.query.internal.AbstractProducedQuery.list(AbstractProducedQuery.java:1626)
		at org.hibernate.query.Query.getResultList(Query.java:165)
		at org.hibernate.query.criteria.internal.compile.CriteriaQueryTypeQueryAdapter.getResultList(CriteriaQueryTypeQueryAdapter.java:76)
		at net.datenwerke.rs.utils.simplequery.byatt.QueryByAttProcessor.process(QueryByAttProcessor.java:103)
		at net.datenwerke.rs.utils.simplequery.byatt.QueryByAttInterceptor.invoke(QueryByAttInterceptor.java:24)
		at net.datenwerke.rs.terminal.service.terminal.vfs.hooks.TreeBasedVirtualFileSystem.getNodeByLocation(TreeBasedVirtualFileSystem.java:113)
		at net.datenwerke.rs.terminal.service.terminal.vfs.hooks.TreeBasedVirtualFileSystem.getLocation(TreeBasedVirtualFileSystem.java:57)
		at net.datenwerke.rs.terminal.service.terminal.vfs.VirtualFileSystemDeamon.getLocation(VirtualFileSystemDeamon.java:144)
		at net.datenwerke.rs.terminal.service.terminal.vfs.VirtualFileSystemDeamon.getAbsoluteLocation(VirtualFileSystemDeamon.java:106)
		at net.datenwerke.rs.terminal.service.terminal.vfs.VirtualFileSystemDeamon.getLocation(VirtualFileSystemDeamon.java:82)
		at net.datenwerke.rs.terminal.service.terminal.vfs.hookers.VfsObjectResolver.getParentLocation(VfsObjectResolver.java:84)
		at net.datenwerke.rs.terminal.service.terminal.vfs.hookers.VfsObjectResolver.consumes(VfsObjectResolver.java:26)
		at net.datenwerke.rs.terminal.service.terminal.objresolver.ObjectResolverDeamon.lambda$0(ObjectResolverDeamon.java:70)
		at java.base/java.util.stream.ReferencePipeline$2$1.accept(ReferencePipeline.java:178)
		at java.base/java.util.ArrayList$ArrayListSpliterator.forEachRemaining(ArrayList.java:1625)
		at java.base/java.util.stream.AbstractPipeline.copyInto(AbstractPipeline.java:509)
		at java.base/java.util.stream.AbstractPipeline.wrapAndCopyInto(AbstractPipeline.java:499)
		at java.base/java.util.stream.ReduceOps$ReduceOp.evaluateSequential(ReduceOps.java:921)
		at java.base/java.util.stream.AbstractPipeline.evaluate(AbstractPipeline.java:234)
		at java.base/java.util.stream.ReferencePipeline.collect(ReferencePipeline.java:682)
		at net.datenwerke.rs.terminal.service.terminal.objresolver.ObjectResolverDeamon.doGetObjects(ObjectResolverDeamon.java:87)
		at net.datenwerke.rs.terminal.service.terminal.objresolver.ObjectResolverDeamon.lambda$7(ObjectResolverDeamon.java:94)
		at net.datenwerke.rs.utils.exception.shared.LambdaExceptionUtil.lambda$3(LambdaExceptionUtil.java:104)
		at java.base/java.util.stream.ReferencePipeline$3$1.accept(ReferencePipeline.java:197)
		at java.base/java.util.Collections$2.tryAdvance(Collections.java:4853)
		at java.base/java.util.Collections$2.forEachRemaining(Collections.java:4861)
		at java.base/java.util.stream.AbstractPipeline.copyInto(AbstractPipeline.java:509)
		at java.base/java.util.stream.AbstractPipeline.wrapAndCopyInto(AbstractPipeline.java:499)
		at java.base/java.util.stream.ReduceOps$ReduceOp.evaluateSequential(ReduceOps.java:921)
		at java.base/java.util.stream.AbstractPipeline.evaluate(AbstractPipeline.java:234)
		at java.base/java.util.stream.ReferencePipeline.collect(ReferencePipeline.java:682)
		at net.datenwerke.rs.terminal.service.terminal.objresolver.ObjectResolverDeamon.getObjects(ObjectResolverDeamon.java:96)
		at net.datenwerke.rs.terminal.service.terminal.objresolver.ObjectResolverDeamon.getObjects(ObjectResolverDeamon.java:111)
		at net.datenwerke.rs.terminal.service.terminal.objresolver.ObjectResolverDeamon.getObjects(ObjectResolverDeamon.java:106)
		at org.codehaus.groovy.vmplugin.v8.IndyInterface.fromCache(IndyInterface.java:321)
		at net.datenwerke.rs.terminal.service.terminal.TerminalServiceImpl.getObjectsByQuery(TerminalServiceImpl.groovy:107)
		at org.codehaus.groovy.vmplugin.v8.IndyInterface.fromCache(IndyInterface.java:321)
		at net.datenwerke.rs.terminal.service.terminal.TerminalServiceImpl.getObjectByQuery(TerminalServiceImpl.groovy:117)
		at net.datenwerke.rs.fileserver.service.fileserver.FileServerServiceImpl.getNodeByPath(FileServerServiceImpl.java:78)
		at net.datenwerke.rs.fileserver.server.fileserver.IndexRedirectServlet.doGet(IndexRedirectServlet.java:53)
		at javax.servlet.http.HttpServlet.service(HttpServlet.java:529)
		at javax.servlet.http.HttpServlet.service(HttpServlet.java:623)
		at com.google.inject.servlet.ServletDefinition.doServiceImpl(ServletDefinition.java:290)
		at com.google.inject.servlet.ServletDefinition.doService(ServletDefinition.java:280)
		at com.google.inject.servlet.ServletDefinition.service(ServletDefinition.java:184)
		at com.google.inject.servlet.ManagedServletPipeline.service(ManagedServletPipeline.java:89)
		at com.google.inject.persist.PersistFilter.doFilter(PersistFilter.java:94)
		at com.google.inject.servlet.ManagedFilterPipeline.dispatch(ManagedFilterPipeline.java:121)
		at com.google.inject.servlet.GuiceFilter.doFilter(GuiceFilter.java:133)
		at org.apache.catalina.core.ApplicationFilterChain.internalDoFilter(ApplicationFilterChain.java:168)
		at org.apache.catalina.core.ApplicationFilterChain.doFilter(ApplicationFilterChain.java:144)
		at org.apache.catalina.core.StandardWrapperValve.invoke(StandardWrapperValve.java:168)
		at org.apache.catalina.core.StandardContextValve.invoke(StandardContextValve.java:90)
		at org.apache.catalina.authenticator.AuthenticatorBase.invoke(AuthenticatorBase.java:482)
		at org.apache.catalina.core.StandardHostValve.invoke(StandardHostValve.java:130)
		at org.apache.catalina.valves.ErrorReportValve.invoke(ErrorReportValve.java:93)
		at org.apache.catalina.valves.AbstractAccessLogValve.invoke(AbstractAccessLogValve.java:660)
		at org.apache.catalina.core.StandardEngineValve.invoke(StandardEngineValve.java:74)
		at org.apache.catalina.connector.CoyoteAdapter.service(CoyoteAdapter.java:346)
		at org.apache.coyote.http11.Http11Processor.service(Http11Processor.java:396)
		at org.apache.coyote.AbstractProcessorLight.process(AbstractProcessorLight.java:63)
		at org.apache.coyote.AbstractProtocol$ConnectionHandler.process(AbstractProtocol.java:937)
		at org.apache.tomcat.util.net.NioEndpoint$SocketProcessor.doRun(NioEndpoint.java:1791)
		at org.apache.tomcat.util.net.SocketProcessorBase.run(SocketProcessorBase.java:52)
		at org.apache.tomcat.util.threads.ThreadPoolExecutor.runWorker(ThreadPoolExecutor.java:1190)
		at org.apache.tomcat.util.threads.ThreadPoolExecutor$Worker.run(ThreadPoolExecutor.java:659)
		at org.apache.tomcat.util.threads.TaskThread$WrappingRunnable.run(TaskThread.java:63)
		at java.base/java.lang.Thread.run(Thread.java:833)
	Caused by: org.hibernate.exception.GenericJDBCException: Unable to acquire JDBC Connection
		at org.hibernate.exception.internal.StandardSQLExceptionConverter.convert(StandardSQLExceptionConverter.java:42)
		at org.hibernate.engine.jdbc.spi.SqlExceptionHelper.convert(SqlExceptionHelper.java:113)
		at org.hibernate.engine.jdbc.spi.SqlExceptionHelper.convert(SqlExceptionHelper.java:99)
		at org.hibernate.resource.jdbc.internal.LogicalConnectionManagedImpl.acquireConnectionIfNeeded(LogicalConnectionManagedImpl.java:111)
		at org.hibernate.resource.jdbc.internal.LogicalConnectionManagedImpl.getPhysicalConnection(LogicalConnectionManagedImpl.java:138)
		at org.hibernate.engine.jdbc.internal.StatementPreparerImpl.connection(StatementPreparerImpl.java:50)
		at org.hibernate.engine.jdbc.internal.StatementPreparerImpl$5.doPrepare(StatementPreparerImpl.java:149)
		at org.hibernate.engine.jdbc.internal.StatementPreparerImpl$StatementPreparationTemplate.prepareStatement(StatementPreparerImpl.java:176)
		at org.hibernate.engine.jdbc.internal.StatementPreparerImpl.prepareQueryStatement(StatementPreparerImpl.java:151)
		at org.hibernate.loader.Loader.prepareQueryStatement(Loader.java:2122)
		at org.hibernate.loader.Loader.executeQueryStatement(Loader.java:2059)
		at org.hibernate.loader.Loader.executeQueryStatement(Loader.java:2037)
		at org.hibernate.loader.Loader.doQuery(Loader.java:956)
		at org.hibernate.loader.Loader.doQueryAndInitializeNonLazyCollections(Loader.java:357)
		at org.hibernate.loader.Loader.doList(Loader.java:2868)
		at org.hibernate.loader.Loader.doList(Loader.java:2850)
		at org.hibernate.loader.Loader.listIgnoreQueryCache(Loader.java:2682)
		at org.hibernate.loader.Loader.list(Loader.java:2677)
		at org.hibernate.loader.hql.QueryLoader.list(QueryLoader.java:540)
		at org.hibernate.hql.internal.ast.QueryTranslatorImpl.list(QueryTranslatorImpl.java:400)
		at org.hibernate.engine.query.spi.HQLQueryPlan.performList(HQLQueryPlan.java:218)
		at org.hibernate.internal.SessionImpl.list(SessionImpl.java:1459)
		at org.hibernate.query.internal.AbstractProducedQuery.doList(AbstractProducedQuery.java:1649)
		at org.hibernate.query.internal.AbstractProducedQuery.list(AbstractProducedQuery.java:1617)
		... 67 more
	Caused by: java.sql.SQLException: Connections could not be acquired from the underlying database!
		at com.mchange.v2.sql.SqlUtils.toSQLException(SqlUtils.java:118)
		at com.mchange.v2.c3p0.impl.C3P0PooledConnectionPool.checkoutPooledConnection(C3P0PooledConnectionPool.java:692)
		at com.mchange.v2.c3p0.impl.AbstractPoolBackedDataSource.getConnection(AbstractPoolBackedDataSource.java:140)
		at org.hibernate.c3p0.internal.C3P0ConnectionProvider.getConnection(C3P0ConnectionProvider.java:72)
		at org.hibernate.internal.NonContextualJdbcConnectionAccess.obtainConnection(NonContextualJdbcConnectionAccess.java:38)
		at org.hibernate.resource.jdbc.internal.LogicalConnectionManagedImpl.acquireConnectionIfNeeded(LogicalConnectionManagedImpl.java:108)
		... 87 more
	Caused by: com.mchange.v2.resourcepool.CannotAcquireResourceException: A ResourcePool could not acquire a resource from its primary factory or source.
		at com.mchange.v2.resourcepool.BasicResourcePool.awaitAvailable(BasicResourcePool.java:1507)
		at com.mchange.v2.resourcepool.BasicResourcePool.prelimCheckoutResource(BasicResourcePool.java:644)
		at com.mchange.v2.resourcepool.BasicResourcePool.checkoutResource(BasicResourcePool.java:554)
		at com.mchange.v2.c3p0.impl.C3P0PooledConnectionPool.checkoutAndMarkConnectionInUse(C3P0PooledConnectionPool.java:758)
		at com.mchange.v2.c3p0.impl.C3P0PooledConnectionPool.checkoutPooledConnection(C3P0PooledConnectionPool.java:685)
		... 91 more
	Caused by: com.microsoft.sqlserver.jdbc.SQLServerException: No se pudo realizar la conexión TCP/IP al host localhost, puerto 1433. Error: "Connection refused. Verifique las propiedades de conexión, compruebe que hay una instancia de SQL Server ejecutándose en el host y aceptando las conexiones TCP/IP en el puerto y compruebe que no hay ningún firewall bloqueando las conexiones TCP en el puerto.".
		at com.microsoft.sqlserver.jdbc.SQLServerException.makeFromDriverError(SQLServerException.java:242)
		at com.microsoft.sqlserver.jdbc.SQLServerException.convertConnectExceptionToSQLServerException(SQLServerException.java:308)
		at com.microsoft.sqlserver.jdbc.SocketFinder.findSocket(IOBuffer.java:2593)
		at com.microsoft.sqlserver.jdbc.TDSChannel.open(IOBuffer.java:721)
		at com.microsoft.sqlserver.jdbc.SQLServerConnection.connectHelper(SQLServerConnection.java:3768)
		at com.microsoft.sqlserver.jdbc.SQLServerConnection.login(SQLServerConnection.java:3385)
		at com.microsoft.sqlserver.jdbc.SQLServerConnection.connectInternal(SQLServerConnection.java:3194)
		at com.microsoft.sqlserver.jdbc.SQLServerConnection.connect(SQLServerConnection.java:1971)
		at com.microsoft.sqlserver.jdbc.SQLServerDriver.connect(SQLServerDriver.java:1263)
		at com.mchange.v2.c3p0.DriverManagerDataSource.getConnection(DriverManagerDataSource.java:175)
		at com.mchange.v2.c3p0.WrapperConnectionPoolDataSource.getPooledConnection(WrapperConnectionPoolDataSource.java:220)
		at com.mchange.v2.c3p0.WrapperConnectionPoolDataSource.getPooledConnection(WrapperConnectionPoolDataSource.java:206)
		at com.mchange.v2.c3p0.impl.C3P0PooledConnectionPool$1PooledConnectionResourcePoolManager.acquireResource(C3P0PooledConnectionPool.java:203)
		at com.mchange.v2.resourcepool.BasicResourcePool.doAcquire(BasicResourcePool.java:1176)
		at com.mchange.v2.resourcepool.BasicResourcePool.doAcquireAndDecrementPendingAcquiresWithinLockOnSuccess(BasicResourcePool.java:1163)
		at com.mchange.v2.resourcepool.BasicResourcePool.access$700(BasicResourcePool.java:44)
		at com.mchange.v2.resourcepool.BasicResourcePool$ScatteredAcquireTask.run(BasicResourcePool.java:1908)
		at com.mchange.v2.async.ThreadPoolAsynchronousRunner$PoolThread.run(ThreadPoolAsynchronousRunner.java:696)
02-Dec-2024 10:04:57.216 GRAVE [Catalina-utility-2] org.apache.catalina.core.StandardContext.loadOnStartup Servlet [Jersey REST Service] in web application [/reportserver] threw load() exception
	java.lang.ClassNotFoundException: com.sun.jersey.spi.container.servlet.ServletContainer
		at org.apache.catalina.loader.WebappClassLoaderBase.loadClass(WebappClassLoaderBase.java:1339)
		at org.apache.catalina.loader.WebappClassLoaderBase.loadClass(WebappClassLoaderBase.java:1148)
		at org.apache.catalina.core.DefaultInstanceManager.loadClass(DefaultInstanceManager.java:488)
		at org.apache.catalina.core.DefaultInstanceManager.loadClassMaybePrivileged(DefaultInstanceManager.java:470)
		at org.apache.catalina.core.DefaultInstanceManager.newInstance(DefaultInstanceManager.java:142)
		at org.apache.catalina.core.StandardWrapper.loadServlet(StandardWrapper.java:898)
		at org.apache.catalina.core.StandardWrapper.load(StandardWrapper.java:838)
		at org.apache.catalina.core.StandardContext.loadOnStartup(StandardContext.java:4193)
		at org.apache.catalina.core.StandardContext.startInternal(StandardContext.java:4494)
		at org.apache.catalina.util.LifecycleBase.start(LifecycleBase.java:164)
		at org.apache.catalina.core.StandardContext.reload(StandardContext.java:3225)
		at org.apache.catalina.startup.HostConfig.reload(HostConfig.java:1415)
		at org.apache.catalina.startup.HostConfig.checkResources(HostConfig.java:1390)
		at org.apache.catalina.startup.HostConfig.check(HostConfig.java:1620)
		at org.apache.catalina.startup.HostConfig.lifecycleEvent(HostConfig.java:308)
		at org.apache.catalina.util.LifecycleBase.fireLifecycleEvent(LifecycleBase.java:109)
		at org.apache.catalina.core.ContainerBase.backgroundProcess(ContainerBase.java:973)
		at org.apache.catalina.core.ContainerBase$ContainerBackgroundProcessor.processChildren(ContainerBase.java:1172)
		at org.apache.catalina.core.ContainerBase$ContainerBackgroundProcessor.processChildren(ContainerBase.java:1176)
		at org.apache.catalina.core.ContainerBase$ContainerBackgroundProcessor.run(ContainerBase.java:1154)
		at java.base/java.util.concurrent.Executors$RunnableAdapter.call(Executors.java:539)
		at java.base/java.util.concurrent.FutureTask.runAndReset(FutureTask.java:305)
		at java.base/java.util.concurrent.ScheduledThreadPoolExecutor$ScheduledFutureTask.run(ScheduledThreadPoolExecutor.java:305)
		at java.base/java.util.concurrent.ThreadPoolExecutor.runWorker(ThreadPoolExecutor.java:1136)
		at java.base/java.util.concurrent.ThreadPoolExecutor$Worker.run(ThreadPoolExecutor.java:635)
		at org.apache.tomcat.util.threads.TaskThread$WrappingRunnable.run(TaskThread.java:63)
		at java.base/java.lang.Thread.run(Thread.java:833)
02-Dec-2024 10:04:57.407 INFORMACIÓN [main] org.apache.catalina.core.ApplicationContext.log SessionListener: contextDestroyed()
02-Dec-2024 10:04:57.408 INFORMACIÓN [main] org.apache.catalina.core.ApplicationContext.log ContextListener: contextDestroyed()
02-Dec-2024 10:06:01.803 GRAVE [main] org.apache.catalina.core.StandardContext.loadOnStartup Servlet [Jersey REST Service] in web application [/reportserver] threw load() exception
	java.lang.ClassNotFoundException: com.sun.jersey.spi.container.servlet.ServletContainer
		at org.apache.catalina.loader.WebappClassLoaderBase.loadClass(WebappClassLoaderBase.java:1339)
		at org.apache.catalina.loader.WebappClassLoaderBase.loadClass(WebappClassLoaderBase.java:1148)
		at org.apache.catalina.core.DefaultInstanceManager.loadClass(DefaultInstanceManager.java:488)
		at org.apache.catalina.core.DefaultInstanceManager.loadClassMaybePrivileged(DefaultInstanceManager.java:470)
		at org.apache.catalina.core.DefaultInstanceManager.newInstance(DefaultInstanceManager.java:142)
		at org.apache.catalina.core.StandardWrapper.loadServlet(StandardWrapper.java:898)
		at org.apache.catalina.core.StandardWrapper.load(StandardWrapper.java:838)
		at org.apache.catalina.core.StandardContext.loadOnStartup(StandardContext.java:4193)
		at org.apache.catalina.core.StandardContext.startInternal(StandardContext.java:4494)
		at org.apache.catalina.util.LifecycleBase.start(LifecycleBase.java:164)
		at org.apache.catalina.core.ContainerBase.addChildInternal(ContainerBase.java:599)
		at org.apache.catalina.core.ContainerBase.addChild(ContainerBase.java:571)
		at org.apache.catalina.core.StandardHost.addChild(StandardHost.java:603)
		at org.apache.catalina.startup.HostConfig.deployDirectory(HostConfig.java:1175)
		at org.apache.catalina.startup.HostConfig$DeployDirectory.run(HostConfig.java:1888)
		at java.base/java.util.concurrent.Executors$RunnableAdapter.call(Executors.java:539)
		at java.base/java.util.concurrent.FutureTask.run(FutureTask.java:264)
		at org.apache.tomcat.util.threads.InlineExecutorService.execute(InlineExecutorService.java:75)
		at java.base/java.util.concurrent.AbstractExecutorService.submit(AbstractExecutorService.java:123)
		at org.apache.catalina.startup.HostConfig.deployDirectories(HostConfig.java:1086)
		at org.apache.catalina.startup.HostConfig.deployApps(HostConfig.java:470)
		at org.apache.catalina.startup.HostConfig.start(HostConfig.java:1584)
		at org.apache.catalina.startup.HostConfig.lifecycleEvent(HostConfig.java:312)
		at org.apache.catalina.util.LifecycleBase.fireLifecycleEvent(LifecycleBase.java:109)
		at org.apache.catalina.util.LifecycleBase.setStateInternal(LifecycleBase.java:389)
		at org.apache.catalina.util.LifecycleBase.setState(LifecycleBase.java:336)
		at org.apache.catalina.core.ContainerBase.startInternal(ContainerBase.java:776)
		at org.apache.catalina.core.StandardHost.startInternal(StandardHost.java:721)
		at org.apache.catalina.util.LifecycleBase.start(LifecycleBase.java:164)
		at org.apache.catalina.core.ContainerBase$StartChild.call(ContainerBase.java:1203)
		at org.apache.catalina.core.ContainerBase$StartChild.call(ContainerBase.java:1193)
		at java.base/java.util.concurrent.FutureTask.run(FutureTask.java:264)
		at org.apache.tomcat.util.threads.InlineExecutorService.execute(InlineExecutorService.java:75)
		at java.base/java.util.concurrent.AbstractExecutorService.submit(AbstractExecutorService.java:145)
		at org.apache.catalina.core.ContainerBase.startInternal(ContainerBase.java:749)
		at org.apache.catalina.core.StandardEngine.startInternal(StandardEngine.java:211)
		at org.apache.catalina.util.LifecycleBase.start(LifecycleBase.java:164)
		at org.apache.catalina.core.StandardService.startInternal(StandardService.java:415)
		at org.apache.catalina.util.LifecycleBase.start(LifecycleBase.java:164)
		at org.apache.catalina.core.StandardServer.startInternal(StandardServer.java:874)
		at org.apache.catalina.util.LifecycleBase.start(LifecycleBase.java:164)
		at org.apache.catalina.startup.Catalina.start(Catalina.java:735)
		at java.base/jdk.internal.reflect.NativeMethodAccessorImpl.invoke0(Native Method)
		at java.base/jdk.internal.reflect.NativeMethodAccessorImpl.invoke(NativeMethodAccessorImpl.java:77)
		at java.base/jdk.internal.reflect.DelegatingMethodAccessorImpl.invoke(DelegatingMethodAccessorImpl.java:43)
		at java.base/java.lang.reflect.Method.invoke(Method.java:568)
		at org.apache.catalina.startup.Bootstrap.start(Bootstrap.java:345)
		at org.apache.catalina.startup.Bootstrap.main(Bootstrap.java:473)
02-Dec-2024 10:06:07.192 INFORMACIÓN [main] org.apache.catalina.core.ApplicationContext.log ContextListener: contextInitialized()
02-Dec-2024 10:06:07.193 INFORMACIÓN [main] org.apache.catalina.core.ApplicationContext.log SessionListener: contextInitialized()
02-Dec-2024 10:06:07.195 INFORMACIÓN [main] org.apache.catalina.core.ApplicationContext.log ContextListener: attributeAdded('StockTicker', 'async.Stockticker@689c1349')
02-Dec-2024 10:11:45.121 GRAVE [main] org.apache.catalina.core.StandardContext.loadOnStartup Servlet [Jersey REST Service] in web application [/reportserver] threw load() exception
	java.lang.ClassNotFoundException: com.sun.jersey.spi.container.servlet.ServletContainer
		at org.apache.catalina.loader.WebappClassLoaderBase.loadClass(WebappClassLoaderBase.java:1339)
		at org.apache.catalina.loader.WebappClassLoaderBase.loadClass(WebappClassLoaderBase.java:1148)
		at org.apache.catalina.core.DefaultInstanceManager.loadClass(DefaultInstanceManager.java:488)
		at org.apache.catalina.core.DefaultInstanceManager.loadClassMaybePrivileged(DefaultInstanceManager.java:470)
		at org.apache.catalina.core.DefaultInstanceManager.newInstance(DefaultInstanceManager.java:142)
		at org.apache.catalina.core.StandardWrapper.loadServlet(StandardWrapper.java:898)
		at org.apache.catalina.core.StandardWrapper.load(StandardWrapper.java:838)
		at org.apache.catalina.core.StandardContext.loadOnStartup(StandardContext.java:4193)
		at org.apache.catalina.core.StandardContext.startInternal(StandardContext.java:4494)
		at org.apache.catalina.util.LifecycleBase.start(LifecycleBase.java:164)
		at org.apache.catalina.core.ContainerBase.addChildInternal(ContainerBase.java:599)
		at org.apache.catalina.core.ContainerBase.addChild(ContainerBase.java:571)
		at org.apache.catalina.core.StandardHost.addChild(StandardHost.java:603)
		at org.apache.catalina.startup.HostConfig.deployDirectory(HostConfig.java:1175)
		at org.apache.catalina.startup.HostConfig$DeployDirectory.run(HostConfig.java:1888)
		at java.base/java.util.concurrent.Executors$RunnableAdapter.call(Executors.java:539)
		at java.base/java.util.concurrent.FutureTask.run(FutureTask.java:264)
		at org.apache.tomcat.util.threads.InlineExecutorService.execute(InlineExecutorService.java:75)
		at java.base/java.util.concurrent.AbstractExecutorService.submit(AbstractExecutorService.java:123)
		at org.apache.catalina.startup.HostConfig.deployDirectories(HostConfig.java:1086)
		at org.apache.catalina.startup.HostConfig.deployApps(HostConfig.java:470)
		at org.apache.catalina.startup.HostConfig.start(HostConfig.java:1584)
		at org.apache.catalina.startup.HostConfig.lifecycleEvent(HostConfig.java:312)
		at org.apache.catalina.util.LifecycleBase.fireLifecycleEvent(LifecycleBase.java:109)
		at org.apache.catalina.util.LifecycleBase.setStateInternal(LifecycleBase.java:389)
		at org.apache.catalina.util.LifecycleBase.setState(LifecycleBase.java:336)
		at org.apache.catalina.core.ContainerBase.startInternal(ContainerBase.java:776)
		at org.apache.catalina.core.StandardHost.startInternal(StandardHost.java:721)
		at org.apache.catalina.util.LifecycleBase.start(LifecycleBase.java:164)
		at org.apache.catalina.core.ContainerBase$StartChild.call(ContainerBase.java:1203)
		at org.apache.catalina.core.ContainerBase$StartChild.call(ContainerBase.java:1193)
		at java.base/java.util.concurrent.FutureTask.run(FutureTask.java:264)
		at org.apache.tomcat.util.threads.InlineExecutorService.execute(InlineExecutorService.java:75)
		at java.base/java.util.concurrent.AbstractExecutorService.submit(AbstractExecutorService.java:145)
		at org.apache.catalina.core.ContainerBase.startInternal(ContainerBase.java:749)
		at org.apache.catalina.core.StandardEngine.startInternal(StandardEngine.java:211)
		at org.apache.catalina.util.LifecycleBase.start(LifecycleBase.java:164)
		at org.apache.catalina.core.StandardService.startInternal(StandardService.java:415)
		at org.apache.catalina.util.LifecycleBase.start(LifecycleBase.java:164)
		at org.apache.catalina.core.StandardServer.startInternal(StandardServer.java:874)
		at org.apache.catalina.util.LifecycleBase.start(LifecycleBase.java:164)
		at org.apache.catalina.startup.Catalina.start(Catalina.java:735)
		at java.base/jdk.internal.reflect.NativeMethodAccessorImpl.invoke0(Native Method)
		at java.base/jdk.internal.reflect.NativeMethodAccessorImpl.invoke(NativeMethodAccessorImpl.java:77)
		at java.base/jdk.internal.reflect.DelegatingMethodAccessorImpl.invoke(DelegatingMethodAccessorImpl.java:43)
		at java.base/java.lang.reflect.Method.invoke(Method.java:568)
		at org.apache.catalina.startup.Bootstrap.start(Bootstrap.java:345)
		at org.apache.catalina.startup.Bootstrap.main(Bootstrap.java:473)
02-Dec-2024 10:11:48.751 INFORMACIÓN [main] org.apache.catalina.core.ApplicationContext.log ContextListener: contextInitialized()
02-Dec-2024 10:11:48.752 INFORMACIÓN [main] org.apache.catalina.core.ApplicationContext.log SessionListener: contextInitialized()
02-Dec-2024 10:11:48.756 INFORMACIÓN [main] org.apache.catalina.core.ApplicationContext.log ContextListener: attributeAdded('StockTicker', 'async.Stockticker@c26bf2f')
02-Dec-2024 10:11:50.786 INFORMACIÓN [main] org.apache.catalina.core.ApplicationContext.log SessionListener: contextDestroyed()
02-Dec-2024 10:11:50.786 INFORMACIÓN [main] org.apache.catalina.core.ApplicationContext.log ContextListener: contextDestroyed()
02-Dec-2024 10:18:34.513 GRAVE [main] org.apache.catalina.core.StandardContext.loadOnStartup Servlet [Jersey REST Service] in web application [/reportserver] threw load() exception
	java.lang.ClassNotFoundException: com.sun.jersey.spi.container.servlet.ServletContainer
		at org.apache.catalina.loader.WebappClassLoaderBase.loadClass(WebappClassLoaderBase.java:1339)
		at org.apache.catalina.loader.WebappClassLoaderBase.loadClass(WebappClassLoaderBase.java:1148)
		at org.apache.catalina.core.DefaultInstanceManager.loadClass(DefaultInstanceManager.java:488)
		at org.apache.catalina.core.DefaultInstanceManager.loadClassMaybePrivileged(DefaultInstanceManager.java:470)
		at org.apache.catalina.core.DefaultInstanceManager.newInstance(DefaultInstanceManager.java:142)
		at org.apache.catalina.core.StandardWrapper.loadServlet(StandardWrapper.java:898)
		at org.apache.catalina.core.StandardWrapper.load(StandardWrapper.java:838)
		at org.apache.catalina.core.StandardContext.loadOnStartup(StandardContext.java:4193)
		at org.apache.catalina.core.StandardContext.startInternal(StandardContext.java:4494)
		at org.apache.catalina.util.LifecycleBase.start(LifecycleBase.java:164)
		at org.apache.catalina.core.ContainerBase.addChildInternal(ContainerBase.java:599)
		at org.apache.catalina.core.ContainerBase.addChild(ContainerBase.java:571)
		at org.apache.catalina.core.StandardHost.addChild(StandardHost.java:603)
		at org.apache.catalina.startup.HostConfig.deployDirectory(HostConfig.java:1175)
		at org.apache.catalina.startup.HostConfig$DeployDirectory.run(HostConfig.java:1888)
		at java.base/java.util.concurrent.Executors$RunnableAdapter.call(Executors.java:539)
		at java.base/java.util.concurrent.FutureTask.run(FutureTask.java:264)
		at org.apache.tomcat.util.threads.InlineExecutorService.execute(InlineExecutorService.java:75)
		at java.base/java.util.concurrent.AbstractExecutorService.submit(AbstractExecutorService.java:123)
		at org.apache.catalina.startup.HostConfig.deployDirectories(HostConfig.java:1086)
		at org.apache.catalina.startup.HostConfig.deployApps(HostConfig.java:470)
		at org.apache.catalina.startup.HostConfig.start(HostConfig.java:1584)
		at org.apache.catalina.startup.HostConfig.lifecycleEvent(HostConfig.java:312)
		at org.apache.catalina.util.LifecycleBase.fireLifecycleEvent(LifecycleBase.java:109)
		at org.apache.catalina.util.LifecycleBase.setStateInternal(LifecycleBase.java:389)
		at org.apache.catalina.util.LifecycleBase.setState(LifecycleBase.java:336)
		at org.apache.catalina.core.ContainerBase.startInternal(ContainerBase.java:776)
		at org.apache.catalina.core.StandardHost.startInternal(StandardHost.java:721)
		at org.apache.catalina.util.LifecycleBase.start(LifecycleBase.java:164)
		at org.apache.catalina.core.ContainerBase$StartChild.call(ContainerBase.java:1203)
		at org.apache.catalina.core.ContainerBase$StartChild.call(ContainerBase.java:1193)
		at java.base/java.util.concurrent.FutureTask.run(FutureTask.java:264)
		at org.apache.tomcat.util.threads.InlineExecutorService.execute(InlineExecutorService.java:75)
		at java.base/java.util.concurrent.AbstractExecutorService.submit(AbstractExecutorService.java:145)
		at org.apache.catalina.core.ContainerBase.startInternal(ContainerBase.java:749)
		at org.apache.catalina.core.StandardEngine.startInternal(StandardEngine.java:211)
		at org.apache.catalina.util.LifecycleBase.start(LifecycleBase.java:164)
		at org.apache.catalina.core.StandardService.startInternal(StandardService.java:415)
		at org.apache.catalina.util.LifecycleBase.start(LifecycleBase.java:164)
		at org.apache.catalina.core.StandardServer.startInternal(StandardServer.java:874)
		at org.apache.catalina.util.LifecycleBase.start(LifecycleBase.java:164)
		at org.apache.catalina.startup.Catalina.start(Catalina.java:735)
		at java.base/jdk.internal.reflect.NativeMethodAccessorImpl.invoke0(Native Method)
		at java.base/jdk.internal.reflect.NativeMethodAccessorImpl.invoke(NativeMethodAccessorImpl.java:77)
		at java.base/jdk.internal.reflect.DelegatingMethodAccessorImpl.invoke(DelegatingMethodAccessorImpl.java:43)
		at java.base/java.lang.reflect.Method.invoke(Method.java:568)
		at org.apache.catalina.startup.Bootstrap.start(Bootstrap.java:345)
		at org.apache.catalina.startup.Bootstrap.main(Bootstrap.java:473)
02-Dec-2024 10:18:38.473 INFORMACIÓN [main] org.apache.catalina.core.ApplicationContext.log ContextListener: contextInitialized()
02-Dec-2024 10:18:38.473 INFORMACIÓN [main] org.apache.catalina.core.ApplicationContext.log SessionListener: contextInitialized()
02-Dec-2024 10:18:38.478 INFORMACIÓN [main] org.apache.catalina.core.ApplicationContext.log ContextListener: attributeAdded('StockTicker', 'async.Stockticker@1c80973c')
02-Dec-2024 10:18:40.721 INFORMACIÓN [main] org.apache.catalina.core.ApplicationContext.log SessionListener: contextDestroyed()
02-Dec-2024 10:18:40.724 INFORMACIÓN [main] org.apache.catalina.core.ApplicationContext.log ContextListener: contextDestroyed()
02-Dec-2024 10:25:20.190 INFORMACIÓN [main] org.apache.catalina.core.ApplicationContext.log SessionListener: contextDestroyed()
02-Dec-2024 10:25:20.190 INFORMACIÓN [main] org.apache.catalina.core.ApplicationContext.log ContextListener: contextDestroyed()
02-Dec-2024 10:27:16.320 GRAVE [main] org.apache.catalina.core.StandardContext.loadOnStartup Servlet [Jersey REST Service] in web application [/reportserver] threw load() exception
	java.lang.ClassNotFoundException: com.sun.jersey.spi.container.servlet.ServletContainer
		at org.apache.catalina.loader.WebappClassLoaderBase.loadClass(WebappClassLoaderBase.java:1339)
		at org.apache.catalina.loader.WebappClassLoaderBase.loadClass(WebappClassLoaderBase.java:1148)
		at org.apache.catalina.core.DefaultInstanceManager.loadClass(DefaultInstanceManager.java:488)
		at org.apache.catalina.core.DefaultInstanceManager.loadClassMaybePrivileged(DefaultInstanceManager.java:470)
		at org.apache.catalina.core.DefaultInstanceManager.newInstance(DefaultInstanceManager.java:142)
		at org.apache.catalina.core.StandardWrapper.loadServlet(StandardWrapper.java:898)
		at org.apache.catalina.core.StandardWrapper.load(StandardWrapper.java:838)
		at org.apache.catalina.core.StandardContext.loadOnStartup(StandardContext.java:4193)
		at org.apache.catalina.core.StandardContext.startInternal(StandardContext.java:4494)
		at org.apache.catalina.util.LifecycleBase.start(LifecycleBase.java:164)
		at org.apache.catalina.core.ContainerBase.addChildInternal(ContainerBase.java:599)
		at org.apache.catalina.core.ContainerBase.addChild(ContainerBase.java:571)
		at org.apache.catalina.core.StandardHost.addChild(StandardHost.java:603)
		at org.apache.catalina.startup.HostConfig.deployDirectory(HostConfig.java:1175)
		at org.apache.catalina.startup.HostConfig$DeployDirectory.run(HostConfig.java:1888)
		at java.base/java.util.concurrent.Executors$RunnableAdapter.call(Executors.java:539)
		at java.base/java.util.concurrent.FutureTask.run(FutureTask.java:264)
		at org.apache.tomcat.util.threads.InlineExecutorService.execute(InlineExecutorService.java:75)
		at java.base/java.util.concurrent.AbstractExecutorService.submit(AbstractExecutorService.java:123)
		at org.apache.catalina.startup.HostConfig.deployDirectories(HostConfig.java:1086)
		at org.apache.catalina.startup.HostConfig.deployApps(HostConfig.java:470)
		at org.apache.catalina.startup.HostConfig.start(HostConfig.java:1584)
		at org.apache.catalina.startup.HostConfig.lifecycleEvent(HostConfig.java:312)
		at org.apache.catalina.util.LifecycleBase.fireLifecycleEvent(LifecycleBase.java:109)
		at org.apache.catalina.util.LifecycleBase.setStateInternal(LifecycleBase.java:389)
		at org.apache.catalina.util.LifecycleBase.setState(LifecycleBase.java:336)
		at org.apache.catalina.core.ContainerBase.startInternal(ContainerBase.java:776)
		at org.apache.catalina.core.StandardHost.startInternal(StandardHost.java:721)
		at org.apache.catalina.util.LifecycleBase.start(LifecycleBase.java:164)
		at org.apache.catalina.core.ContainerBase$StartChild.call(ContainerBase.java:1203)
		at org.apache.catalina.core.ContainerBase$StartChild.call(ContainerBase.java:1193)
		at java.base/java.util.concurrent.FutureTask.run(FutureTask.java:264)
		at org.apache.tomcat.util.threads.InlineExecutorService.execute(InlineExecutorService.java:75)
		at java.base/java.util.concurrent.AbstractExecutorService.submit(AbstractExecutorService.java:145)
		at org.apache.catalina.core.ContainerBase.startInternal(ContainerBase.java:749)
		at org.apache.catalina.core.StandardEngine.startInternal(StandardEngine.java:211)
		at org.apache.catalina.util.LifecycleBase.start(LifecycleBase.java:164)
		at org.apache.catalina.core.StandardService.startInternal(StandardService.java:415)
		at org.apache.catalina.util.LifecycleBase.start(LifecycleBase.java:164)
		at org.apache.catalina.core.StandardServer.startInternal(StandardServer.java:874)
		at org.apache.catalina.util.LifecycleBase.start(LifecycleBase.java:164)
		at org.apache.catalina.startup.Catalina.start(Catalina.java:735)
		at java.base/jdk.internal.reflect.NativeMethodAccessorImpl.invoke0(Native Method)
		at java.base/jdk.internal.reflect.NativeMethodAccessorImpl.invoke(NativeMethodAccessorImpl.java:77)
		at java.base/jdk.internal.reflect.DelegatingMethodAccessorImpl.invoke(DelegatingMethodAccessorImpl.java:43)
		at java.base/java.lang.reflect.Method.invoke(Method.java:568)
		at org.apache.catalina.startup.Bootstrap.start(Bootstrap.java:345)
		at org.apache.catalina.startup.Bootstrap.main(Bootstrap.java:473)
02-Dec-2024 10:27:25.850 INFORMACIÓN [main] org.apache.catalina.core.ApplicationContext.log ContextListener: contextInitialized()
02-Dec-2024 10:27:25.850 INFORMACIÓN [main] org.apache.catalina.core.ApplicationContext.log SessionListener: contextInitialized()
02-Dec-2024 10:27:25.854 INFORMACIÓN [main] org.apache.catalina.core.ApplicationContext.log ContextListener: attributeAdded('StockTicker', 'async.Stockticker@53ad6da6')
02-Dec-2024 10:50:44.236 GRAVE [Catalina-utility-2] org.apache.catalina.core.StandardContext.loadOnStartup Servlet [Jersey REST Service] in web application [/reportserver] threw load() exception
	java.lang.ClassNotFoundException: com.sun.jersey.spi.container.servlet.ServletContainer
		at org.apache.catalina.loader.WebappClassLoaderBase.loadClass(WebappClassLoaderBase.java:1339)
		at org.apache.catalina.loader.WebappClassLoaderBase.loadClass(WebappClassLoaderBase.java:1148)
		at org.apache.catalina.core.DefaultInstanceManager.loadClass(DefaultInstanceManager.java:488)
		at org.apache.catalina.core.DefaultInstanceManager.loadClassMaybePrivileged(DefaultInstanceManager.java:470)
		at org.apache.catalina.core.DefaultInstanceManager.newInstance(DefaultInstanceManager.java:142)
		at org.apache.catalina.core.StandardWrapper.loadServlet(StandardWrapper.java:898)
		at org.apache.catalina.core.StandardWrapper.load(StandardWrapper.java:838)
		at org.apache.catalina.core.StandardContext.loadOnStartup(StandardContext.java:4193)
		at org.apache.catalina.core.StandardContext.startInternal(StandardContext.java:4494)
		at org.apache.catalina.util.LifecycleBase.start(LifecycleBase.java:164)
		at org.apache.catalina.core.StandardContext.reload(StandardContext.java:3225)
		at org.apache.catalina.startup.HostConfig.reload(HostConfig.java:1415)
		at org.apache.catalina.startup.HostConfig.checkResources(HostConfig.java:1390)
		at org.apache.catalina.startup.HostConfig.check(HostConfig.java:1620)
		at org.apache.catalina.startup.HostConfig.lifecycleEvent(HostConfig.java:308)
		at org.apache.catalina.util.LifecycleBase.fireLifecycleEvent(LifecycleBase.java:109)
		at org.apache.catalina.core.ContainerBase.backgroundProcess(ContainerBase.java:973)
		at org.apache.catalina.core.ContainerBase$ContainerBackgroundProcessor.processChildren(ContainerBase.java:1172)
		at org.apache.catalina.core.ContainerBase$ContainerBackgroundProcessor.processChildren(ContainerBase.java:1176)
		at org.apache.catalina.core.ContainerBase$ContainerBackgroundProcessor.run(ContainerBase.java:1154)
		at java.base/java.util.concurrent.Executors$RunnableAdapter.call(Executors.java:539)
		at java.base/java.util.concurrent.FutureTask.runAndReset(FutureTask.java:305)
		at java.base/java.util.concurrent.ScheduledThreadPoolExecutor$ScheduledFutureTask.run(ScheduledThreadPoolExecutor.java:305)
		at java.base/java.util.concurrent.ThreadPoolExecutor.runWorker(ThreadPoolExecutor.java:1136)
		at java.base/java.util.concurrent.ThreadPoolExecutor$Worker.run(ThreadPoolExecutor.java:635)
		at org.apache.tomcat.util.threads.TaskThread$WrappingRunnable.run(TaskThread.java:63)
		at java.base/java.lang.Thread.run(Thread.java:833)
02-Dec-2024 10:50:44.259 INFORMACIÓN [main] org.apache.catalina.core.ApplicationContext.log SessionListener: contextDestroyed()
02-Dec-2024 10:50:44.259 INFORMACIÓN [main] org.apache.catalina.core.ApplicationContext.log ContextListener: contextDestroyed()
02-Dec-2024 10:51:34.519 GRAVE [main] org.apache.catalina.core.StandardContext.loadOnStartup Servlet [Jersey REST Service] in web application [/reportserver] threw load() exception
	java.lang.ClassNotFoundException: com.sun.jersey.spi.container.servlet.ServletContainer
		at org.apache.catalina.loader.WebappClassLoaderBase.loadClass(WebappClassLoaderBase.java:1339)
		at org.apache.catalina.loader.WebappClassLoaderBase.loadClass(WebappClassLoaderBase.java:1148)
		at org.apache.catalina.core.DefaultInstanceManager.loadClass(DefaultInstanceManager.java:488)
		at org.apache.catalina.core.DefaultInstanceManager.loadClassMaybePrivileged(DefaultInstanceManager.java:470)
		at org.apache.catalina.core.DefaultInstanceManager.newInstance(DefaultInstanceManager.java:142)
		at org.apache.catalina.core.StandardWrapper.loadServlet(StandardWrapper.java:898)
		at org.apache.catalina.core.StandardWrapper.load(StandardWrapper.java:838)
		at org.apache.catalina.core.StandardContext.loadOnStartup(StandardContext.java:4193)
		at org.apache.catalina.core.StandardContext.startInternal(StandardContext.java:4494)
		at org.apache.catalina.util.LifecycleBase.start(LifecycleBase.java:164)
		at org.apache.catalina.core.ContainerBase.addChildInternal(ContainerBase.java:599)
		at org.apache.catalina.core.ContainerBase.addChild(ContainerBase.java:571)
		at org.apache.catalina.core.StandardHost.addChild(StandardHost.java:603)
		at org.apache.catalina.startup.HostConfig.deployDirectory(HostConfig.java:1175)
		at org.apache.catalina.startup.HostConfig$DeployDirectory.run(HostConfig.java:1888)
		at java.base/java.util.concurrent.Executors$RunnableAdapter.call(Executors.java:539)
		at java.base/java.util.concurrent.FutureTask.run(FutureTask.java:264)
		at org.apache.tomcat.util.threads.InlineExecutorService.execute(InlineExecutorService.java:75)
		at java.base/java.util.concurrent.AbstractExecutorService.submit(AbstractExecutorService.java:123)
		at org.apache.catalina.startup.HostConfig.deployDirectories(HostConfig.java:1086)
		at org.apache.catalina.startup.HostConfig.deployApps(HostConfig.java:470)
		at org.apache.catalina.startup.HostConfig.start(HostConfig.java:1584)
		at org.apache.catalina.startup.HostConfig.lifecycleEvent(HostConfig.java:312)
		at org.apache.catalina.util.LifecycleBase.fireLifecycleEvent(LifecycleBase.java:109)
		at org.apache.catalina.util.LifecycleBase.setStateInternal(LifecycleBase.java:389)
		at org.apache.catalina.util.LifecycleBase.setState(LifecycleBase.java:336)
		at org.apache.catalina.core.ContainerBase.startInternal(ContainerBase.java:776)
		at org.apache.catalina.core.StandardHost.startInternal(StandardHost.java:721)
		at org.apache.catalina.util.LifecycleBase.start(LifecycleBase.java:164)
		at org.apache.catalina.core.ContainerBase$StartChild.call(ContainerBase.java:1203)
		at org.apache.catalina.core.ContainerBase$StartChild.call(ContainerBase.java:1193)
		at java.base/java.util.concurrent.FutureTask.run(FutureTask.java:264)
		at org.apache.tomcat.util.threads.InlineExecutorService.execute(InlineExecutorService.java:75)
		at java.base/java.util.concurrent.AbstractExecutorService.submit(AbstractExecutorService.java:145)
		at org.apache.catalina.core.ContainerBase.startInternal(ContainerBase.java:749)
		at org.apache.catalina.core.StandardEngine.startInternal(StandardEngine.java:211)
		at org.apache.catalina.util.LifecycleBase.start(LifecycleBase.java:164)
		at org.apache.catalina.core.StandardService.startInternal(StandardService.java:415)
		at org.apache.catalina.util.LifecycleBase.start(LifecycleBase.java:164)
		at org.apache.catalina.core.StandardServer.startInternal(StandardServer.java:874)
		at org.apache.catalina.util.LifecycleBase.start(LifecycleBase.java:164)
		at org.apache.catalina.startup.Catalina.start(Catalina.java:735)
		at java.base/jdk.internal.reflect.NativeMethodAccessorImpl.invoke0(Native Method)
		at java.base/jdk.internal.reflect.NativeMethodAccessorImpl.invoke(NativeMethodAccessorImpl.java:77)
		at java.base/jdk.internal.reflect.DelegatingMethodAccessorImpl.invoke(DelegatingMethodAccessorImpl.java:43)
		at java.base/java.lang.reflect.Method.invoke(Method.java:568)
		at org.apache.catalina.startup.Bootstrap.start(Bootstrap.java:345)
		at org.apache.catalina.startup.Bootstrap.main(Bootstrap.java:473)
02-Dec-2024 10:51:42.402 INFORMACIÓN [main] org.apache.catalina.core.ApplicationContext.log ContextListener: contextInitialized()
02-Dec-2024 10:51:42.403 INFORMACIÓN [main] org.apache.catalina.core.ApplicationContext.log SessionListener: contextInitialized()
02-Dec-2024 10:51:42.406 INFORMACIÓN [main] org.apache.catalina.core.ApplicationContext.log ContextListener: attributeAdded('StockTicker', 'async.Stockticker@74722efb')
02-Dec-2024 10:55:08.866 GRAVE [main] org.apache.catalina.core.StandardContext.loadOnStartup Servlet [Jersey REST Service] in web application [/reportserver] threw load() exception
	java.lang.ClassNotFoundException: com.sun.jersey.spi.container.servlet.ServletContainer
		at org.apache.catalina.loader.WebappClassLoaderBase.loadClass(WebappClassLoaderBase.java:1339)
		at org.apache.catalina.loader.WebappClassLoaderBase.loadClass(WebappClassLoaderBase.java:1148)
		at org.apache.catalina.core.DefaultInstanceManager.loadClass(DefaultInstanceManager.java:488)
		at org.apache.catalina.core.DefaultInstanceManager.loadClassMaybePrivileged(DefaultInstanceManager.java:470)
		at org.apache.catalina.core.DefaultInstanceManager.newInstance(DefaultInstanceManager.java:142)
		at org.apache.catalina.core.StandardWrapper.loadServlet(StandardWrapper.java:898)
		at org.apache.catalina.core.StandardWrapper.load(StandardWrapper.java:838)
		at org.apache.catalina.core.StandardContext.loadOnStartup(StandardContext.java:4193)
		at org.apache.catalina.core.StandardContext.startInternal(StandardContext.java:4494)
		at org.apache.catalina.util.LifecycleBase.start(LifecycleBase.java:164)
		at org.apache.catalina.core.ContainerBase.addChildInternal(ContainerBase.java:599)
		at org.apache.catalina.core.ContainerBase.addChild(ContainerBase.java:571)
		at org.apache.catalina.core.StandardHost.addChild(StandardHost.java:603)
		at org.apache.catalina.startup.HostConfig.deployDirectory(HostConfig.java:1175)
		at org.apache.catalina.startup.HostConfig$DeployDirectory.run(HostConfig.java:1888)
		at java.base/java.util.concurrent.Executors$RunnableAdapter.call(Executors.java:539)
		at java.base/java.util.concurrent.FutureTask.run(FutureTask.java:264)
		at org.apache.tomcat.util.threads.InlineExecutorService.execute(InlineExecutorService.java:75)
		at java.base/java.util.concurrent.AbstractExecutorService.submit(AbstractExecutorService.java:123)
		at org.apache.catalina.startup.HostConfig.deployDirectories(HostConfig.java:1086)
		at org.apache.catalina.startup.HostConfig.deployApps(HostConfig.java:470)
		at org.apache.catalina.startup.HostConfig.start(HostConfig.java:1584)
		at org.apache.catalina.startup.HostConfig.lifecycleEvent(HostConfig.java:312)
		at org.apache.catalina.util.LifecycleBase.fireLifecycleEvent(LifecycleBase.java:109)
		at org.apache.catalina.util.LifecycleBase.setStateInternal(LifecycleBase.java:389)
		at org.apache.catalina.util.LifecycleBase.setState(LifecycleBase.java:336)
		at org.apache.catalina.core.ContainerBase.startInternal(ContainerBase.java:776)
		at org.apache.catalina.core.StandardHost.startInternal(StandardHost.java:721)
		at org.apache.catalina.util.LifecycleBase.start(LifecycleBase.java:164)
		at org.apache.catalina.core.ContainerBase$StartChild.call(ContainerBase.java:1203)
		at org.apache.catalina.core.ContainerBase$StartChild.call(ContainerBase.java:1193)
		at java.base/java.util.concurrent.FutureTask.run(FutureTask.java:264)
		at org.apache.tomcat.util.threads.InlineExecutorService.execute(InlineExecutorService.java:75)
		at java.base/java.util.concurrent.AbstractExecutorService.submit(AbstractExecutorService.java:145)
		at org.apache.catalina.core.ContainerBase.startInternal(ContainerBase.java:749)
		at org.apache.catalina.core.StandardEngine.startInternal(StandardEngine.java:211)
		at org.apache.catalina.util.LifecycleBase.start(LifecycleBase.java:164)
		at org.apache.catalina.core.StandardService.startInternal(StandardService.java:415)
		at org.apache.catalina.util.LifecycleBase.start(LifecycleBase.java:164)
		at org.apache.catalina.core.StandardServer.startInternal(StandardServer.java:874)
		at org.apache.catalina.util.LifecycleBase.start(LifecycleBase.java:164)
		at org.apache.catalina.startup.Catalina.start(Catalina.java:735)
		at java.base/jdk.internal.reflect.NativeMethodAccessorImpl.invoke0(Native Method)
		at java.base/jdk.internal.reflect.NativeMethodAccessorImpl.invoke(NativeMethodAccessorImpl.java:77)
		at java.base/jdk.internal.reflect.DelegatingMethodAccessorImpl.invoke(DelegatingMethodAccessorImpl.java:43)
		at java.base/java.lang.reflect.Method.invoke(Method.java:568)
		at org.apache.catalina.startup.Bootstrap.start(Bootstrap.java:345)
		at org.apache.catalina.startup.Bootstrap.main(Bootstrap.java:473)
02-Dec-2024 10:55:14.030 INFORMACIÓN [main] org.apache.catalina.core.ApplicationContext.log ContextListener: contextInitialized()
02-Dec-2024 10:55:14.030 INFORMACIÓN [main] org.apache.catalina.core.ApplicationContext.log SessionListener: contextInitialized()
02-Dec-2024 10:55:14.034 INFORMACIÓN [main] org.apache.catalina.core.ApplicationContext.log ContextListener: attributeAdded('StockTicker', 'async.Stockticker@5cb36d33')
02-Dec-2024 10:55:16.155 INFORMACIÓN [main] org.apache.catalina.core.ApplicationContext.log SessionListener: contextDestroyed()
02-Dec-2024 10:55:16.155 INFORMACIÓN [main] org.apache.catalina.core.ApplicationContext.log ContextListener: contextDestroyed()
02-Dec-2024 10:57:44.630 GRAVE [main] org.apache.catalina.core.StandardContext.loadOnStartup Servlet [Jersey REST Service] in web application [/reportserver] threw load() exception
	java.lang.ClassNotFoundException: com.sun.jersey.spi.container.servlet.ServletContainer
		at org.apache.catalina.loader.WebappClassLoaderBase.loadClass(WebappClassLoaderBase.java:1339)
		at org.apache.catalina.loader.WebappClassLoaderBase.loadClass(WebappClassLoaderBase.java:1148)
		at org.apache.catalina.core.DefaultInstanceManager.loadClass(DefaultInstanceManager.java:488)
		at org.apache.catalina.core.DefaultInstanceManager.loadClassMaybePrivileged(DefaultInstanceManager.java:470)
		at org.apache.catalina.core.DefaultInstanceManager.newInstance(DefaultInstanceManager.java:142)
		at org.apache.catalina.core.StandardWrapper.loadServlet(StandardWrapper.java:898)
		at org.apache.catalina.core.StandardWrapper.load(StandardWrapper.java:838)
		at org.apache.catalina.core.StandardContext.loadOnStartup(StandardContext.java:4193)
		at org.apache.catalina.core.StandardContext.startInternal(StandardContext.java:4494)
		at org.apache.catalina.util.LifecycleBase.start(LifecycleBase.java:164)
		at org.apache.catalina.core.ContainerBase.addChildInternal(ContainerBase.java:599)
		at org.apache.catalina.core.ContainerBase.addChild(ContainerBase.java:571)
		at org.apache.catalina.core.StandardHost.addChild(StandardHost.java:603)
		at org.apache.catalina.startup.HostConfig.deployDirectory(HostConfig.java:1175)
		at org.apache.catalina.startup.HostConfig$DeployDirectory.run(HostConfig.java:1888)
		at java.base/java.util.concurrent.Executors$RunnableAdapter.call(Executors.java:539)
		at java.base/java.util.concurrent.FutureTask.run(FutureTask.java:264)
		at org.apache.tomcat.util.threads.InlineExecutorService.execute(InlineExecutorService.java:75)
		at java.base/java.util.concurrent.AbstractExecutorService.submit(AbstractExecutorService.java:123)
		at org.apache.catalina.startup.HostConfig.deployDirectories(HostConfig.java:1086)
		at org.apache.catalina.startup.HostConfig.deployApps(HostConfig.java:470)
		at org.apache.catalina.startup.HostConfig.start(HostConfig.java:1584)
		at org.apache.catalina.startup.HostConfig.lifecycleEvent(HostConfig.java:312)
		at org.apache.catalina.util.LifecycleBase.fireLifecycleEvent(LifecycleBase.java:109)
		at org.apache.catalina.util.LifecycleBase.setStateInternal(LifecycleBase.java:389)
		at org.apache.catalina.util.LifecycleBase.setState(LifecycleBase.java:336)
		at org.apache.catalina.core.ContainerBase.startInternal(ContainerBase.java:776)
		at org.apache.catalina.core.StandardHost.startInternal(StandardHost.java:721)
		at org.apache.catalina.util.LifecycleBase.start(LifecycleBase.java:164)
		at org.apache.catalina.core.ContainerBase$StartChild.call(ContainerBase.java:1203)
		at org.apache.catalina.core.ContainerBase$StartChild.call(ContainerBase.java:1193)
		at java.base/java.util.concurrent.FutureTask.run(FutureTask.java:264)
		at org.apache.tomcat.util.threads.InlineExecutorService.execute(InlineExecutorService.java:75)
		at java.base/java.util.concurrent.AbstractExecutorService.submit(AbstractExecutorService.java:145)
		at org.apache.catalina.core.ContainerBase.startInternal(ContainerBase.java:749)
		at org.apache.catalina.core.StandardEngine.startInternal(StandardEngine.java:211)
		at org.apache.catalina.util.LifecycleBase.start(LifecycleBase.java:164)
		at org.apache.catalina.core.StandardService.startInternal(StandardService.java:415)
		at org.apache.catalina.util.LifecycleBase.start(LifecycleBase.java:164)
		at org.apache.catalina.core.StandardServer.startInternal(StandardServer.java:874)
		at org.apache.catalina.util.LifecycleBase.start(LifecycleBase.java:164)
		at org.apache.catalina.startup.Catalina.start(Catalina.java:735)
		at java.base/jdk.internal.reflect.NativeMethodAccessorImpl.invoke0(Native Method)
		at java.base/jdk.internal.reflect.NativeMethodAccessorImpl.invoke(NativeMethodAccessorImpl.java:77)
		at java.base/jdk.internal.reflect.DelegatingMethodAccessorImpl.invoke(DelegatingMethodAccessorImpl.java:43)
		at java.base/java.lang.reflect.Method.invoke(Method.java:568)
		at org.apache.catalina.startup.Bootstrap.start(Bootstrap.java:345)
		at org.apache.catalina.startup.Bootstrap.main(Bootstrap.java:473)
02-Dec-2024 10:57:47.093 INFORMACIÓN [main] org.apache.catalina.core.ApplicationContext.log ContextListener: contextInitialized()
02-Dec-2024 10:57:47.094 INFORMACIÓN [main] org.apache.catalina.core.ApplicationContext.log SessionListener: contextInitialized()
02-Dec-2024 10:57:47.097 INFORMACIÓN [main] org.apache.catalina.core.ApplicationContext.log ContextListener: attributeAdded('StockTicker', 'async.Stockticker@78573aff')
02-Dec-2024 10:57:48.936 INFORMACIÓN [main] org.apache.catalina.core.ApplicationContext.log SessionListener: contextDestroyed()
02-Dec-2024 10:57:48.938 INFORMACIÓN [main] org.apache.catalina.core.ApplicationContext.log ContextListener: contextDestroyed()
02-Dec-2024 11:41:46.335 GRAVE [main] org.apache.catalina.core.StandardContext.loadOnStartup Servlet [Jersey REST Service] in web application [/reportserver] threw load() exception
	java.lang.ClassNotFoundException: com.sun.jersey.spi.container.servlet.ServletContainer
		at org.apache.catalina.loader.WebappClassLoaderBase.loadClass(WebappClassLoaderBase.java:1339)
		at org.apache.catalina.loader.WebappClassLoaderBase.loadClass(WebappClassLoaderBase.java:1148)
		at org.apache.catalina.core.DefaultInstanceManager.loadClass(DefaultInstanceManager.java:488)
		at org.apache.catalina.core.DefaultInstanceManager.loadClassMaybePrivileged(DefaultInstanceManager.java:470)
		at org.apache.catalina.core.DefaultInstanceManager.newInstance(DefaultInstanceManager.java:142)
		at org.apache.catalina.core.StandardWrapper.loadServlet(StandardWrapper.java:898)
		at org.apache.catalina.core.StandardWrapper.load(StandardWrapper.java:838)
		at org.apache.catalina.core.StandardContext.loadOnStartup(StandardContext.java:4193)
		at org.apache.catalina.core.StandardContext.startInternal(StandardContext.java:4494)
		at org.apache.catalina.util.LifecycleBase.start(LifecycleBase.java:164)
		at org.apache.catalina.core.ContainerBase.addChildInternal(ContainerBase.java:599)
		at org.apache.catalina.core.ContainerBase.addChild(ContainerBase.java:571)
		at org.apache.catalina.core.StandardHost.addChild(StandardHost.java:603)
		at org.apache.catalina.startup.HostConfig.deployDirectory(HostConfig.java:1175)
		at org.apache.catalina.startup.HostConfig$DeployDirectory.run(HostConfig.java:1888)
		at java.base/java.util.concurrent.Executors$RunnableAdapter.call(Executors.java:539)
		at java.base/java.util.concurrent.FutureTask.run(FutureTask.java:264)
		at org.apache.tomcat.util.threads.InlineExecutorService.execute(InlineExecutorService.java:75)
		at java.base/java.util.concurrent.AbstractExecutorService.submit(AbstractExecutorService.java:123)
		at org.apache.catalina.startup.HostConfig.deployDirectories(HostConfig.java:1086)
		at org.apache.catalina.startup.HostConfig.deployApps(HostConfig.java:470)
		at org.apache.catalina.startup.HostConfig.start(HostConfig.java:1584)
		at org.apache.catalina.startup.HostConfig.lifecycleEvent(HostConfig.java:312)
		at org.apache.catalina.util.LifecycleBase.fireLifecycleEvent(LifecycleBase.java:109)
		at org.apache.catalina.util.LifecycleBase.setStateInternal(LifecycleBase.java:389)
		at org.apache.catalina.util.LifecycleBase.setState(LifecycleBase.java:336)
		at org.apache.catalina.core.ContainerBase.startInternal(ContainerBase.java:776)
		at org.apache.catalina.core.StandardHost.startInternal(StandardHost.java:721)
		at org.apache.catalina.util.LifecycleBase.start(LifecycleBase.java:164)
		at org.apache.catalina.core.ContainerBase$StartChild.call(ContainerBase.java:1203)
		at org.apache.catalina.core.ContainerBase$StartChild.call(ContainerBase.java:1193)
		at java.base/java.util.concurrent.FutureTask.run(FutureTask.java:264)
		at org.apache.tomcat.util.threads.InlineExecutorService.execute(InlineExecutorService.java:75)
		at java.base/java.util.concurrent.AbstractExecutorService.submit(AbstractExecutorService.java:145)
		at org.apache.catalina.core.ContainerBase.startInternal(ContainerBase.java:749)
		at org.apache.catalina.core.StandardEngine.startInternal(StandardEngine.java:211)
		at org.apache.catalina.util.LifecycleBase.start(LifecycleBase.java:164)
		at org.apache.catalina.core.StandardService.startInternal(StandardService.java:415)
		at org.apache.catalina.util.LifecycleBase.start(LifecycleBase.java:164)
		at org.apache.catalina.core.StandardServer.startInternal(StandardServer.java:874)
		at org.apache.catalina.util.LifecycleBase.start(LifecycleBase.java:164)
		at org.apache.catalina.startup.Catalina.start(Catalina.java:735)
		at java.base/jdk.internal.reflect.NativeMethodAccessorImpl.invoke0(Native Method)
		at java.base/jdk.internal.reflect.NativeMethodAccessorImpl.invoke(NativeMethodAccessorImpl.java:77)
		at java.base/jdk.internal.reflect.DelegatingMethodAccessorImpl.invoke(DelegatingMethodAccessorImpl.java:43)
		at java.base/java.lang.reflect.Method.invoke(Method.java:568)
		at org.apache.catalina.startup.Bootstrap.start(Bootstrap.java:345)
		at org.apache.catalina.startup.Bootstrap.main(Bootstrap.java:473)
02-Dec-2024 11:41:51.823 INFORMACIÓN [main] org.apache.catalina.core.ApplicationContext.log ContextListener: contextInitialized()
02-Dec-2024 11:41:51.824 INFORMACIÓN [main] org.apache.catalina.core.ApplicationContext.log SessionListener: contextInitialized()
02-Dec-2024 11:41:51.827 INFORMACIÓN [main] org.apache.catalina.core.ApplicationContext.log ContextListener: attributeAdded('StockTicker', 'async.Stockticker@4c213363')
02-Dec-2024 11:45:41.064 GRAVE [Catalina-utility-1] org.apache.catalina.core.StandardContext.loadOnStartup Servlet [Jersey REST Service] in web application [/reportserver] threw load() exception
	java.lang.ClassNotFoundException: com.sun.jersey.spi.container.servlet.ServletContainer
		at org.apache.catalina.loader.WebappClassLoaderBase.loadClass(WebappClassLoaderBase.java:1339)
		at org.apache.catalina.loader.WebappClassLoaderBase.loadClass(WebappClassLoaderBase.java:1148)
		at org.apache.catalina.core.DefaultInstanceManager.loadClass(DefaultInstanceManager.java:488)
		at org.apache.catalina.core.DefaultInstanceManager.loadClassMaybePrivileged(DefaultInstanceManager.java:470)
		at org.apache.catalina.core.DefaultInstanceManager.newInstance(DefaultInstanceManager.java:142)
		at org.apache.catalina.core.StandardWrapper.loadServlet(StandardWrapper.java:898)
		at org.apache.catalina.core.StandardWrapper.load(StandardWrapper.java:838)
		at org.apache.catalina.core.StandardContext.loadOnStartup(StandardContext.java:4193)
		at org.apache.catalina.core.StandardContext.startInternal(StandardContext.java:4494)
		at org.apache.catalina.util.LifecycleBase.start(LifecycleBase.java:164)
		at org.apache.catalina.core.StandardContext.reload(StandardContext.java:3225)
		at org.apache.catalina.startup.HostConfig.reload(HostConfig.java:1415)
		at org.apache.catalina.startup.HostConfig.checkResources(HostConfig.java:1390)
		at org.apache.catalina.startup.HostConfig.check(HostConfig.java:1620)
		at org.apache.catalina.startup.HostConfig.lifecycleEvent(HostConfig.java:308)
		at org.apache.catalina.util.LifecycleBase.fireLifecycleEvent(LifecycleBase.java:109)
		at org.apache.catalina.core.ContainerBase.backgroundProcess(ContainerBase.java:973)
		at org.apache.catalina.core.ContainerBase$ContainerBackgroundProcessor.processChildren(ContainerBase.java:1172)
		at org.apache.catalina.core.ContainerBase$ContainerBackgroundProcessor.processChildren(ContainerBase.java:1176)
		at org.apache.catalina.core.ContainerBase$ContainerBackgroundProcessor.run(ContainerBase.java:1154)
		at java.base/java.util.concurrent.Executors$RunnableAdapter.call(Executors.java:539)
		at java.base/java.util.concurrent.FutureTask.runAndReset(FutureTask.java:305)
		at java.base/java.util.concurrent.ScheduledThreadPoolExecutor$ScheduledFutureTask.run(ScheduledThreadPoolExecutor.java:305)
		at java.base/java.util.concurrent.ThreadPoolExecutor.runWorker(ThreadPoolExecutor.java:1136)
		at java.base/java.util.concurrent.ThreadPoolExecutor$Worker.run(ThreadPoolExecutor.java:635)
		at org.apache.tomcat.util.threads.TaskThread$WrappingRunnable.run(TaskThread.java:63)
		at java.base/java.lang.Thread.run(Thread.java:833)
02-Dec-2024 11:47:39.393 INFORMACIÓN [Thread-2] org.apache.catalina.core.ApplicationContext.log SessionListener: contextDestroyed()
02-Dec-2024 11:47:39.394 INFORMACIÓN [Thread-2] org.apache.catalina.core.ApplicationContext.log ContextListener: contextDestroyed()
02-Dec-2024 11:52:34.562 INFORMACIÓN [main] org.apache.catalina.core.ApplicationContext.log ContextListener: contextInitialized()
02-Dec-2024 11:52:34.562 INFORMACIÓN [main] org.apache.catalina.core.ApplicationContext.log SessionListener: contextInitialized()
02-Dec-2024 11:52:34.566 INFORMACIÓN [main] org.apache.catalina.core.ApplicationContext.log ContextListener: attributeAdded('StockTicker', 'async.Stockticker@2b09d25d')
02-Dec-2024 11:54:48.641 INFORMACIÓN [Thread-17] org.apache.catalina.core.ApplicationContext.log SessionListener: contextDestroyed()
02-Dec-2024 11:54:48.641 INFORMACIÓN [Thread-17] org.apache.catalina.core.ApplicationContext.log ContextListener: contextDestroyed()
02-Dec-2024 11:54:52.096 GRAVE [http-nio-8081-exec-2] org.apache.catalina.core.StandardWrapperValve.invoke Servlet.service() para servlet [default] lanzó excepción
	javax.persistence.PersistenceException: org.hibernate.exception.JDBCConnectionException: could not extract ResultSet
		at org.hibernate.internal.ExceptionConverterImpl.convert(ExceptionConverterImpl.java:154)
		at org.hibernate.query.internal.AbstractProducedQuery.list(AbstractProducedQuery.java:1626)
		at org.hibernate.query.Query.getResultList(Query.java:165)
		at org.hibernate.query.criteria.internal.compile.CriteriaQueryTypeQueryAdapter.getResultList(CriteriaQueryTypeQueryAdapter.java:76)
		at net.datenwerke.rs.utils.simplequery.byatt.QueryByAttProcessor.process(QueryByAttProcessor.java:103)
		at net.datenwerke.rs.utils.simplequery.byatt.QueryByAttInterceptor.invoke(QueryByAttInterceptor.java:24)
		at net.datenwerke.rs.terminal.service.terminal.vfs.hooks.TreeBasedVirtualFileSystem.getNodeByLocation(TreeBasedVirtualFileSystem.java:113)
		at net.datenwerke.rs.terminal.service.terminal.vfs.hooks.TreeBasedVirtualFileSystem.getLocation(TreeBasedVirtualFileSystem.java:57)
		at net.datenwerke.rs.terminal.service.terminal.vfs.VirtualFileSystemDeamon.getLocation(VirtualFileSystemDeamon.java:144)
		at net.datenwerke.rs.terminal.service.terminal.vfs.VirtualFileSystemDeamon.getAbsoluteLocation(VirtualFileSystemDeamon.java:106)
		at net.datenwerke.rs.terminal.service.terminal.vfs.VirtualFileSystemDeamon.getLocation(VirtualFileSystemDeamon.java:82)
		at net.datenwerke.rs.terminal.service.terminal.vfs.hookers.VfsObjectResolver.getParentLocation(VfsObjectResolver.java:84)
		at net.datenwerke.rs.terminal.service.terminal.vfs.hookers.VfsObjectResolver.consumes(VfsObjectResolver.java:26)
		at net.datenwerke.rs.terminal.service.terminal.objresolver.ObjectResolverDeamon.lambda$0(ObjectResolverDeamon.java:70)
		at java.base/java.util.stream.ReferencePipeline$2$1.accept(ReferencePipeline.java:178)
		at java.base/java.util.ArrayList$ArrayListSpliterator.forEachRemaining(ArrayList.java:1625)
		at java.base/java.util.stream.AbstractPipeline.copyInto(AbstractPipeline.java:509)
		at java.base/java.util.stream.AbstractPipeline.wrapAndCopyInto(AbstractPipeline.java:499)
		at java.base/java.util.stream.ReduceOps$ReduceOp.evaluateSequential(ReduceOps.java:921)
		at java.base/java.util.stream.AbstractPipeline.evaluate(AbstractPipeline.java:234)
		at java.base/java.util.stream.ReferencePipeline.collect(ReferencePipeline.java:682)
		at net.datenwerke.rs.terminal.service.terminal.objresolver.ObjectResolverDeamon.doGetObjects(ObjectResolverDeamon.java:87)
		at net.datenwerke.rs.terminal.service.terminal.objresolver.ObjectResolverDeamon.lambda$7(ObjectResolverDeamon.java:94)
		at net.datenwerke.rs.utils.exception.shared.LambdaExceptionUtil.lambda$3(LambdaExceptionUtil.java:104)
		at java.base/java.util.stream.ReferencePipeline$3$1.accept(ReferencePipeline.java:197)
		at java.base/java.util.Collections$2.tryAdvance(Collections.java:4853)
		at java.base/java.util.Collections$2.forEachRemaining(Collections.java:4861)
		at java.base/java.util.stream.AbstractPipeline.copyInto(AbstractPipeline.java:509)
		at java.base/java.util.stream.AbstractPipeline.wrapAndCopyInto(AbstractPipeline.java:499)
		at java.base/java.util.stream.ReduceOps$ReduceOp.evaluateSequential(ReduceOps.java:921)
		at java.base/java.util.stream.AbstractPipeline.evaluate(AbstractPipeline.java:234)
		at java.base/java.util.stream.ReferencePipeline.collect(ReferencePipeline.java:682)
		at net.datenwerke.rs.terminal.service.terminal.objresolver.ObjectResolverDeamon.getObjects(ObjectResolverDeamon.java:96)
		at net.datenwerke.rs.terminal.service.terminal.objresolver.ObjectResolverDeamon.getObjects(ObjectResolverDeamon.java:111)
		at net.datenwerke.rs.terminal.service.terminal.objresolver.ObjectResolverDeamon.getObjects(ObjectResolverDeamon.java:106)
		at org.codehaus.groovy.vmplugin.v8.IndyInterface.fromCache(IndyInterface.java:321)
		at net.datenwerke.rs.terminal.service.terminal.TerminalServiceImpl.getObjectsByQuery(TerminalServiceImpl.groovy:107)
		at org.codehaus.groovy.vmplugin.v8.IndyInterface.fromCache(IndyInterface.java:321)
		at net.datenwerke.rs.terminal.service.terminal.TerminalServiceImpl.getObjectByQuery(TerminalServiceImpl.groovy:117)
		at net.datenwerke.rs.fileserver.service.fileserver.FileServerServiceImpl.getNodeByPath(FileServerServiceImpl.java:78)
		at net.datenwerke.rs.fileserver.server.fileserver.IndexRedirectServlet.doGet(IndexRedirectServlet.java:53)
		at javax.servlet.http.HttpServlet.service(HttpServlet.java:529)
		at javax.servlet.http.HttpServlet.service(HttpServlet.java:623)
		at com.google.inject.servlet.ServletDefinition.doServiceImpl(ServletDefinition.java:290)
		at com.google.inject.servlet.ServletDefinition.doService(ServletDefinition.java:280)
		at com.google.inject.servlet.ServletDefinition.service(ServletDefinition.java:184)
		at com.google.inject.servlet.ManagedServletPipeline.service(ManagedServletPipeline.java:89)
		at com.google.inject.persist.PersistFilter.doFilter(PersistFilter.java:94)
		at com.google.inject.servlet.ManagedFilterPipeline.dispatch(ManagedFilterPipeline.java:121)
		at com.google.inject.servlet.GuiceFilter.doFilter(GuiceFilter.java:133)
		at org.apache.catalina.core.ApplicationFilterChain.internalDoFilter(ApplicationFilterChain.java:168)
		at org.apache.catalina.core.ApplicationFilterChain.doFilter(ApplicationFilterChain.java:144)
		at org.apache.catalina.core.StandardWrapperValve.invoke(StandardWrapperValve.java:168)
		at org.apache.catalina.core.StandardContextValve.invoke(StandardContextValve.java:90)
		at org.apache.catalina.authenticator.AuthenticatorBase.invoke(AuthenticatorBase.java:482)
		at org.apache.catalina.core.StandardHostValve.invoke(StandardHostValve.java:130)
		at org.apache.catalina.valves.ErrorReportValve.invoke(ErrorReportValve.java:93)
		at org.apache.catalina.valves.AbstractAccessLogValve.invoke(AbstractAccessLogValve.java:660)
		at org.apache.catalina.core.StandardEngineValve.invoke(StandardEngineValve.java:74)
		at org.apache.catalina.connector.CoyoteAdapter.service(CoyoteAdapter.java:346)
		at org.apache.coyote.http11.Http11Processor.service(Http11Processor.java:396)
		at org.apache.coyote.AbstractProcessorLight.process(AbstractProcessorLight.java:63)
		at org.apache.coyote.AbstractProtocol$ConnectionHandler.process(AbstractProtocol.java:937)
		at org.apache.tomcat.util.net.NioEndpoint$SocketProcessor.doRun(NioEndpoint.java:1791)
		at org.apache.tomcat.util.net.SocketProcessorBase.run(SocketProcessorBase.java:52)
		at org.apache.tomcat.util.threads.ThreadPoolExecutor.runWorker(ThreadPoolExecutor.java:1190)
		at org.apache.tomcat.util.threads.ThreadPoolExecutor$Worker.run(ThreadPoolExecutor.java:659)
		at org.apache.tomcat.util.threads.TaskThread$WrappingRunnable.run(TaskThread.java:63)
		at java.base/java.lang.Thread.run(Thread.java:833)
	Caused by: org.hibernate.exception.JDBCConnectionException: could not extract ResultSet
		at org.hibernate.exception.internal.SQLStateConversionDelegate.convert(SQLStateConversionDelegate.java:112)
		at org.hibernate.exception.internal.StandardSQLExceptionConverter.convert(StandardSQLExceptionConverter.java:37)
		at org.hibernate.engine.jdbc.spi.SqlExceptionHelper.convert(SqlExceptionHelper.java:113)
		at org.hibernate.engine.jdbc.spi.SqlExceptionHelper.convert(SqlExceptionHelper.java:99)
		at org.hibernate.engine.jdbc.internal.ResultSetReturnImpl.extract(ResultSetReturnImpl.java:67)
		at org.hibernate.loader.Loader.getResultSet(Loader.java:2322)
		at org.hibernate.loader.Loader.executeQueryStatement(Loader.java:2075)
		at org.hibernate.loader.Loader.executeQueryStatement(Loader.java:2037)
		at org.hibernate.loader.Loader.doQuery(Loader.java:956)
		at org.hibernate.loader.Loader.doQueryAndInitializeNonLazyCollections(Loader.java:357)
		at org.hibernate.loader.Loader.doList(Loader.java:2868)
		at org.hibernate.loader.Loader.doList(Loader.java:2850)
		at org.hibernate.loader.Loader.listIgnoreQueryCache(Loader.java:2682)
		at org.hibernate.loader.Loader.list(Loader.java:2677)
		at org.hibernate.loader.hql.QueryLoader.list(QueryLoader.java:540)
		at org.hibernate.hql.internal.ast.QueryTranslatorImpl.list(QueryTranslatorImpl.java:400)
		at org.hibernate.engine.query.spi.HQLQueryPlan.performList(HQLQueryPlan.java:218)
		at org.hibernate.internal.SessionImpl.list(SessionImpl.java:1459)
		at org.hibernate.query.internal.AbstractProducedQuery.doList(AbstractProducedQuery.java:1649)
		at org.hibernate.query.internal.AbstractProducedQuery.list(AbstractProducedQuery.java:1617)
		... 67 more
	Caused by: com.microsoft.sqlserver.jdbc.SQLServerException: Socket closed
		at com.microsoft.sqlserver.jdbc.SQLServerConnection.terminate(SQLServerConnection.java:4271)
		at com.microsoft.sqlserver.jdbc.TDSChannel.read(IOBuffer.java:2177)
		at com.microsoft.sqlserver.jdbc.TDSReader.readPacket(IOBuffer.java:6895)
		at com.microsoft.sqlserver.jdbc.TDSCommand.startResponse(IOBuffer.java:8145)
		at com.microsoft.sqlserver.jdbc.SQLServerPreparedStatement.doExecutePreparedStatement(SQLServerPreparedStatement.java:673)
		at com.microsoft.sqlserver.jdbc.SQLServerPreparedStatement$PrepStmtExecCmd.doExecute(SQLServerPreparedStatement.java:594)
		at com.microsoft.sqlserver.jdbc.TDSCommand.execute(IOBuffer.java:7745)
		at com.microsoft.sqlserver.jdbc.SQLServerConnection.executeCommand(SQLServerConnection.java:4391)
		at com.microsoft.sqlserver.jdbc.SQLServerStatement.executeCommand(SQLServerStatement.java:276)
		at com.microsoft.sqlserver.jdbc.SQLServerStatement.executeStatement(SQLServerStatement.java:246)
		at com.microsoft.sqlserver.jdbc.SQLServerPreparedStatement.executeQuery(SQLServerPreparedStatement.java:509)
		at com.mchange.v2.c3p0.impl.NewProxyPreparedStatement.executeQuery(NewProxyPreparedStatement.java:1471)
		at org.hibernate.engine.jdbc.internal.ResultSetReturnImpl.extract(ResultSetReturnImpl.java:57)
		... 82 more
	Caused by: java.net.SocketException: Socket closed
		at java.base/sun.nio.ch.NioSocketImpl.endRead(NioSocketImpl.java:253)
		at java.base/sun.nio.ch.NioSocketImpl.implRead(NioSocketImpl.java:332)
		at java.base/sun.nio.ch.NioSocketImpl.read(NioSocketImpl.java:355)
		at java.base/sun.nio.ch.NioSocketImpl$1.read(NioSocketImpl.java:808)
		at java.base/java.net.Socket$SocketInputStream.read(Socket.java:966)
		at com.microsoft.sqlserver.jdbc.TDSChannel$ProxyInputStream.readInternal(IOBuffer.java:1206)
		at com.microsoft.sqlserver.jdbc.TDSChannel$ProxyInputStream.read(IOBuffer.java:1192)
		at com.microsoft.sqlserver.jdbc.TDSChannel.read(IOBuffer.java:2166)
		... 93 more
02-Dec-2024 11:54:52.096 GRAVE [http-nio-8081-exec-1] org.apache.catalina.core.StandardWrapperValve.invoke Servlet.service() para servlet [default] lanzó excepción
	javax.persistence.PersistenceException: org.hibernate.exception.JDBCConnectionException: could not extract ResultSet
		at org.hibernate.internal.ExceptionConverterImpl.convert(ExceptionConverterImpl.java:154)
		at org.hibernate.query.internal.AbstractProducedQuery.list(AbstractProducedQuery.java:1626)
		at org.hibernate.query.Query.getResultList(Query.java:165)
		at org.hibernate.query.criteria.internal.compile.CriteriaQueryTypeQueryAdapter.getResultList(CriteriaQueryTypeQueryAdapter.java:76)
		at net.datenwerke.rs.utils.simplequery.byatt.QueryByAttProcessor.process(QueryByAttProcessor.java:103)
		at net.datenwerke.rs.utils.simplequery.byatt.QueryByAttInterceptor.invoke(QueryByAttInterceptor.java:24)
		at net.datenwerke.rs.terminal.service.terminal.vfs.hooks.TreeBasedVirtualFileSystem.getNodeByLocation(TreeBasedVirtualFileSystem.java:113)
		at net.datenwerke.rs.terminal.service.terminal.vfs.hooks.TreeBasedVirtualFileSystem.getLocation(TreeBasedVirtualFileSystem.java:57)
		at net.datenwerke.rs.terminal.service.terminal.vfs.VirtualFileSystemDeamon.getLocation(VirtualFileSystemDeamon.java:144)
		at net.datenwerke.rs.terminal.service.terminal.vfs.VirtualFileSystemDeamon.getAbsoluteLocation(VirtualFileSystemDeamon.java:106)
		at net.datenwerke.rs.terminal.service.terminal.vfs.VirtualFileSystemDeamon.getLocation(VirtualFileSystemDeamon.java:82)
		at net.datenwerke.rs.terminal.service.terminal.vfs.hookers.VfsObjectResolver.getParentLocation(VfsObjectResolver.java:84)
		at net.datenwerke.rs.terminal.service.terminal.vfs.hookers.VfsObjectResolver.consumes(VfsObjectResolver.java:26)
		at net.datenwerke.rs.terminal.service.terminal.objresolver.ObjectResolverDeamon.lambda$0(ObjectResolverDeamon.java:70)
		at java.base/java.util.stream.ReferencePipeline$2$1.accept(ReferencePipeline.java:178)
		at java.base/java.util.ArrayList$ArrayListSpliterator.forEachRemaining(ArrayList.java:1625)
		at java.base/java.util.stream.AbstractPipeline.copyInto(AbstractPipeline.java:509)
		at java.base/java.util.stream.AbstractPipeline.wrapAndCopyInto(AbstractPipeline.java:499)
		at java.base/java.util.stream.ReduceOps$ReduceOp.evaluateSequential(ReduceOps.java:921)
		at java.base/java.util.stream.AbstractPipeline.evaluate(AbstractPipeline.java:234)
		at java.base/java.util.stream.ReferencePipeline.collect(ReferencePipeline.java:682)
		at net.datenwerke.rs.terminal.service.terminal.objresolver.ObjectResolverDeamon.doGetObjects(ObjectResolverDeamon.java:87)
		at net.datenwerke.rs.terminal.service.terminal.objresolver.ObjectResolverDeamon.lambda$7(ObjectResolverDeamon.java:94)
		at net.datenwerke.rs.utils.exception.shared.LambdaExceptionUtil.lambda$3(LambdaExceptionUtil.java:104)
		at java.base/java.util.stream.ReferencePipeline$3$1.accept(ReferencePipeline.java:197)
		at java.base/java.util.Collections$2.tryAdvance(Collections.java:4853)
		at java.base/java.util.Collections$2.forEachRemaining(Collections.java:4861)
		at java.base/java.util.stream.AbstractPipeline.copyInto(AbstractPipeline.java:509)
		at java.base/java.util.stream.AbstractPipeline.wrapAndCopyInto(AbstractPipeline.java:499)
		at java.base/java.util.stream.ReduceOps$ReduceOp.evaluateSequential(ReduceOps.java:921)
		at java.base/java.util.stream.AbstractPipeline.evaluate(AbstractPipeline.java:234)
		at java.base/java.util.stream.ReferencePipeline.collect(ReferencePipeline.java:682)
		at net.datenwerke.rs.terminal.service.terminal.objresolver.ObjectResolverDeamon.getObjects(ObjectResolverDeamon.java:96)
		at net.datenwerke.rs.terminal.service.terminal.objresolver.ObjectResolverDeamon.getObjects(ObjectResolverDeamon.java:111)
		at net.datenwerke.rs.terminal.service.terminal.objresolver.ObjectResolverDeamon.getObjects(ObjectResolverDeamon.java:106)
		at org.codehaus.groovy.vmplugin.v8.IndyInterface.fromCache(IndyInterface.java:321)
		at net.datenwerke.rs.terminal.service.terminal.TerminalServiceImpl.getObjectsByQuery(TerminalServiceImpl.groovy:107)
		at org.codehaus.groovy.vmplugin.v8.IndyInterface.fromCache(IndyInterface.java:321)
		at net.datenwerke.rs.terminal.service.terminal.TerminalServiceImpl.getObjectByQuery(TerminalServiceImpl.groovy:117)
		at net.datenwerke.rs.fileserver.service.fileserver.FileServerServiceImpl.getNodeByPath(FileServerServiceImpl.java:78)
		at net.datenwerke.rs.fileserver.server.fileserver.IndexRedirectServlet.doGet(IndexRedirectServlet.java:53)
		at javax.servlet.http.HttpServlet.service(HttpServlet.java:529)
		at javax.servlet.http.HttpServlet.service(HttpServlet.java:623)
		at com.google.inject.servlet.ServletDefinition.doServiceImpl(ServletDefinition.java:290)
		at com.google.inject.servlet.ServletDefinition.doService(ServletDefinition.java:280)
		at com.google.inject.servlet.ServletDefinition.service(ServletDefinition.java:184)
		at com.google.inject.servlet.ManagedServletPipeline.service(ManagedServletPipeline.java:89)
		at com.google.inject.persist.PersistFilter.doFilter(PersistFilter.java:94)
		at com.google.inject.servlet.ManagedFilterPipeline.dispatch(ManagedFilterPipeline.java:121)
		at com.google.inject.servlet.GuiceFilter.doFilter(GuiceFilter.java:133)
		at org.apache.catalina.core.ApplicationFilterChain.internalDoFilter(ApplicationFilterChain.java:168)
		at org.apache.catalina.core.ApplicationFilterChain.doFilter(ApplicationFilterChain.java:144)
		at org.apache.catalina.core.StandardWrapperValve.invoke(StandardWrapperValve.java:168)
		at org.apache.catalina.core.StandardContextValve.invoke(StandardContextValve.java:90)
		at org.apache.catalina.authenticator.AuthenticatorBase.invoke(AuthenticatorBase.java:482)
		at org.apache.catalina.core.StandardHostValve.invoke(StandardHostValve.java:130)
		at org.apache.catalina.valves.ErrorReportValve.invoke(ErrorReportValve.java:93)
		at org.apache.catalina.valves.AbstractAccessLogValve.invoke(AbstractAccessLogValve.java:660)
		at org.apache.catalina.core.StandardEngineValve.invoke(StandardEngineValve.java:74)
		at org.apache.catalina.connector.CoyoteAdapter.service(CoyoteAdapter.java:346)
		at org.apache.coyote.http11.Http11Processor.service(Http11Processor.java:396)
		at org.apache.coyote.AbstractProcessorLight.process(AbstractProcessorLight.java:63)
		at org.apache.coyote.AbstractProtocol$ConnectionHandler.process(AbstractProtocol.java:937)
		at org.apache.tomcat.util.net.NioEndpoint$SocketProcessor.doRun(NioEndpoint.java:1791)
		at org.apache.tomcat.util.net.SocketProcessorBase.run(SocketProcessorBase.java:52)
		at org.apache.tomcat.util.threads.ThreadPoolExecutor.runWorker(ThreadPoolExecutor.java:1190)
		at org.apache.tomcat.util.threads.ThreadPoolExecutor$Worker.run(ThreadPoolExecutor.java:659)
		at org.apache.tomcat.util.threads.TaskThread$WrappingRunnable.run(TaskThread.java:63)
		at java.base/java.lang.Thread.run(Thread.java:833)
	Caused by: org.hibernate.exception.JDBCConnectionException: could not extract ResultSet
		at org.hibernate.exception.internal.SQLStateConversionDelegate.convert(SQLStateConversionDelegate.java:112)
		at org.hibernate.exception.internal.StandardSQLExceptionConverter.convert(StandardSQLExceptionConverter.java:37)
		at org.hibernate.engine.jdbc.spi.SqlExceptionHelper.convert(SqlExceptionHelper.java:113)
		at org.hibernate.engine.jdbc.spi.SqlExceptionHelper.convert(SqlExceptionHelper.java:99)
		at org.hibernate.engine.jdbc.internal.ResultSetReturnImpl.extract(ResultSetReturnImpl.java:67)
		at org.hibernate.loader.Loader.getResultSet(Loader.java:2322)
		at org.hibernate.loader.Loader.executeQueryStatement(Loader.java:2075)
		at org.hibernate.loader.Loader.executeQueryStatement(Loader.java:2037)
		at org.hibernate.loader.Loader.doQuery(Loader.java:956)
		at org.hibernate.loader.Loader.doQueryAndInitializeNonLazyCollections(Loader.java:357)
		at org.hibernate.loader.Loader.doList(Loader.java:2868)
		at org.hibernate.loader.Loader.doList(Loader.java:2850)
		at org.hibernate.loader.Loader.listIgnoreQueryCache(Loader.java:2682)
		at org.hibernate.loader.Loader.list(Loader.java:2677)
		at org.hibernate.loader.hql.QueryLoader.list(QueryLoader.java:540)
		at org.hibernate.hql.internal.ast.QueryTranslatorImpl.list(QueryTranslatorImpl.java:400)
		at org.hibernate.engine.query.spi.HQLQueryPlan.performList(HQLQueryPlan.java:218)
		at org.hibernate.internal.SessionImpl.list(SessionImpl.java:1459)
		at org.hibernate.query.internal.AbstractProducedQuery.doList(AbstractProducedQuery.java:1649)
		at org.hibernate.query.internal.AbstractProducedQuery.list(AbstractProducedQuery.java:1617)
		... 67 more
	Caused by: com.microsoft.sqlserver.jdbc.SQLServerException: Socket closed
		at com.microsoft.sqlserver.jdbc.SQLServerConnection.terminate(SQLServerConnection.java:4271)
		at com.microsoft.sqlserver.jdbc.TDSChannel.read(IOBuffer.java:2177)
		at com.microsoft.sqlserver.jdbc.TDSReader.readPacket(IOBuffer.java:6895)
		at com.microsoft.sqlserver.jdbc.TDSCommand.startResponse(IOBuffer.java:8145)
		at com.microsoft.sqlserver.jdbc.SQLServerPreparedStatement.doExecutePreparedStatement(SQLServerPreparedStatement.java:673)
		at com.microsoft.sqlserver.jdbc.SQLServerPreparedStatement$PrepStmtExecCmd.doExecute(SQLServerPreparedStatement.java:594)
		at com.microsoft.sqlserver.jdbc.TDSCommand.execute(IOBuffer.java:7745)
		at com.microsoft.sqlserver.jdbc.SQLServerConnection.executeCommand(SQLServerConnection.java:4391)
		at com.microsoft.sqlserver.jdbc.SQLServerStatement.executeCommand(SQLServerStatement.java:276)
		at com.microsoft.sqlserver.jdbc.SQLServerStatement.executeStatement(SQLServerStatement.java:246)
		at com.microsoft.sqlserver.jdbc.SQLServerPreparedStatement.executeQuery(SQLServerPreparedStatement.java:509)
		at com.mchange.v2.c3p0.impl.NewProxyPreparedStatement.executeQuery(NewProxyPreparedStatement.java:1471)
		at org.hibernate.engine.jdbc.internal.ResultSetReturnImpl.extract(ResultSetReturnImpl.java:57)
		... 82 more
	Caused by: java.net.SocketException: Socket closed
		at java.base/sun.nio.ch.NioSocketImpl.endRead(NioSocketImpl.java:253)
		at java.base/sun.nio.ch.NioSocketImpl.implRead(NioSocketImpl.java:332)
		at java.base/sun.nio.ch.NioSocketImpl.read(NioSocketImpl.java:355)
		at java.base/sun.nio.ch.NioSocketImpl$1.read(NioSocketImpl.java:808)
		at java.base/java.net.Socket$SocketInputStream.read(Socket.java:966)
		at com.microsoft.sqlserver.jdbc.TDSChannel$ProxyInputStream.readInternal(IOBuffer.java:1206)
		at com.microsoft.sqlserver.jdbc.TDSChannel$ProxyInputStream.read(IOBuffer.java:1192)
		at com.microsoft.sqlserver.jdbc.TDSChannel.read(IOBuffer.java:2166)
		... 93 more
02-Dec-2024 11:54:52.121 GRAVE [http-nio-8081-exec-5] org.apache.catalina.core.StandardWrapperValve.invoke Servlet.service() para servlet [default] lanzó excepción
	javax.persistence.PersistenceException: org.hibernate.exception.JDBCConnectionException: could not extract ResultSet
		at org.hibernate.internal.ExceptionConverterImpl.convert(ExceptionConverterImpl.java:154)
		at org.hibernate.query.internal.AbstractProducedQuery.list(AbstractProducedQuery.java:1626)
		at org.hibernate.query.Query.getResultList(Query.java:165)
		at org.hibernate.query.criteria.internal.compile.CriteriaQueryTypeQueryAdapter.getResultList(CriteriaQueryTypeQueryAdapter.java:76)
		at net.datenwerke.rs.utils.simplequery.byatt.QueryByAttProcessor.process(QueryByAttProcessor.java:103)
		at net.datenwerke.rs.utils.simplequery.byatt.QueryByAttInterceptor.invoke(QueryByAttInterceptor.java:24)
		at net.datenwerke.rs.terminal.service.terminal.vfs.hooks.TreeBasedVirtualFileSystem.getNodeByLocation(TreeBasedVirtualFileSystem.java:113)
		at net.datenwerke.rs.terminal.service.terminal.vfs.hooks.TreeBasedVirtualFileSystem.getLocation(TreeBasedVirtualFileSystem.java:57)
		at net.datenwerke.rs.terminal.service.terminal.vfs.VirtualFileSystemDeamon.getLocation(VirtualFileSystemDeamon.java:144)
		at net.datenwerke.rs.terminal.service.terminal.vfs.VirtualFileSystemDeamon.getAbsoluteLocation(VirtualFileSystemDeamon.java:106)
		at net.datenwerke.rs.terminal.service.terminal.vfs.VirtualFileSystemDeamon.getLocation(VirtualFileSystemDeamon.java:82)
		at net.datenwerke.rs.terminal.service.terminal.vfs.hookers.VfsObjectResolver.getParentLocation(VfsObjectResolver.java:84)
		at net.datenwerke.rs.terminal.service.terminal.vfs.hookers.VfsObjectResolver.consumes(VfsObjectResolver.java:26)
		at net.datenwerke.rs.terminal.service.terminal.objresolver.ObjectResolverDeamon.lambda$0(ObjectResolverDeamon.java:70)
		at java.base/java.util.stream.ReferencePipeline$2$1.accept(ReferencePipeline.java:178)
		at java.base/java.util.ArrayList$ArrayListSpliterator.forEachRemaining(ArrayList.java:1625)
		at java.base/java.util.stream.AbstractPipeline.copyInto(AbstractPipeline.java:509)
		at java.base/java.util.stream.AbstractPipeline.wrapAndCopyInto(AbstractPipeline.java:499)
		at java.base/java.util.stream.ReduceOps$ReduceOp.evaluateSequential(ReduceOps.java:921)
		at java.base/java.util.stream.AbstractPipeline.evaluate(AbstractPipeline.java:234)
		at java.base/java.util.stream.ReferencePipeline.collect(ReferencePipeline.java:682)
		at net.datenwerke.rs.terminal.service.terminal.objresolver.ObjectResolverDeamon.doGetObjects(ObjectResolverDeamon.java:87)
		at net.datenwerke.rs.terminal.service.terminal.objresolver.ObjectResolverDeamon.lambda$7(ObjectResolverDeamon.java:94)
		at net.datenwerke.rs.utils.exception.shared.LambdaExceptionUtil.lambda$3(LambdaExceptionUtil.java:104)
		at java.base/java.util.stream.ReferencePipeline$3$1.accept(ReferencePipeline.java:197)
		at java.base/java.util.Collections$2.tryAdvance(Collections.java:4853)
		at java.base/java.util.Collections$2.forEachRemaining(Collections.java:4861)
		at java.base/java.util.stream.AbstractPipeline.copyInto(AbstractPipeline.java:509)
		at java.base/java.util.stream.AbstractPipeline.wrapAndCopyInto(AbstractPipeline.java:499)
		at java.base/java.util.stream.ReduceOps$ReduceOp.evaluateSequential(ReduceOps.java:921)
		at java.base/java.util.stream.AbstractPipeline.evaluate(AbstractPipeline.java:234)
		at java.base/java.util.stream.ReferencePipeline.collect(ReferencePipeline.java:682)
		at net.datenwerke.rs.terminal.service.terminal.objresolver.ObjectResolverDeamon.getObjects(ObjectResolverDeamon.java:96)
		at net.datenwerke.rs.terminal.service.terminal.objresolver.ObjectResolverDeamon.getObjects(ObjectResolverDeamon.java:111)
		at net.datenwerke.rs.terminal.service.terminal.objresolver.ObjectResolverDeamon.getObjects(ObjectResolverDeamon.java:106)
		at org.codehaus.groovy.vmplugin.v8.IndyInterface.fromCache(IndyInterface.java:321)
		at net.datenwerke.rs.terminal.service.terminal.TerminalServiceImpl.getObjectsByQuery(TerminalServiceImpl.groovy:107)
		at org.codehaus.groovy.vmplugin.v8.IndyInterface.fromCache(IndyInterface.java:321)
		at net.datenwerke.rs.terminal.service.terminal.TerminalServiceImpl.getObjectByQuery(TerminalServiceImpl.groovy:117)
		at net.datenwerke.rs.fileserver.service.fileserver.FileServerServiceImpl.getNodeByPath(FileServerServiceImpl.java:78)
		at net.datenwerke.rs.fileserver.server.fileserver.IndexRedirectServlet.doGet(IndexRedirectServlet.java:53)
		at javax.servlet.http.HttpServlet.service(HttpServlet.java:529)
		at javax.servlet.http.HttpServlet.service(HttpServlet.java:623)
		at com.google.inject.servlet.ServletDefinition.doServiceImpl(ServletDefinition.java:290)
		at com.google.inject.servlet.ServletDefinition.doService(ServletDefinition.java:280)
		at com.google.inject.servlet.ServletDefinition.service(ServletDefinition.java:184)
		at com.google.inject.servlet.ManagedServletPipeline.service(ManagedServletPipeline.java:89)
		at com.google.inject.persist.PersistFilter.doFilter(PersistFilter.java:94)
		at com.google.inject.servlet.ManagedFilterPipeline.dispatch(ManagedFilterPipeline.java:121)
		at com.google.inject.servlet.GuiceFilter.doFilter(GuiceFilter.java:133)
		at org.apache.catalina.core.ApplicationFilterChain.internalDoFilter(ApplicationFilterChain.java:168)
		at org.apache.catalina.core.ApplicationFilterChain.doFilter(ApplicationFilterChain.java:144)
		at org.apache.catalina.core.StandardWrapperValve.invoke(StandardWrapperValve.java:168)
		at org.apache.catalina.core.StandardContextValve.invoke(StandardContextValve.java:90)
		at org.apache.catalina.authenticator.AuthenticatorBase.invoke(AuthenticatorBase.java:482)
		at org.apache.catalina.core.StandardHostValve.invoke(StandardHostValve.java:130)
		at org.apache.catalina.valves.ErrorReportValve.invoke(ErrorReportValve.java:93)
		at org.apache.catalina.valves.AbstractAccessLogValve.invoke(AbstractAccessLogValve.java:660)
		at org.apache.catalina.core.StandardEngineValve.invoke(StandardEngineValve.java:74)
		at org.apache.catalina.connector.CoyoteAdapter.service(CoyoteAdapter.java:346)
		at org.apache.coyote.http11.Http11Processor.service(Http11Processor.java:396)
		at org.apache.coyote.AbstractProcessorLight.process(AbstractProcessorLight.java:63)
		at org.apache.coyote.AbstractProtocol$ConnectionHandler.process(AbstractProtocol.java:937)
		at org.apache.tomcat.util.net.NioEndpoint$SocketProcessor.doRun(NioEndpoint.java:1791)
		at org.apache.tomcat.util.net.SocketProcessorBase.run(SocketProcessorBase.java:52)
		at org.apache.tomcat.util.threads.ThreadPoolExecutor.runWorker(ThreadPoolExecutor.java:1190)
		at org.apache.tomcat.util.threads.ThreadPoolExecutor$Worker.run(ThreadPoolExecutor.java:659)
		at org.apache.tomcat.util.threads.TaskThread$WrappingRunnable.run(TaskThread.java:63)
		at java.base/java.lang.Thread.run(Thread.java:833)
	Caused by: org.hibernate.exception.JDBCConnectionException: could not extract ResultSet
		at org.hibernate.exception.internal.SQLStateConversionDelegate.convert(SQLStateConversionDelegate.java:112)
		at org.hibernate.exception.internal.StandardSQLExceptionConverter.convert(StandardSQLExceptionConverter.java:37)
		at org.hibernate.engine.jdbc.spi.SqlExceptionHelper.convert(SqlExceptionHelper.java:113)
		at org.hibernate.engine.jdbc.spi.SqlExceptionHelper.convert(SqlExceptionHelper.java:99)
		at org.hibernate.engine.jdbc.internal.ResultSetReturnImpl.extract(ResultSetReturnImpl.java:67)
		at org.hibernate.loader.Loader.getResultSet(Loader.java:2322)
		at org.hibernate.loader.Loader.executeQueryStatement(Loader.java:2075)
		at org.hibernate.loader.Loader.executeQueryStatement(Loader.java:2037)
		at org.hibernate.loader.Loader.doQuery(Loader.java:956)
		at org.hibernate.loader.Loader.doQueryAndInitializeNonLazyCollections(Loader.java:357)
		at org.hibernate.loader.Loader.doList(Loader.java:2868)
		at org.hibernate.loader.Loader.doList(Loader.java:2850)
		at org.hibernate.loader.Loader.listIgnoreQueryCache(Loader.java:2682)
		at org.hibernate.loader.Loader.list(Loader.java:2677)
		at org.hibernate.loader.hql.QueryLoader.list(QueryLoader.java:540)
		at org.hibernate.hql.internal.ast.QueryTranslatorImpl.list(QueryTranslatorImpl.java:400)
		at org.hibernate.engine.query.spi.HQLQueryPlan.performList(HQLQueryPlan.java:218)
		at org.hibernate.internal.SessionImpl.list(SessionImpl.java:1459)
		at org.hibernate.query.internal.AbstractProducedQuery.doList(AbstractProducedQuery.java:1649)
		at org.hibernate.query.internal.AbstractProducedQuery.list(AbstractProducedQuery.java:1617)
		... 67 more
	Caused by: com.microsoft.sqlserver.jdbc.SQLServerException: Socket closed
		at com.microsoft.sqlserver.jdbc.SQLServerConnection.terminate(SQLServerConnection.java:4271)
		at com.microsoft.sqlserver.jdbc.TDSChannel.read(IOBuffer.java:2177)
		at com.microsoft.sqlserver.jdbc.TDSReader.readPacket(IOBuffer.java:6895)
		at com.microsoft.sqlserver.jdbc.TDSCommand.startResponse(IOBuffer.java:8145)
		at com.microsoft.sqlserver.jdbc.SQLServerPreparedStatement.doExecutePreparedStatement(SQLServerPreparedStatement.java:673)
		at com.microsoft.sqlserver.jdbc.SQLServerPreparedStatement$PrepStmtExecCmd.doExecute(SQLServerPreparedStatement.java:594)
		at com.microsoft.sqlserver.jdbc.TDSCommand.execute(IOBuffer.java:7745)
		at com.microsoft.sqlserver.jdbc.SQLServerConnection.executeCommand(SQLServerConnection.java:4391)
		at com.microsoft.sqlserver.jdbc.SQLServerStatement.executeCommand(SQLServerStatement.java:276)
		at com.microsoft.sqlserver.jdbc.SQLServerStatement.executeStatement(SQLServerStatement.java:246)
		at com.microsoft.sqlserver.jdbc.SQLServerPreparedStatement.executeQuery(SQLServerPreparedStatement.java:509)
		at com.mchange.v2.c3p0.impl.NewProxyPreparedStatement.executeQuery(NewProxyPreparedStatement.java:1471)
		at org.hibernate.engine.jdbc.internal.ResultSetReturnImpl.extract(ResultSetReturnImpl.java:57)
		... 82 more
	Caused by: java.net.SocketException: Socket closed
		at java.base/sun.nio.ch.NioSocketImpl.endRead(NioSocketImpl.java:253)
		at java.base/sun.nio.ch.NioSocketImpl.implRead(NioSocketImpl.java:332)
		at java.base/sun.nio.ch.NioSocketImpl.read(NioSocketImpl.java:355)
		at java.base/sun.nio.ch.NioSocketImpl$1.read(NioSocketImpl.java:808)
		at java.base/java.net.Socket$SocketInputStream.read(Socket.java:966)
		at com.microsoft.sqlserver.jdbc.TDSChannel$ProxyInputStream.readInternal(IOBuffer.java:1206)
		at com.microsoft.sqlserver.jdbc.TDSChannel$ProxyInputStream.read(IOBuffer.java:1192)
		at com.microsoft.sqlserver.jdbc.TDSChannel.read(IOBuffer.java:2166)
		... 93 more
02-Dec-2024 11:54:52.124 GRAVE [http-nio-8081-exec-3] org.apache.catalina.core.StandardWrapperValve.invoke Servlet.service() para servlet [default] lanzó excepción
	javax.persistence.PersistenceException: org.hibernate.exception.JDBCConnectionException: could not extract ResultSet
		at org.hibernate.internal.ExceptionConverterImpl.convert(ExceptionConverterImpl.java:154)
		at org.hibernate.query.internal.AbstractProducedQuery.list(AbstractProducedQuery.java:1626)
		at org.hibernate.query.Query.getResultList(Query.java:165)
		at org.hibernate.query.criteria.internal.compile.CriteriaQueryTypeQueryAdapter.getResultList(CriteriaQueryTypeQueryAdapter.java:76)
		at net.datenwerke.rs.utils.simplequery.byatt.QueryByAttProcessor.process(QueryByAttProcessor.java:103)
		at net.datenwerke.rs.utils.simplequery.byatt.QueryByAttInterceptor.invoke(QueryByAttInterceptor.java:24)
		at net.datenwerke.rs.terminal.service.terminal.vfs.hooks.TreeBasedVirtualFileSystem.getNodeByLocation(TreeBasedVirtualFileSystem.java:113)
		at net.datenwerke.rs.terminal.service.terminal.vfs.hooks.TreeBasedVirtualFileSystem.getLocation(TreeBasedVirtualFileSystem.java:57)
		at net.datenwerke.rs.terminal.service.terminal.vfs.VirtualFileSystemDeamon.getLocation(VirtualFileSystemDeamon.java:144)
		at net.datenwerke.rs.terminal.service.terminal.vfs.VirtualFileSystemDeamon.getAbsoluteLocation(VirtualFileSystemDeamon.java:106)
		at net.datenwerke.rs.terminal.service.terminal.vfs.VirtualFileSystemDeamon.getLocation(VirtualFileSystemDeamon.java:82)
		at net.datenwerke.rs.terminal.service.terminal.vfs.hookers.VfsObjectResolver.getParentLocation(VfsObjectResolver.java:84)
		at net.datenwerke.rs.terminal.service.terminal.vfs.hookers.VfsObjectResolver.consumes(VfsObjectResolver.java:26)
		at net.datenwerke.rs.terminal.service.terminal.objresolver.ObjectResolverDeamon.lambda$0(ObjectResolverDeamon.java:70)
		at java.base/java.util.stream.ReferencePipeline$2$1.accept(ReferencePipeline.java:178)
		at java.base/java.util.ArrayList$ArrayListSpliterator.forEachRemaining(ArrayList.java:1625)
		at java.base/java.util.stream.AbstractPipeline.copyInto(AbstractPipeline.java:509)
		at java.base/java.util.stream.AbstractPipeline.wrapAndCopyInto(AbstractPipeline.java:499)
		at java.base/java.util.stream.ReduceOps$ReduceOp.evaluateSequential(ReduceOps.java:921)
		at java.base/java.util.stream.AbstractPipeline.evaluate(AbstractPipeline.java:234)
		at java.base/java.util.stream.ReferencePipeline.collect(ReferencePipeline.java:682)
		at net.datenwerke.rs.terminal.service.terminal.objresolver.ObjectResolverDeamon.doGetObjects(ObjectResolverDeamon.java:87)
		at net.datenwerke.rs.terminal.service.terminal.objresolver.ObjectResolverDeamon.lambda$7(ObjectResolverDeamon.java:94)
		at net.datenwerke.rs.utils.exception.shared.LambdaExceptionUtil.lambda$3(LambdaExceptionUtil.java:104)
		at java.base/java.util.stream.ReferencePipeline$3$1.accept(ReferencePipeline.java:197)
		at java.base/java.util.Collections$2.tryAdvance(Collections.java:4853)
		at java.base/java.util.Collections$2.forEachRemaining(Collections.java:4861)
		at java.base/java.util.stream.AbstractPipeline.copyInto(AbstractPipeline.java:509)
		at java.base/java.util.stream.AbstractPipeline.wrapAndCopyInto(AbstractPipeline.java:499)
		at java.base/java.util.stream.ReduceOps$ReduceOp.evaluateSequential(ReduceOps.java:921)
		at java.base/java.util.stream.AbstractPipeline.evaluate(AbstractPipeline.java:234)
		at java.base/java.util.stream.ReferencePipeline.collect(ReferencePipeline.java:682)
		at net.datenwerke.rs.terminal.service.terminal.objresolver.ObjectResolverDeamon.getObjects(ObjectResolverDeamon.java:96)
		at net.datenwerke.rs.terminal.service.terminal.objresolver.ObjectResolverDeamon.getObjects(ObjectResolverDeamon.java:111)
		at net.datenwerke.rs.terminal.service.terminal.objresolver.ObjectResolverDeamon.getObjects(ObjectResolverDeamon.java:106)
		at org.codehaus.groovy.vmplugin.v8.IndyInterface.fromCache(IndyInterface.java:321)
		at net.datenwerke.rs.terminal.service.terminal.TerminalServiceImpl.getObjectsByQuery(TerminalServiceImpl.groovy:107)
		at org.codehaus.groovy.vmplugin.v8.IndyInterface.fromCache(IndyInterface.java:321)
		at net.datenwerke.rs.terminal.service.terminal.TerminalServiceImpl.getObjectByQuery(TerminalServiceImpl.groovy:117)
		at net.datenwerke.rs.fileserver.service.fileserver.FileServerServiceImpl.getNodeByPath(FileServerServiceImpl.java:78)
		at net.datenwerke.rs.fileserver.server.fileserver.IndexRedirectServlet.doGet(IndexRedirectServlet.java:53)
		at javax.servlet.http.HttpServlet.service(HttpServlet.java:529)
		at javax.servlet.http.HttpServlet.service(HttpServlet.java:623)
		at com.google.inject.servlet.ServletDefinition.doServiceImpl(ServletDefinition.java:290)
		at com.google.inject.servlet.ServletDefinition.doService(ServletDefinition.java:280)
		at com.google.inject.servlet.ServletDefinition.service(ServletDefinition.java:184)
		at com.google.inject.servlet.ManagedServletPipeline.service(ManagedServletPipeline.java:89)
		at com.google.inject.persist.PersistFilter.doFilter(PersistFilter.java:94)
		at com.google.inject.servlet.ManagedFilterPipeline.dispatch(ManagedFilterPipeline.java:121)
		at com.google.inject.servlet.GuiceFilter.doFilter(GuiceFilter.java:133)
		at org.apache.catalina.core.ApplicationFilterChain.internalDoFilter(ApplicationFilterChain.java:168)
		at org.apache.catalina.core.ApplicationFilterChain.doFilter(ApplicationFilterChain.java:144)
		at org.apache.catalina.core.StandardWrapperValve.invoke(StandardWrapperValve.java:168)
		at org.apache.catalina.core.StandardContextValve.invoke(StandardContextValve.java:90)
		at org.apache.catalina.authenticator.AuthenticatorBase.invoke(AuthenticatorBase.java:482)
		at org.apache.catalina.core.StandardHostValve.invoke(StandardHostValve.java:130)
		at org.apache.catalina.valves.ErrorReportValve.invoke(ErrorReportValve.java:93)
		at org.apache.catalina.valves.AbstractAccessLogValve.invoke(AbstractAccessLogValve.java:660)
		at org.apache.catalina.core.StandardEngineValve.invoke(StandardEngineValve.java:74)
		at org.apache.catalina.connector.CoyoteAdapter.service(CoyoteAdapter.java:346)
		at org.apache.coyote.http11.Http11Processor.service(Http11Processor.java:396)
		at org.apache.coyote.AbstractProcessorLight.process(AbstractProcessorLight.java:63)
		at org.apache.coyote.AbstractProtocol$ConnectionHandler.process(AbstractProtocol.java:937)
		at org.apache.tomcat.util.net.NioEndpoint$SocketProcessor.doRun(NioEndpoint.java:1791)
		at org.apache.tomcat.util.net.SocketProcessorBase.run(SocketProcessorBase.java:52)
		at org.apache.tomcat.util.threads.ThreadPoolExecutor.runWorker(ThreadPoolExecutor.java:1190)
		at org.apache.tomcat.util.threads.ThreadPoolExecutor$Worker.run(ThreadPoolExecutor.java:659)
		at org.apache.tomcat.util.threads.TaskThread$WrappingRunnable.run(TaskThread.java:63)
		at java.base/java.lang.Thread.run(Thread.java:833)
	Caused by: org.hibernate.exception.JDBCConnectionException: could not extract ResultSet
		at org.hibernate.exception.internal.SQLStateConversionDelegate.convert(SQLStateConversionDelegate.java:112)
		at org.hibernate.exception.internal.StandardSQLExceptionConverter.convert(StandardSQLExceptionConverter.java:37)
		at org.hibernate.engine.jdbc.spi.SqlExceptionHelper.convert(SqlExceptionHelper.java:113)
		at org.hibernate.engine.jdbc.spi.SqlExceptionHelper.convert(SqlExceptionHelper.java:99)
		at org.hibernate.engine.jdbc.internal.ResultSetReturnImpl.extract(ResultSetReturnImpl.java:67)
		at org.hibernate.loader.Loader.getResultSet(Loader.java:2322)
		at org.hibernate.loader.Loader.executeQueryStatement(Loader.java:2075)
		at org.hibernate.loader.Loader.executeQueryStatement(Loader.java:2037)
		at org.hibernate.loader.Loader.doQuery(Loader.java:956)
		at org.hibernate.loader.Loader.doQueryAndInitializeNonLazyCollections(Loader.java:357)
		at org.hibernate.loader.Loader.doList(Loader.java:2868)
		at org.hibernate.loader.Loader.doList(Loader.java:2850)
		at org.hibernate.loader.Loader.listIgnoreQueryCache(Loader.java:2682)
		at org.hibernate.loader.Loader.list(Loader.java:2677)
		at org.hibernate.loader.hql.QueryLoader.list(QueryLoader.java:540)
		at org.hibernate.hql.internal.ast.QueryTranslatorImpl.list(QueryTranslatorImpl.java:400)
		at org.hibernate.engine.query.spi.HQLQueryPlan.performList(HQLQueryPlan.java:218)
		at org.hibernate.internal.SessionImpl.list(SessionImpl.java:1459)
		at org.hibernate.query.internal.AbstractProducedQuery.doList(AbstractProducedQuery.java:1649)
		at org.hibernate.query.internal.AbstractProducedQuery.list(AbstractProducedQuery.java:1617)
		... 67 more
	Caused by: com.microsoft.sqlserver.jdbc.SQLServerException: Socket closed
		at com.microsoft.sqlserver.jdbc.SQLServerConnection.terminate(SQLServerConnection.java:4271)
		at com.microsoft.sqlserver.jdbc.TDSChannel.read(IOBuffer.java:2177)
		at com.microsoft.sqlserver.jdbc.TDSReader.readPacket(IOBuffer.java:6895)
		at com.microsoft.sqlserver.jdbc.TDSCommand.startResponse(IOBuffer.java:8145)
		at com.microsoft.sqlserver.jdbc.SQLServerPreparedStatement.doExecutePreparedStatement(SQLServerPreparedStatement.java:673)
		at com.microsoft.sqlserver.jdbc.SQLServerPreparedStatement$PrepStmtExecCmd.doExecute(SQLServerPreparedStatement.java:594)
		at com.microsoft.sqlserver.jdbc.TDSCommand.execute(IOBuffer.java:7745)
		at com.microsoft.sqlserver.jdbc.SQLServerConnection.executeCommand(SQLServerConnection.java:4391)
		at com.microsoft.sqlserver.jdbc.SQLServerStatement.executeCommand(SQLServerStatement.java:276)
		at com.microsoft.sqlserver.jdbc.SQLServerStatement.executeStatement(SQLServerStatement.java:246)
		at com.microsoft.sqlserver.jdbc.SQLServerPreparedStatement.executeQuery(SQLServerPreparedStatement.java:509)
		at com.mchange.v2.c3p0.impl.NewProxyPreparedStatement.executeQuery(NewProxyPreparedStatement.java:1471)
		at org.hibernate.engine.jdbc.internal.ResultSetReturnImpl.extract(ResultSetReturnImpl.java:57)
		... 82 more
	Caused by: java.net.SocketException: Socket closed
		at java.base/sun.nio.ch.NioSocketImpl.endRead(NioSocketImpl.java:253)
		at java.base/sun.nio.ch.NioSocketImpl.implRead(NioSocketImpl.java:332)
		at java.base/sun.nio.ch.NioSocketImpl.read(NioSocketImpl.java:355)
		at java.base/sun.nio.ch.NioSocketImpl$1.read(NioSocketImpl.java:808)
		at java.base/java.net.Socket$SocketInputStream.read(Socket.java:966)
		at com.microsoft.sqlserver.jdbc.TDSChannel$ProxyInputStream.readInternal(IOBuffer.java:1206)
		at com.microsoft.sqlserver.jdbc.TDSChannel$ProxyInputStream.read(IOBuffer.java:1192)
		at com.microsoft.sqlserver.jdbc.TDSChannel.read(IOBuffer.java:2166)
		... 93 more
02-Dec-2024 12:01:19.000 INFORMACIÓN [main] org.apache.catalina.core.ApplicationContext.log ContextListener: contextInitialized()
02-Dec-2024 12:01:19.001 INFORMACIÓN [main] org.apache.catalina.core.ApplicationContext.log SessionListener: contextInitialized()
02-Dec-2024 12:01:19.003 INFORMACIÓN [main] org.apache.catalina.core.ApplicationContext.log ContextListener: attributeAdded('StockTicker', 'async.Stockticker@3bdeb761')
02-Dec-2024 18:48:25.673 INFORMACIÓN [Thread-19] org.apache.catalina.core.ApplicationContext.log SessionListener: contextDestroyed()
02-Dec-2024 18:48:25.673 INFORMACIÓN [Thread-19] org.apache.catalina.core.ApplicationContext.log ContextListener: contextDestroyed()
02-Dec-2024 18:48:25.760 GRAVE [Thread-19] org.apache.catalina.core.ApplicationFilterConfig.release Failed to destroy the filter named [guiceFilter] of type [com.google.inject.servlet.GuiceFilter]
	net.datenwerke.gxtdto.client.servercommunication.exceptions.ServerCallFailedException: org.hibernate.exception.GenericJDBCException: Unable to acquire JDBC Connection
		at net.datenwerke.gf.service.gwtstacktrace.CatchStacktraceInterceptor.invoke(CatchStacktraceInterceptor.java:62)
		at com.google.inject.servlet.ServletDefinition.destroy(ServletDefinition.java:159)
		at com.google.inject.servlet.ManagedServletPipeline.destroy(ManagedServletPipeline.java:101)
		at com.google.inject.servlet.ManagedFilterPipeline.destroyPipeline(ManagedFilterPipeline.java:162)
		at com.google.inject.servlet.GuiceFilter.destroy(GuiceFilter.java:241)
		at org.apache.catalina.core.ApplicationFilterConfig.release(ApplicationFilterConfig.java:274)
		at org.apache.catalina.core.StandardContext.filterStop(StandardContext.java:3900)
		at org.apache.catalina.core.StandardContext.stopInternal(StandardContext.java:4678)
		at org.apache.catalina.util.LifecycleBase.stop(LifecycleBase.java:235)
		at org.apache.catalina.core.ContainerBase$StopChild.call(ContainerBase.java:1219)
		at org.apache.catalina.core.ContainerBase$StopChild.call(ContainerBase.java:1208)
		at java.base/java.util.concurrent.FutureTask.run(FutureTask.java:264)
		at org.apache.tomcat.util.threads.InlineExecutorService.execute(InlineExecutorService.java:75)
		at java.base/java.util.concurrent.AbstractExecutorService.submit(AbstractExecutorService.java:145)
		at org.apache.catalina.core.ContainerBase.stopInternal(ContainerBase.java:814)
		at org.apache.catalina.util.LifecycleBase.stop(LifecycleBase.java:235)
		at org.apache.catalina.core.ContainerBase$StopChild.call(ContainerBase.java:1219)
		at org.apache.catalina.core.ContainerBase$StopChild.call(ContainerBase.java:1208)
		at java.base/java.util.concurrent.FutureTask.run(FutureTask.java:264)
		at org.apache.tomcat.util.threads.InlineExecutorService.execute(InlineExecutorService.java:75)
		at java.base/java.util.concurrent.AbstractExecutorService.submit(AbstractExecutorService.java:145)
		at org.apache.catalina.core.ContainerBase.stopInternal(ContainerBase.java:814)
		at org.apache.catalina.util.LifecycleBase.stop(LifecycleBase.java:235)
		at org.apache.catalina.core.StandardService.stopInternal(StandardService.java:471)
		at org.apache.catalina.util.LifecycleBase.stop(LifecycleBase.java:235)
		at org.apache.catalina.core.StandardServer.stopInternal(StandardServer.java:919)
		at org.apache.catalina.util.LifecycleBase.stop(LifecycleBase.java:235)
		at org.apache.catalina.startup.Catalina.stop(Catalina.java:810)
		at org.apache.catalina.startup.Catalina$CatalinaShutdownHook.run(Catalina.java:955)
	Caused by: javax.persistence.PersistenceException: org.hibernate.exception.GenericJDBCException: Unable to acquire JDBC Connection
		at org.hibernate.internal.ExceptionConverterImpl.convert(ExceptionConverterImpl.java:154)
		at org.hibernate.query.internal.AbstractProducedQuery.list(AbstractProducedQuery.java:1626)
		at org.hibernate.query.internal.AbstractProducedQuery.getSingleResult(AbstractProducedQuery.java:1665)
		at org.hibernate.query.criteria.internal.compile.CriteriaQueryTypeQueryAdapter.getSingleResult(CriteriaQueryTypeQueryAdapter.java:111)
		at net.datenwerke.rs.utils.simplequery.byatt.QueryByAttProcessor.process(QueryByAttProcessor.java:120)
		at net.datenwerke.rs.utils.simplequery.byatt.QueryByAttInterceptor.invoke(QueryByAttInterceptor.java:24)
		at net.datenwerke.gf.service.properties.PropertiesServiceImpl.containsKey(PropertiesServiceImpl.java:82)
		at net.datenwerke.rsenterprise.license.service.EnterpriseLicenseServiceImpl.hasValidLicense(EnterpriseLicenseServiceImpl.java:307)
		at net.datenwerke.rsenterprise.license.service.EnterpriseLicenseServiceImpl.doIsEnterprise(EnterpriseLicenseServiceImpl.java:99)
		at net.datenwerke.rsenterprise.license.service.EnterpriseLicenseServiceImpl.isEnterprise(EnterpriseLicenseServiceImpl.java:89)
		at net.datenwerke.rsenterprise.license.service.EnterpriseCheckInterceptor.invoke(EnterpriseCheckInterceptor.java:22)
		at net.datenwerke.security.service.security.aop.SecurityCheckInterceptor.invoke(SecurityCheckInterceptor.java:112)
		at net.datenwerke.gf.service.gwtstacktrace.CatchStacktraceInterceptor.invoke(CatchStacktraceInterceptor.java:38)
		... 28 more
	Caused by: org.hibernate.exception.GenericJDBCException: Unable to acquire JDBC Connection
		at org.hibernate.exception.internal.StandardSQLExceptionConverter.convert(StandardSQLExceptionConverter.java:42)
		at org.hibernate.engine.jdbc.spi.SqlExceptionHelper.convert(SqlExceptionHelper.java:113)
		at org.hibernate.engine.jdbc.spi.SqlExceptionHelper.convert(SqlExceptionHelper.java:99)
		at org.hibernate.resource.jdbc.internal.LogicalConnectionManagedImpl.acquireConnectionIfNeeded(LogicalConnectionManagedImpl.java:111)
		at org.hibernate.resource.jdbc.internal.LogicalConnectionManagedImpl.getPhysicalConnection(LogicalConnectionManagedImpl.java:138)
		at org.hibernate.engine.jdbc.internal.StatementPreparerImpl.connection(StatementPreparerImpl.java:50)
		at org.hibernate.engine.jdbc.internal.StatementPreparerImpl$5.doPrepare(StatementPreparerImpl.java:149)
		at org.hibernate.engine.jdbc.internal.StatementPreparerImpl$StatementPreparationTemplate.prepareStatement(StatementPreparerImpl.java:176)
		at org.hibernate.engine.jdbc.internal.StatementPreparerImpl.prepareQueryStatement(StatementPreparerImpl.java:151)
		at org.hibernate.loader.Loader.prepareQueryStatement(Loader.java:2122)
		at org.hibernate.loader.Loader.executeQueryStatement(Loader.java:2059)
		at org.hibernate.loader.Loader.executeQueryStatement(Loader.java:2037)
		at org.hibernate.loader.Loader.doQuery(Loader.java:956)
		at org.hibernate.loader.Loader.doQueryAndInitializeNonLazyCollections(Loader.java:357)
		at org.hibernate.loader.Loader.doList(Loader.java:2868)
		at org.hibernate.loader.Loader.doList(Loader.java:2850)
		at org.hibernate.loader.Loader.listIgnoreQueryCache(Loader.java:2682)
		at org.hibernate.loader.Loader.list(Loader.java:2677)
		at org.hibernate.loader.hql.QueryLoader.list(QueryLoader.java:540)
		at org.hibernate.hql.internal.ast.QueryTranslatorImpl.list(QueryTranslatorImpl.java:400)
		at org.hibernate.engine.query.spi.HQLQueryPlan.performList(HQLQueryPlan.java:218)
		at org.hibernate.internal.SessionImpl.list(SessionImpl.java:1459)
		at org.hibernate.query.internal.AbstractProducedQuery.doList(AbstractProducedQuery.java:1649)
		at org.hibernate.query.internal.AbstractProducedQuery.list(AbstractProducedQuery.java:1617)
		... 39 more
	Caused by: com.microsoft.sqlserver.jdbc.SQLServerException: La conexión se ha perdido y no es posible recuperarla. El controlador cliente intentó recuperar la conexión una o más veces sin conseguirlo. Aumente el valor de ConnectRetryCount para aumentar el número de intentos de recuperación.
		at com.microsoft.sqlserver.jdbc.ReconnectThread.run(IdleConnectionResiliency.java:529)
	Caused by: com.microsoft.sqlserver.jdbc.SQLServerException: No se pudo realizar la conexión TCP/IP al host localhost, puerto 1433. Error: "Connection refused. Verifique las propiedades de conexión, compruebe que hay una instancia de SQL Server ejecutándose en el host y aceptando las conexiones TCP/IP en el puerto y compruebe que no hay ningún firewall bloqueando las conexiones TCP en el puerto.".
		at com.microsoft.sqlserver.jdbc.SQLServerException.makeFromDriverError(SQLServerException.java:242)
		at com.microsoft.sqlserver.jdbc.SQLServerException.convertConnectExceptionToSQLServerException(SQLServerException.java:308)
		at com.microsoft.sqlserver.jdbc.SocketFinder.findSocket(IOBuffer.java:2593)
		at com.microsoft.sqlserver.jdbc.TDSChannel.open(IOBuffer.java:721)
		at com.microsoft.sqlserver.jdbc.SQLServerConnection.connectHelper(SQLServerConnection.java:3768)
		at com.microsoft.sqlserver.jdbc.SQLServerConnection.login(SQLServerConnection.java:3385)
		at com.microsoft.sqlserver.jdbc.SQLServerConnection.connectInternal(SQLServerConnection.java:3198)
		at com.microsoft.sqlserver.jdbc.SQLServerConnection.connect(SQLServerConnection.java:1971)
		at com.microsoft.sqlserver.jdbc.ReconnectThread.run(IdleConnectionResiliency.java:465)
02-Dec-2024 18:48:25.870 INFORMACIÓN [Thread-2] org.apache.catalina.core.ApplicationContext.log SessionListener: contextDestroyed()
02-Dec-2024 18:48:25.870 INFORMACIÓN [Thread-2] org.apache.catalina.core.ApplicationContext.log ContextListener: contextDestroyed()
02-Dec-2024 18:48:26.433 GRAVE [Thread-2] org.apache.catalina.core.ApplicationFilterConfig.release Failed to destroy the filter named [guiceFilter] of type [com.google.inject.servlet.GuiceFilter]
	net.datenwerke.gxtdto.client.servercommunication.exceptions.ServerCallFailedException: org.hibernate.exception.GenericJDBCException: Unable to acquire JDBC Connection
		at net.datenwerke.gf.service.gwtstacktrace.CatchStacktraceInterceptor.invoke(CatchStacktraceInterceptor.java:62)
		at com.google.inject.servlet.ServletDefinition.destroy(ServletDefinition.java:159)
		at com.google.inject.servlet.ManagedServletPipeline.destroy(ManagedServletPipeline.java:101)
		at com.google.inject.servlet.ManagedFilterPipeline.destroyPipeline(ManagedFilterPipeline.java:162)
		at com.google.inject.servlet.GuiceFilter.destroy(GuiceFilter.java:241)
		at org.apache.catalina.core.ApplicationFilterConfig.release(ApplicationFilterConfig.java:274)
		at org.apache.catalina.core.StandardContext.filterStop(StandardContext.java:3900)
		at org.apache.catalina.core.StandardContext.stopInternal(StandardContext.java:4678)
		at org.apache.catalina.util.LifecycleBase.stop(LifecycleBase.java:235)
		at org.apache.catalina.core.ContainerBase$StopChild.call(ContainerBase.java:1219)
		at org.apache.catalina.core.ContainerBase$StopChild.call(ContainerBase.java:1208)
		at java.base/java.util.concurrent.FutureTask.run(FutureTask.java:264)
		at org.apache.tomcat.util.threads.InlineExecutorService.execute(InlineExecutorService.java:75)
		at java.base/java.util.concurrent.AbstractExecutorService.submit(AbstractExecutorService.java:145)
		at org.apache.catalina.core.ContainerBase.stopInternal(ContainerBase.java:814)
		at org.apache.catalina.util.LifecycleBase.stop(LifecycleBase.java:235)
		at org.apache.catalina.core.ContainerBase$StopChild.call(ContainerBase.java:1219)
		at org.apache.catalina.core.ContainerBase$StopChild.call(ContainerBase.java:1208)
		at java.base/java.util.concurrent.FutureTask.run(FutureTask.java:264)
		at org.apache.tomcat.util.threads.InlineExecutorService.execute(InlineExecutorService.java:75)
		at java.base/java.util.concurrent.AbstractExecutorService.submit(AbstractExecutorService.java:145)
		at org.apache.catalina.core.ContainerBase.stopInternal(ContainerBase.java:814)
		at org.apache.catalina.util.LifecycleBase.stop(LifecycleBase.java:235)
		at org.apache.catalina.core.StandardService.stopInternal(StandardService.java:471)
		at org.apache.catalina.util.LifecycleBase.stop(LifecycleBase.java:235)
		at org.apache.catalina.core.StandardServer.stopInternal(StandardServer.java:919)
		at org.apache.catalina.util.LifecycleBase.stop(LifecycleBase.java:235)
		at org.apache.catalina.startup.Catalina.stop(Catalina.java:810)
		at org.apache.catalina.startup.Catalina$CatalinaShutdownHook.run(Catalina.java:955)
	Caused by: javax.persistence.PersistenceException: org.hibernate.exception.GenericJDBCException: Unable to acquire JDBC Connection
		at org.hibernate.internal.ExceptionConverterImpl.convert(ExceptionConverterImpl.java:154)
		at org.hibernate.query.internal.AbstractProducedQuery.list(AbstractProducedQuery.java:1626)
		at org.hibernate.query.internal.AbstractProducedQuery.getSingleResult(AbstractProducedQuery.java:1665)
		at org.hibernate.query.criteria.internal.compile.CriteriaQueryTypeQueryAdapter.getSingleResult(CriteriaQueryTypeQueryAdapter.java:111)
		at net.datenwerke.rs.utils.simplequery.byatt.QueryByAttProcessor.process(QueryByAttProcessor.java:120)
		at net.datenwerke.rs.utils.simplequery.byatt.QueryByAttInterceptor.invoke(QueryByAttInterceptor.java:24)
		at net.datenwerke.gf.service.properties.PropertiesServiceImpl.containsKey(PropertiesServiceImpl.java:82)
		at net.datenwerke.rsenterprise.license.service.EnterpriseLicenseServiceImpl.hasValidLicense(EnterpriseLicenseServiceImpl.java:307)
		at net.datenwerke.rsenterprise.license.service.EnterpriseLicenseServiceImpl.doIsEnterprise(EnterpriseLicenseServiceImpl.java:99)
		at net.datenwerke.rsenterprise.license.service.EnterpriseLicenseServiceImpl.isEnterprise(EnterpriseLicenseServiceImpl.java:89)
		at net.datenwerke.rsenterprise.license.service.EnterpriseCheckInterceptor.invoke(EnterpriseCheckInterceptor.java:22)
		at net.datenwerke.security.service.security.aop.SecurityCheckInterceptor.invoke(SecurityCheckInterceptor.java:112)
		at net.datenwerke.gf.service.gwtstacktrace.CatchStacktraceInterceptor.invoke(CatchStacktraceInterceptor.java:38)
		... 28 more
	Caused by: org.hibernate.exception.GenericJDBCException: Unable to acquire JDBC Connection
		at org.hibernate.exception.internal.StandardSQLExceptionConverter.convert(StandardSQLExceptionConverter.java:42)
		at org.hibernate.engine.jdbc.spi.SqlExceptionHelper.convert(SqlExceptionHelper.java:113)
		at org.hibernate.engine.jdbc.spi.SqlExceptionHelper.convert(SqlExceptionHelper.java:99)
		at org.hibernate.resource.jdbc.internal.LogicalConnectionManagedImpl.acquireConnectionIfNeeded(LogicalConnectionManagedImpl.java:111)
		at org.hibernate.resource.jdbc.internal.LogicalConnectionManagedImpl.getPhysicalConnection(LogicalConnectionManagedImpl.java:138)
		at org.hibernate.engine.jdbc.internal.StatementPreparerImpl.connection(StatementPreparerImpl.java:50)
		at org.hibernate.engine.jdbc.internal.StatementPreparerImpl$5.doPrepare(StatementPreparerImpl.java:149)
		at org.hibernate.engine.jdbc.internal.StatementPreparerImpl$StatementPreparationTemplate.prepareStatement(StatementPreparerImpl.java:176)
		at org.hibernate.engine.jdbc.internal.StatementPreparerImpl.prepareQueryStatement(StatementPreparerImpl.java:151)
		at org.hibernate.loader.Loader.prepareQueryStatement(Loader.java:2122)
		at org.hibernate.loader.Loader.executeQueryStatement(Loader.java:2059)
		at org.hibernate.loader.Loader.executeQueryStatement(Loader.java:2037)
		at org.hibernate.loader.Loader.doQuery(Loader.java:956)
		at org.hibernate.loader.Loader.doQueryAndInitializeNonLazyCollections(Loader.java:357)
		at org.hibernate.loader.Loader.doList(Loader.java:2868)
		at org.hibernate.loader.Loader.doList(Loader.java:2850)
		at org.hibernate.loader.Loader.listIgnoreQueryCache(Loader.java:2682)
		at org.hibernate.loader.Loader.list(Loader.java:2677)
		at org.hibernate.loader.hql.QueryLoader.list(QueryLoader.java:540)
		at org.hibernate.hql.internal.ast.QueryTranslatorImpl.list(QueryTranslatorImpl.java:400)
		at org.hibernate.engine.query.spi.HQLQueryPlan.performList(HQLQueryPlan.java:218)
		at org.hibernate.internal.SessionImpl.list(SessionImpl.java:1459)
		at org.hibernate.query.internal.AbstractProducedQuery.doList(AbstractProducedQuery.java:1649)
		at org.hibernate.query.internal.AbstractProducedQuery.list(AbstractProducedQuery.java:1617)
		... 39 more
	Caused by: com.microsoft.sqlserver.jdbc.SQLServerException: La conexión se ha perdido y no es posible recuperarla. El controlador cliente intentó recuperar la conexión una o más veces sin conseguirlo. Aumente el valor de ConnectRetryCount para aumentar el número de intentos de recuperación.
		at com.microsoft.sqlserver.jdbc.ReconnectThread.run(IdleConnectionResiliency.java:529)
	Caused by: com.microsoft.sqlserver.jdbc.SQLServerException: No se pudo realizar la conexión TCP/IP al host localhost, puerto 1433. Error: "Connection refused. Verifique las propiedades de conexión, compruebe que hay una instancia de SQL Server ejecutándose en el host y aceptando las conexiones TCP/IP en el puerto y compruebe que no hay ningún firewall bloqueando las conexiones TCP en el puerto.".
		at com.microsoft.sqlserver.jdbc.SQLServerException.makeFromDriverError(SQLServerException.java:242)
		at com.microsoft.sqlserver.jdbc.SQLServerException.convertConnectExceptionToSQLServerException(SQLServerException.java:308)
		at com.microsoft.sqlserver.jdbc.SocketFinder.findSocket(IOBuffer.java:2593)
		at com.microsoft.sqlserver.jdbc.TDSChannel.open(IOBuffer.java:721)
		at com.microsoft.sqlserver.jdbc.SQLServerConnection.connectHelper(SQLServerConnection.java:3768)
		at com.microsoft.sqlserver.jdbc.SQLServerConnection.login(SQLServerConnection.java:3385)
		at com.microsoft.sqlserver.jdbc.SQLServerConnection.connectInternal(SQLServerConnection.java:3198)
		at com.microsoft.sqlserver.jdbc.SQLServerConnection.connect(SQLServerConnection.java:1971)
		at com.microsoft.sqlserver.jdbc.ReconnectThread.run(IdleConnectionResiliency.java:465)
